vehicle_id,slot,soc_pct,energy_kwh,on_trip,timestamp,plan
EV-001,0,15.5,17.763,False,2026-10-02 18:00,baseline
EV-002,0,48.2,29.32,False,2026-10-02 18:00,baseline
EV-004,0,24.8,28.123,False,2026-10-02 18:00,baseline
EV-005,0,43.0,49.897,False,2026-10-02 18:00,baseline
EV-006,0,28.9,11.005,False,2026-10-02 18:00,baseline
EV-007,0,33.3,12.254,False,2026-10-02 18:00,baseline
EV-008,0,43.1,16.378,False,2026-10-02 18:00,baseline
EV-009,0,38.4,13.716,False,2026-10-02 18:00,baseline
EV-010,0,13.1,5.072,False,2026-10-02 18:00,baseline
EV-011,0,57.4,37.568,False,2026-10-02 18:00,baseline
EV-012,0,37.4,24.478,False,2026-10-02 18:00,baseline
EV-013,0,28.1,17.624,False,2026-10-02 18:00,baseline
EV-014,0,21.2,14.514,False,2026-10-02 18:00,baseline
EV-015,0,37.4,14.197,False,2026-10-02 18:00,baseline
EV-016,0,29.6,20.14,False,2026-10-02 18:00,baseline
EV-017,0,35.2,22.644,False,2026-10-02 18:00,baseline
EV-018,0,28.7,18.423,False,2026-10-02 18:00,baseline
EV-019,0,20.0,6.904,False,2026-10-02 18:00,baseline
EV-020,0,46.1,18.348,False,2026-10-02 18:00,baseline
EV-021,0,47.6,16.451,False,2026-10-02 18:00,baseline
EV-022,0,13.3,4.985,False,2026-10-02 18:00,baseline
EV-023,0,59.0,37.789,False,2026-10-02 18:00,baseline
EV-025,0,25.4,8.799,False,2026-10-02 18:00,baseline
EV-026,0,12.9,4.845,False,2026-10-02 18:00,baseline
EV-027,0,78.7,47.488,False,2026-10-02 18:00,baseline
EV-028,0,22.8,14.699,False,2026-10-02 18:00,baseline
EV-029,0,37.4,22.332,False,2026-10-02 18:00,baseline
EV-030,0,34.2,20.732,False,2026-10-02 18:00,baseline
EV-001,1,15.5,17.763,False,2026-10-02 18:15,baseline
EV-002,1,48.2,29.32,False,2026-10-02 18:15,baseline
EV-004,1,24.8,28.123,False,2026-10-02 18:15,baseline
EV-005,1,45.2,52.427,False,2026-10-02 18:15,baseline
EV-006,1,33.4,12.707,False,2026-10-02 18:15,baseline
EV-007,1,37.9,13.956,False,2026-10-02 18:15,baseline
EV-008,1,43.1,16.378,False,2026-10-02 18:15,baseline
EV-009,1,43.2,15.418,False,2026-10-02 18:15,baseline
EV-010,1,13.1,5.072,False,2026-10-02 18:15,baseline
EV-011,1,61.3,40.098,False,2026-10-02 18:15,baseline
EV-012,1,41.3,27.008,False,2026-10-02 18:15,baseline
EV-013,1,37.7,23.616,False,2026-10-02 18:15,baseline
EV-014,1,30.0,20.506,False,2026-10-02 18:15,baseline
EV-015,1,37.4,14.197,False,2026-10-02 18:15,baseline
EV-016,1,29.6,20.14,False,2026-10-02 18:15,baseline
EV-017,1,35.2,22.644,False,2026-10-02 18:15,baseline
EV-018,1,28.7,18.423,False,2026-10-02 18:15,baseline
EV-019,1,20.0,6.904,False,2026-10-02 18:15,baseline
EV-020,1,46.1,18.348,False,2026-10-02 18:15,baseline
EV-021,1,47.6,16.451,False,2026-10-02 18:15,baseline
EV-022,1,13.3,4.985,False,2026-10-02 18:15,baseline
EV-023,1,59.0,37.789,False,2026-10-02 18:15,baseline
EV-025,1,25.4,8.799,False,2026-10-02 18:15,baseline
EV-026,1,12.9,4.845,False,2026-10-02 18:15,baseline
EV-027,1,78.7,47.488,False,2026-10-02 18:15,baseline
EV-028,1,22.8,14.699,False,2026-10-02 18:15,baseline
EV-029,1,37.4,22.332,False,2026-10-02 18:15,baseline
EV-030,1,34.2,20.732,False,2026-10-02 18:15,baseline
EV-001,2,15.5,17.763,False,2026-10-02 18:30,baseline
EV-002,2,48.2,29.32,False,2026-10-02 18:30,baseline
EV-004,2,24.8,28.123,False,2026-10-02 18:30,baseline
EV-005,2,47.4,54.957,False,2026-10-02 18:30,baseline
EV-006,2,37.8,14.409,False,2026-10-02 18:30,baseline
EV-007,2,42.5,15.658,False,2026-10-02 18:30,baseline
EV-008,2,43.1,16.378,False,2026-10-02 18:30,baseline
EV-009,2,47.9,17.12,False,2026-10-02 18:30,baseline
EV-010,2,13.1,5.072,False,2026-10-02 18:30,baseline
EV-011,2,65.1,42.628,False,2026-10-02 18:30,baseline
EV-012,2,45.1,29.538,False,2026-10-02 18:30,baseline
EV-013,2,47.2,29.609,False,2026-10-02 18:30,baseline
EV-014,2,38.7,26.499,False,2026-10-02 18:30,baseline
EV-015,2,37.4,14.197,False,2026-10-02 18:30,baseline
EV-016,2,29.6,20.14,False,2026-10-02 18:30,baseline
EV-017,2,35.2,22.644,False,2026-10-02 18:30,baseline
EV-018,2,28.7,18.423,False,2026-10-02 18:30,baseline
EV-019,2,20.0,6.904,False,2026-10-02 18:30,baseline
EV-020,2,46.1,18.348,False,2026-10-02 18:30,baseline
EV-021,2,47.6,16.451,False,2026-10-02 18:30,baseline
EV-022,2,13.3,4.985,False,2026-10-02 18:30,baseline
EV-023,2,59.0,37.789,False,2026-10-02 18:30,baseline
EV-025,2,25.4,8.799,False,2026-10-02 18:30,baseline
EV-026,2,12.9,4.845,False,2026-10-02 18:30,baseline
EV-027,2,78.7,47.488,False,2026-10-02 18:30,baseline
EV-028,2,22.8,14.699,False,2026-10-02 18:30,baseline
EV-029,2,37.4,22.332,False,2026-10-02 18:30,baseline
EV-030,2,34.2,20.732,False,2026-10-02 18:30,baseline
EV-001,3,15.5,17.763,False,2026-10-02 18:45,baseline
EV-002,3,48.2,29.32,False,2026-10-02 18:45,baseline
EV-004,3,24.8,28.123,False,2026-10-02 18:45,baseline
EV-005,3,49.5,57.487,False,2026-10-02 18:45,baseline
EV-006,3,42.3,16.111,False,2026-10-02 18:45,baseline
EV-007,3,47.2,17.36,False,2026-10-02 18:45,baseline
EV-008,3,43.1,16.378,False,2026-10-02 18:45,baseline
EV-009,3,52.7,18.822,False,2026-10-02 18:45,baseline
EV-010,3,13.1,5.072,False,2026-10-02 18:45,baseline
EV-011,3,69.0,45.158,False,2026-10-02 18:45,baseline
EV-012,3,49.0,32.068,False,2026-10-02 18:45,baseline
EV-013,3,56.8,35.602,False,2026-10-02 18:45,baseline
EV-014,3,47.5,32.492,False,2026-10-02 18:45,baseline
EV-015,3,37.4,14.197,False,2026-10-02 18:45,baseline
EV-016,3,29.6,20.14,False,2026-10-02 18:45,baseline
EV-017,3,35.2,22.644,False,2026-10-02 18:45,baseline
EV-018,3,28.7,18.423,False,2026-10-02 18:45,baseline
EV-019,3,20.0,6.904,False,2026-10-02 18:45,baseline
EV-020,3,46.1,18.348,False,2026-10-02 18:45,baseline
EV-021,3,47.6,16.451,False,2026-10-02 18:45,baseline
EV-022,3,13.3,4.985,False,2026-10-02 18:45,baseline
EV-023,3,59.0,37.789,False,2026-10-02 18:45,baseline
EV-025,3,25.4,8.799,False,2026-10-02 18:45,baseline
EV-026,3,12.9,4.845,False,2026-10-02 18:45,baseline
EV-027,3,78.7,47.488,False,2026-10-02 18:45,baseline
EV-028,3,22.8,14.699,False,2026-10-02 18:45,baseline
EV-029,3,37.4,22.332,False,2026-10-02 18:45,baseline
EV-030,3,34.2,20.732,False,2026-10-02 18:45,baseline
EV-001,4,15.5,17.763,False,2026-10-02 19:00,baseline
EV-002,4,48.2,29.32,False,2026-10-02 19:00,baseline
EV-004,4,24.8,28.123,False,2026-10-02 19:00,baseline
EV-005,4,51.7,60.017,True,2026-10-02 19:00,baseline
EV-006,4,46.8,17.813,False,2026-10-02 19:00,baseline
EV-007,4,51.8,19.062,False,2026-10-02 19:00,baseline
EV-008,4,43.1,16.378,False,2026-10-02 19:00,baseline
EV-009,4,57.5,20.524,False,2026-10-02 19:00,baseline
EV-010,4,13.1,5.072,False,2026-10-02 19:00,baseline
EV-011,4,72.9,47.688,False,2026-10-02 19:00,baseline
EV-012,4,52.9,34.598,False,2026-10-02 19:00,baseline
EV-013,4,66.3,41.594,False,2026-10-02 19:00,baseline
EV-014,4,56.2,38.484,False,2026-10-02 19:00,baseline
EV-015,4,37.4,14.197,False,2026-10-02 19:00,baseline
EV-016,4,29.6,20.14,False,2026-10-02 19:00,baseline
EV-017,4,35.2,22.644,False,2026-10-02 19:00,baseline
EV-018,4,28.7,18.423,False,2026-10-02 19:00,baseline
EV-019,4,20.0,6.904,False,2026-10-02 19:00,baseline
EV-020,4,46.1,18.348,False,2026-10-02 19:00,baseline
EV-021,4,47.6,16.451,False,2026-10-02 19:00,baseline
EV-022,4,13.3,4.985,False,2026-10-02 19:00,baseline
EV-023,4,59.0,37.789,False,2026-10-02 19:00,baseline
EV-025,4,25.4,8.799,False,2026-10-02 19:00,baseline
EV-026,4,12.9,4.845,False,2026-10-02 19:00,baseline
EV-027,4,78.7,47.488,False,2026-10-02 19:00,baseline
EV-028,4,22.8,14.699,False,2026-10-02 19:00,baseline
EV-029,4,37.4,22.332,False,2026-10-02 19:00,baseline
EV-030,4,34.2,20.732,False,2026-10-02 19:00,baseline
EV-001,5,15.5,17.763,False,2026-10-02 19:15,baseline
EV-002,5,48.2,29.32,False,2026-10-02 19:15,baseline
EV-004,5,24.8,28.123,False,2026-10-02 19:15,baseline
EV-005,5,51.7,60.017,True,2026-10-02 19:15,baseline
EV-006,5,51.2,19.515,False,2026-10-02 19:15,baseline
EV-007,5,56.4,20.764,False,2026-10-02 19:15,baseline
EV-008,5,43.1,16.378,False,2026-10-02 19:15,baseline
EV-009,5,62.2,22.226,False,2026-10-02 19:15,baseline
EV-010,5,13.1,5.072,False,2026-10-02 19:15,baseline
EV-011,5,76.7,50.218,False,2026-10-02 19:15,baseline
EV-012,5,56.7,37.128,False,2026-10-02 19:15,baseline
EV-013,5,70.4,44.124,False,2026-10-02 19:15,baseline
EV-014,5,65.0,44.477,False,2026-10-02 19:15,baseline
EV-015,5,53.2,20.189,False,2026-10-02 19:15,baseline
EV-016,5,29.6,20.14,False,2026-10-02 19:15,baseline
EV-017,5,35.2,22.644,False,2026-10-02 19:15,baseline
EV-018,5,28.7,18.423,False,2026-10-02 19:15,baseline
EV-019,5,20.0,6.904,False,2026-10-02 19:15,baseline
EV-020,5,46.1,18.348,False,2026-10-02 19:15,baseline
EV-021,5,47.6,16.451,False,2026-10-02 19:15,baseline
EV-022,5,13.3,4.985,False,2026-10-02 19:15,baseline
EV-023,5,59.0,37.789,False,2026-10-02 19:15,baseline
EV-025,5,25.4,8.799,False,2026-10-02 19:15,baseline
EV-026,5,12.9,4.845,False,2026-10-02 19:15,baseline
EV-027,5,78.7,47.488,False,2026-10-02 19:15,baseline
EV-028,5,22.8,14.699,False,2026-10-02 19:15,baseline
EV-029,5,37.4,22.332,False,2026-10-02 19:15,baseline
EV-030,5,34.2,20.732,False,2026-10-02 19:15,baseline
EV-001,6,15.5,17.763,True,2026-10-02 19:30,baseline
EV-002,6,48.2,29.32,False,2026-10-02 19:30,baseline
EV-004,6,24.8,28.123,False,2026-10-02 19:30,baseline
EV-005,6,51.7,60.017,True,2026-10-02 19:30,baseline
EV-006,6,55.7,21.217,False,2026-10-02 19:30,baseline
EV-007,6,61.0,22.466,False,2026-10-02 19:30,baseline
EV-008,6,43.1,16.378,False,2026-10-02 19:30,baseline
EV-009,6,67.0,23.928,False,2026-10-02 19:30,baseline
EV-010,6,13.1,5.072,False,2026-10-02 19:30,baseline
EV-011,6,80.6,52.748,False,2026-10-02 19:30,baseline
EV-012,6,60.6,39.658,False,2026-10-02 19:30,baseline
EV-013,6,74.4,46.654,False,2026-10-02 19:30,baseline
EV-014,6,73.7,50.469,False,2026-10-02 19:30,baseline
EV-015,6,69.0,26.182,False,2026-10-02 19:30,baseline
EV-016,6,29.6,20.14,False,2026-10-02 19:30,baseline
EV-017,6,35.2,22.644,False,2026-10-02 19:30,baseline
EV-018,6,28.7,18.423,False,2026-10-02 19:30,baseline
EV-019,6,20.0,6.904,False,2026-10-02 19:30,baseline
EV-020,6,46.1,18.348,False,2026-10-02 19:30,baseline
EV-021,6,47.6,16.451,False,2026-10-02 19:30,baseline
EV-022,6,13.3,4.985,False,2026-10-02 19:30,baseline
EV-023,6,59.0,37.789,False,2026-10-02 19:30,baseline
EV-025,6,25.4,8.799,False,2026-10-02 19:30,baseline
EV-026,6,12.9,4.845,False,2026-10-02 19:30,baseline
EV-027,6,78.7,47.488,False,2026-10-02 19:30,baseline
EV-028,6,22.8,14.699,False,2026-10-02 19:30,baseline
EV-029,6,37.4,22.332,False,2026-10-02 19:30,baseline
EV-030,6,34.2,20.732,False,2026-10-02 19:30,baseline
EV-001,7,15.5,17.763,True,2026-10-02 19:45,baseline
EV-002,7,48.2,29.32,False,2026-10-02 19:45,baseline
EV-004,7,24.8,28.123,False,2026-10-02 19:45,baseline
EV-005,7,51.7,60.017,True,2026-10-02 19:45,baseline
EV-006,7,60.2,22.919,False,2026-10-02 19:45,baseline
EV-007,7,65.7,24.168,False,2026-10-02 19:45,baseline
EV-008,7,47.6,18.08,False,2026-10-02 19:45,baseline
EV-009,7,71.8,25.63,False,2026-10-02 19:45,baseline
EV-010,7,13.1,5.072,False,2026-10-02 19:45,baseline
EV-011,7,84.5,55.278,False,2026-10-02 19:45,baseline
EV-012,7,64.5,42.188,False,2026-10-02 19:45,baseline
EV-013,7,83.9,52.647,False,2026-10-02 19:45,baseline
EV-014,7,82.5,56.462,False,2026-10-02 19:45,baseline
EV-015,7,69.0,26.182,False,2026-10-02 19:45,baseline
EV-016,7,29.6,20.14,False,2026-10-02 19:45,baseline
EV-017,7,35.2,22.644,False,2026-10-02 19:45,baseline
EV-018,7,28.7,18.423,False,2026-10-02 19:45,baseline
EV-019,7,20.0,6.904,False,2026-10-02 19:45,baseline
EV-020,7,46.1,18.348,False,2026-10-02 19:45,baseline
EV-021,7,47.6,16.451,False,2026-10-02 19:45,baseline
EV-022,7,13.3,4.985,False,2026-10-02 19:45,baseline
EV-023,7,59.0,37.789,False,2026-10-02 19:45,baseline
EV-025,7,25.4,8.799,False,2026-10-02 19:45,baseline
EV-026,7,12.9,4.845,False,2026-10-02 19:45,baseline
EV-027,7,78.7,47.488,False,2026-10-02 19:45,baseline
EV-028,7,22.8,14.699,False,2026-10-02 19:45,baseline
EV-029,7,37.4,22.332,False,2026-10-02 19:45,baseline
EV-030,7,34.2,20.732,False,2026-10-02 19:45,baseline
EV-001,8,15.5,17.763,True,2026-10-02 20:00,baseline
EV-002,8,48.2,29.32,False,2026-10-02 20:00,baseline
EV-004,8,24.8,28.123,False,2026-10-02 20:00,baseline
EV-005,8,51.7,60.017,True,2026-10-02 20:00,baseline
EV-006,8,64.7,24.621,False,2026-10-02 20:00,baseline
EV-007,8,70.3,25.87,False,2026-10-02 20:00,baseline
EV-008,8,52.1,19.782,False,2026-10-02 20:00,baseline
EV-009,8,76.5,27.332,False,2026-10-02 20:00,baseline
EV-010,8,13.1,5.072,False,2026-10-02 20:00,baseline
EV-011,8,88.3,57.808,False,2026-10-02 20:00,baseline
EV-012,8,68.3,44.718,False,2026-10-02 20:00,baseline
EV-013,8,90.0,56.448,False,2026-10-02 20:00,baseline
EV-014,8,90.0,61.614,False,2026-10-02 20:00,baseline
EV-015,8,69.0,26.182,False,2026-10-02 20:00,baseline
EV-016,8,29.6,20.14,False,2026-10-02 20:00,baseline
EV-017,8,35.2,22.644,False,2026-10-02 20:00,baseline
EV-018,8,28.7,18.423,False,2026-10-02 20:00,baseline
EV-019,8,20.0,6.904,False,2026-10-02 20:00,baseline
EV-020,8,46.1,18.348,False,2026-10-02 20:00,baseline
EV-021,8,47.6,16.451,False,2026-10-02 20:00,baseline
EV-022,8,13.3,4.985,False,2026-10-02 20:00,baseline
EV-023,8,59.0,37.789,False,2026-10-02 20:00,baseline
EV-025,8,25.4,8.799,False,2026-10-02 20:00,baseline
EV-026,8,12.9,4.845,False,2026-10-02 20:00,baseline
EV-027,8,78.7,47.488,False,2026-10-02 20:00,baseline
EV-028,8,22.8,14.699,False,2026-10-02 20:00,baseline
EV-029,8,37.4,22.332,False,2026-10-02 20:00,baseline
EV-030,8,34.2,20.732,False,2026-10-02 20:00,baseline
EV-001,9,15.5,17.763,True,2026-10-02 20:15,baseline
EV-002,9,48.2,29.32,False,2026-10-02 20:15,baseline
EV-004,9,27.0,30.653,False,2026-10-02 20:15,baseline
EV-005,9,51.7,60.017,True,2026-10-02 20:15,baseline
EV-006,9,69.1,26.323,False,2026-10-02 20:15,baseline
EV-007,9,74.9,27.572,False,2026-10-02 20:15,baseline
EV-008,9,56.5,21.484,False,2026-10-02 20:15,baseline
EV-009,9,81.3,29.034,False,2026-10-02 20:15,baseline
EV-010,9,13.1,5.072,False,2026-10-02 20:15,baseline
EV-011,9,90.0,58.905,False,2026-10-02 20:15,baseline
EV-012,9,77.5,50.711,False,2026-10-02 20:15,baseline
EV-013,9,90.0,56.448,False,2026-10-02 20:15,baseline
EV-014,9,90.0,61.614,False,2026-10-02 20:15,baseline
EV-015,9,84.8,32.174,False,2026-10-02 20:15,baseline
EV-016,9,29.6,20.14,False,2026-10-02 20:15,baseline
EV-017,9,35.2,22.644,False,2026-10-02 20:15,baseline
EV-018,9,28.7,18.423,False,2026-10-02 20:15,baseline
EV-019,9,20.0,6.904,False,2026-10-02 20:15,baseline
EV-020,9,46.1,18.348,False,2026-10-02 20:15,baseline
EV-021,9,47.6,16.451,False,2026-10-02 20:15,baseline
EV-022,9,13.3,4.985,False,2026-10-02 20:15,baseline
EV-023,9,59.0,37.789,False,2026-10-02 20:15,baseline
EV-025,9,25.4,8.799,False,2026-10-02 20:15,baseline
EV-026,9,12.9,4.845,False,2026-10-02 20:15,baseline
EV-027,9,78.7,47.488,False,2026-10-02 20:15,baseline
EV-028,9,22.8,14.699,False,2026-10-02 20:15,baseline
EV-029,9,37.4,22.332,False,2026-10-02 20:15,baseline
EV-030,9,34.2,20.732,False,2026-10-02 20:15,baseline
EV-001,10,15.5,17.763,True,2026-10-02 20:30,baseline
EV-002,10,48.2,29.32,False,2026-10-02 20:30,baseline
EV-004,10,29.3,33.183,False,2026-10-02 20:30,baseline
EV-005,10,51.7,60.017,True,2026-10-02 20:30,baseline
EV-006,10,73.6,28.025,False,2026-10-02 20:30,baseline
EV-007,10,79.5,29.274,False,2026-10-02 20:30,baseline
EV-008,10,61.0,23.186,False,2026-10-02 20:30,baseline
EV-009,10,86.0,30.736,False,2026-10-02 20:30,baseline
EV-010,10,13.1,5.072,False,2026-10-02 20:30,baseline
EV-011,10,90.0,58.905,False,2026-10-02 20:30,baseline
EV-012,10,81.3,53.241,False,2026-10-02 20:30,baseline
EV-013,10,90.0,56.448,False,2026-10-02 20:30,baseline
EV-014,10,90.0,61.614,False,2026-10-02 20:30,baseline
EV-015,10,90.0,34.164,False,2026-10-02 20:30,baseline
EV-016,10,38.4,26.133,False,2026-10-02 20:30,baseline
EV-017,10,35.2,22.644,False,2026-10-02 20:30,baseline
EV-018,10,28.7,18.423,False,2026-10-02 20:30,baseline
EV-019,10,20.0,6.904,False,2026-10-02 20:30,baseline
EV-020,10,46.1,18.348,False,2026-10-02 20:30,baseline
EV-021,10,47.6,16.451,False,2026-10-02 20:30,baseline
EV-022,10,13.3,4.985,False,2026-10-02 20:30,baseline
EV-023,10,59.0,37.789,False,2026-10-02 20:30,baseline
EV-025,10,25.4,8.799,False,2026-10-02 20:30,baseline
EV-026,10,12.9,4.845,False,2026-10-02 20:30,baseline
EV-027,10,78.7,47.488,False,2026-10-02 20:30,baseline
EV-028,10,22.8,14.699,False,2026-10-02 20:30,baseline
EV-029,10,37.4,22.332,False,2026-10-02 20:30,baseline
EV-030,10,34.2,20.732,False,2026-10-02 20:30,baseline
EV-001,11,15.5,17.763,True,2026-10-02 20:45,baseline
EV-002,11,52.4,31.85,False,2026-10-02 20:45,baseline
EV-004,11,31.5,35.713,True,2026-10-02 20:45,baseline
EV-005,11,51.7,60.017,True,2026-10-02 20:45,baseline
EV-006,11,78.1,29.727,False,2026-10-02 20:45,baseline
EV-007,11,84.2,30.976,False,2026-10-02 20:45,baseline
EV-008,11,65.5,24.888,False,2026-10-02 20:45,baseline
EV-009,11,90.0,32.148,False,2026-10-02 20:45,baseline
EV-010,11,28.6,11.064,False,2026-10-02 20:45,baseline
EV-011,11,90.0,58.905,False,2026-10-02 20:45,baseline
EV-012,11,90.0,58.905,False,2026-10-02 20:45,baseline
EV-013,11,90.0,56.448,False,2026-10-02 20:45,baseline
EV-014,11,90.0,61.614,False,2026-10-02 20:45,baseline
EV-015,11,90.0,34.164,False,2026-10-02 20:45,baseline
EV-016,11,38.4,26.133,False,2026-10-02 20:45,baseline
EV-017,11,35.2,22.644,False,2026-10-02 20:45,baseline
EV-018,11,28.7,18.423,False,2026-10-02 20:45,baseline
EV-019,11,20.0,6.904,False,2026-10-02 20:45,baseline
EV-020,11,46.1,18.348,False,2026-10-02 20:45,baseline
EV-021,11,47.6,16.451,False,2026-10-02 20:45,baseline
EV-022,11,13.3,4.985,False,2026-10-02 20:45,baseline
EV-023,11,59.0,37.789,False,2026-10-02 20:45,baseline
EV-025,11,25.4,8.799,False,2026-10-02 20:45,baseline
EV-026,11,12.9,4.845,False,2026-10-02 20:45,baseline
EV-027,11,78.7,47.488,False,2026-10-02 20:45,baseline
EV-028,11,22.8,14.699,False,2026-10-02 20:45,baseline
EV-029,11,37.4,22.332,False,2026-10-02 20:45,baseline
EV-030,11,34.2,20.732,False,2026-10-02 20:45,baseline
EV-001,12,15.5,17.763,True,2026-10-02 21:00,baseline
EV-002,12,56.5,34.38,False,2026-10-02 21:00,baseline
EV-004,12,31.5,35.713,True,2026-10-02 21:00,baseline
EV-005,12,23.7,27.52,False,2026-10-02 21:00,baseline
EV-006,12,82.5,31.429,False,2026-10-02 21:00,baseline
EV-007,12,88.8,32.678,False,2026-10-02 21:00,baseline
EV-008,12,70.0,26.59,False,2026-10-02 21:00,baseline
EV-009,12,90.0,32.148,False,2026-10-02 21:00,baseline
EV-010,12,33.0,12.766,False,2026-10-02 21:00,baseline
EV-011,12,90.0,58.905,False,2026-10-02 21:00,baseline
EV-012,12,90.0,58.905,False,2026-10-02 21:00,baseline
EV-013,12,90.0,56.448,False,2026-10-02 21:00,baseline
EV-014,12,90.0,61.614,False,2026-10-02 21:00,baseline
EV-015,12,90.0,34.164,False,2026-10-02 21:00,baseline
EV-016,12,42.1,28.663,False,2026-10-02 21:00,baseline
EV-017,12,44.5,28.636,False,2026-10-02 21:00,baseline
EV-018,12,38.0,24.415,False,2026-10-02 21:00,baseline
EV-019,12,20.0,6.904,False,2026-10-02 21:00,baseline
EV-020,12,46.1,18.348,False,2026-10-02 21:00,baseline
EV-021,12,47.6,16.451,False,2026-10-02 21:00,baseline
EV-022,12,13.3,4.985,False,2026-10-02 21:00,baseline
EV-023,12,59.0,37.789,False,2026-10-02 21:00,baseline
EV-025,12,25.4,8.799,False,2026-10-02 21:00,baseline
EV-026,12,12.9,4.845,False,2026-10-02 21:00,baseline
EV-027,12,78.7,47.488,False,2026-10-02 21:00,baseline
EV-028,12,22.8,14.699,False,2026-10-02 21:00,baseline
EV-029,12,37.4,22.332,False,2026-10-02 21:00,baseline
EV-030,12,34.2,20.732,False,2026-10-02 21:00,baseline
EV-001,13,15.5,17.763,True,2026-10-02 21:15,baseline
EV-002,13,60.7,36.91,False,2026-10-02 21:15,baseline
EV-004,13,31.5,35.713,True,2026-10-02 21:15,baseline
EV-005,13,25.9,30.05,False,2026-10-02 21:15,baseline
EV-006,13,87.0,33.131,False,2026-10-02 21:15,baseline
EV-007,13,90.0,33.12,False,2026-10-02 21:15,baseline
EV-008,13,74.5,28.292,False,2026-10-02 21:15,baseline
EV-009,13,90.0,32.148,False,2026-10-02 21:15,baseline
EV-010,13,37.4,14.468,False,2026-10-02 21:15,baseline
EV-011,13,90.0,58.905,False,2026-10-02 21:15,baseline
EV-012,13,90.0,58.905,False,2026-10-02 21:15,baseline
EV-013,13,90.0,56.448,False,2026-10-02 21:15,baseline
EV-014,13,90.0,61.614,False,2026-10-02 21:15,baseline
EV-015,13,90.0,34.164,False,2026-10-02 21:15,baseline
EV-016,13,50.9,34.655,False,2026-10-02 21:15,baseline
EV-017,13,53.8,34.629,False,2026-10-02 21:15,baseline
EV-018,13,38.0,24.415,False,2026-10-02 21:15,baseline
EV-019,13,20.0,6.904,False,2026-10-02 21:15,baseline
EV-020,13,46.1,18.348,False,2026-10-02 21:15,baseline
EV-021,13,47.6,16.451,False,2026-10-02 21:15,baseline
EV-022,13,13.3,4.985,False,2026-10-02 21:15,baseline
EV-023,13,59.0,37.789,False,2026-10-02 21:15,baseline
EV-025,13,25.4,8.799,False,2026-10-02 21:15,baseline
EV-026,13,12.9,4.845,False,2026-10-02 21:15,baseline
EV-027,13,78.7,47.488,False,2026-10-02 21:15,baseline
EV-028,13,22.8,14.699,False,2026-10-02 21:15,baseline
EV-029,13,37.4,22.332,False,2026-10-02 21:15,baseline
EV-030,13,34.2,20.732,False,2026-10-02 21:15,baseline
EV-001,14,0.0,0.0,False,2026-10-02 21:30,baseline
EV-002,14,64.8,39.44,False,2026-10-02 21:30,baseline
EV-004,14,31.5,35.713,True,2026-10-02 21:30,baseline
EV-005,14,28.1,32.58,False,2026-10-02 21:30,baseline
EV-006,14,90.0,34.272,False,2026-10-02 21:30,baseline
EV-007,14,90.0,33.12,False,2026-10-02 21:30,baseline
EV-008,14,78.9,29.994,False,2026-10-02 21:30,baseline
EV-009,14,90.0,32.148,False,2026-10-02 21:30,baseline
EV-010,14,41.8,16.171,False,2026-10-02 21:30,baseline
EV-011,14,90.0,58.905,False,2026-10-02 21:30,baseline
EV-012,14,90.0,58.905,False,2026-10-02 21:30,baseline
EV-013,14,90.0,56.448,False,2026-10-02 21:30,baseline
EV-014,14,90.0,61.614,False,2026-10-02 21:30,baseline
EV-015,14,90.0,34.164,False,2026-10-02 21:30,baseline
EV-016,14,54.7,37.185,False,2026-10-02 21:30,baseline
EV-017,14,63.1,40.621,False,2026-10-02 21:30,baseline
EV-018,14,47.4,30.408,False,2026-10-02 21:30,baseline
EV-019,14,20.0,6.904,False,2026-10-02 21:30,baseline
EV-020,14,46.1,18.348,False,2026-10-02 21:30,baseline
EV-021,14,47.6,16.451,False,2026-10-02 21:30,baseline
EV-022,14,13.3,4.985,False,2026-10-02 21:30,baseline
EV-023,14,59.0,37.789,False,2026-10-02 21:30,baseline
EV-025,14,25.4,8.799,False,2026-10-02 21:30,baseline
EV-026,14,12.9,4.845,False,2026-10-02 21:30,baseline
EV-027,14,78.7,47.488,False,2026-10-02 21:30,baseline
EV-028,14,22.8,14.699,False,2026-10-02 21:30,baseline
EV-029,14,37.4,22.332,False,2026-10-02 21:30,baseline
EV-030,14,34.2,20.732,False,2026-10-02 21:30,baseline
EV-001,15,2.2,2.53,False,2026-10-02 21:45,baseline
EV-002,15,69.0,41.97,False,2026-10-02 21:45,baseline
EV-004,15,31.5,35.713,True,2026-10-02 21:45,baseline
EV-005,15,30.3,35.11,False,2026-10-02 21:45,baseline
EV-006,15,90.0,34.272,False,2026-10-02 21:45,baseline
EV-007,15,90.0,33.12,False,2026-10-02 21:45,baseline
EV-008,15,83.4,31.696,False,2026-10-02 21:45,baseline
EV-009,15,90.0,32.148,False,2026-10-02 21:45,baseline
EV-010,15,46.2,17.873,False,2026-10-02 21:45,baseline
EV-011,15,90.0,58.905,False,2026-10-02 21:45,baseline
EV-012,15,90.0,58.905,False,2026-10-02 21:45,baseline
EV-013,15,90.0,56.448,False,2026-10-02 21:45,baseline
EV-014,15,90.0,61.614,False,2026-10-02 21:45,baseline
EV-015,15,90.0,34.164,False,2026-10-02 21:45,baseline
EV-016,15,58.4,39.715,False,2026-10-02 21:45,baseline
EV-017,15,72.5,46.614,False,2026-10-02 21:45,baseline
EV-018,15,56.7,36.4,False,2026-10-02 21:45,baseline
EV-019,15,20.0,6.904,False,2026-10-02 21:45,baseline
EV-020,15,46.1,18.348,False,2026-10-02 21:45,baseline
EV-021,15,47.6,16.451,False,2026-10-02 21:45,baseline
EV-022,15,13.3,4.985,False,2026-10-02 21:45,baseline
EV-023,15,59.0,37.789,False,2026-10-02 21:45,baseline
EV-025,15,25.4,8.799,False,2026-10-02 21:45,baseline
EV-026,15,12.9,4.845,False,2026-10-02 21:45,baseline
EV-027,15,78.7,47.488,False,2026-10-02 21:45,baseline
EV-028,15,22.8,14.699,False,2026-10-02 21:45,baseline
EV-029,15,37.4,22.332,False,2026-10-02 21:45,baseline
EV-030,15,34.2,20.732,False,2026-10-02 21:45,baseline
EV-001,16,4.4,5.06,False,2026-10-02 22:00,baseline
EV-002,16,73.2,44.5,False,2026-10-02 22:00,baseline
EV-004,16,31.5,35.713,True,2026-10-02 22:00,baseline
EV-005,16,32.4,37.64,False,2026-10-02 22:00,baseline
EV-006,16,90.0,34.272,False,2026-10-02 22:00,baseline
EV-007,16,90.0,33.12,False,2026-10-02 22:00,baseline
EV-008,16,87.9,33.398,False,2026-10-02 22:00,baseline
EV-009,16,90.0,32.148,False,2026-10-02 22:00,baseline
EV-010,16,50.6,19.575,False,2026-10-02 22:00,baseline
EV-011,16,90.0,58.905,False,2026-10-02 22:00,baseline
EV-012,16,90.0,58.905,False,2026-10-02 22:00,baseline
EV-013,16,90.0,56.448,False,2026-10-02 22:00,baseline
EV-014,16,90.0,61.614,False,2026-10-02 22:00,baseline
EV-015,16,90.0,34.164,False,2026-10-02 22:00,baseline
EV-016,16,62.1,42.245,False,2026-10-02 22:00,baseline
EV-017,16,81.8,52.606,False,2026-10-02 22:00,baseline
EV-018,16,66.0,42.393,False,2026-10-02 22:00,baseline
EV-019,16,20.0,6.904,False,2026-10-02 22:00,baseline
EV-020,16,46.1,18.348,False,2026-10-02 22:00,baseline
EV-021,16,47.6,16.451,False,2026-10-02 22:00,baseline
EV-022,16,13.3,4.985,False,2026-10-02 22:00,baseline
EV-023,16,59.0,37.789,False,2026-10-02 22:00,baseline
EV-025,16,25.4,8.799,False,2026-10-02 22:00,baseline
EV-026,16,12.9,4.845,False,2026-10-02 22:00,baseline
EV-027,16,78.7,47.488,False,2026-10-02 22:00,baseline
EV-028,16,22.8,14.699,False,2026-10-02 22:00,baseline
EV-029,16,37.4,22.332,False,2026-10-02 22:00,baseline
EV-030,16,34.2,20.732,False,2026-10-02 22:00,baseline
EV-001,17,6.6,7.59,False,2026-10-02 22:15,baseline
EV-002,17,77.3,47.03,False,2026-10-02 22:15,baseline
EV-004,17,31.5,35.713,True,2026-10-02 22:15,baseline
EV-005,17,34.6,40.17,False,2026-10-02 22:15,baseline
EV-006,17,90.0,34.272,False,2026-10-02 22:15,baseline
EV-007,17,90.0,33.12,False,2026-10-02 22:15,baseline
EV-008,17,90.0,34.2,False,2026-10-02 22:15,baseline
EV-009,17,90.0,32.148,False,2026-10-02 22:15,baseline
EV-010,17,54.9,21.277,False,2026-10-02 22:15,baseline
EV-011,17,90.0,58.905,False,2026-10-02 22:15,baseline
EV-012,17,90.0,58.905,False,2026-10-02 22:15,baseline
EV-013,17,90.0,56.448,False,2026-10-02 22:15,baseline
EV-014,17,90.0,61.614,False,2026-10-02 22:15,baseline
EV-015,17,90.0,34.164,False,2026-10-02 22:15,baseline
EV-016,17,65.8,44.775,False,2026-10-02 22:15,baseline
EV-017,17,90.0,57.897,False,2026-10-02 22:15,baseline
EV-018,17,75.4,48.385,False,2026-10-02 22:15,baseline
EV-019,17,20.0,6.904,False,2026-10-02 22:15,baseline
EV-020,17,46.1,18.348,False,2026-10-02 22:15,baseline
EV-021,17,47.6,16.451,False,2026-10-02 22:15,baseline
EV-022,17,13.3,4.985,False,2026-10-02 22:15,baseline
EV-023,17,59.0,37.789,False,2026-10-02 22:15,baseline
EV-025,17,25.4,8.799,False,2026-10-02 22:15,baseline
EV-026,17,12.9,4.845,False,2026-10-02 22:15,baseline
EV-027,17,78.7,47.488,False,2026-10-02 22:15,baseline
EV-028,17,22.8,14.699,False,2026-10-02 22:15,baseline
EV-029,17,37.4,22.332,False,2026-10-02 22:15,baseline
EV-030,17,34.2,20.732,False,2026-10-02 22:15,baseline
EV-001,18,8.8,10.12,False,2026-10-02 22:30,baseline
EV-002,18,81.5,49.56,False,2026-10-02 22:30,baseline
EV-004,18,31.5,35.713,True,2026-10-02 22:30,baseline
EV-005,18,36.8,42.7,False,2026-10-02 22:30,baseline
EV-006,18,90.0,34.272,False,2026-10-02 22:30,baseline
EV-007,18,90.0,33.12,False,2026-10-02 22:30,baseline
EV-008,18,90.0,34.2,False,2026-10-02 22:30,baseline
EV-009,18,90.0,32.148,False,2026-10-02 22:30,baseline
EV-010,18,59.3,22.979,False,2026-10-02 22:30,baseline
EV-011,18,90.0,58.905,False,2026-10-02 22:30,baseline
EV-012,18,90.0,58.905,False,2026-10-02 22:30,baseline
EV-013,18,90.0,56.448,False,2026-10-02 22:30,baseline
EV-014,18,90.0,61.614,False,2026-10-02 22:30,baseline
EV-015,18,90.0,34.164,False,2026-10-02 22:30,baseline
EV-016,18,69.5,47.305,False,2026-10-02 22:30,baseline
EV-017,18,90.0,57.897,False,2026-10-02 22:30,baseline
EV-018,18,79.3,50.915,False,2026-10-02 22:30,baseline
EV-019,18,37.4,12.896,False,2026-10-02 22:30,baseline
EV-020,18,61.2,24.34,False,2026-10-02 22:30,baseline
EV-021,18,47.6,16.451,False,2026-10-02 22:30,baseline
EV-022,18,13.3,4.985,False,2026-10-02 22:30,baseline
EV-023,18,59.0,37.789,False,2026-10-02 22:30,baseline
EV-025,18,25.4,8.799,False,2026-10-02 22:30,baseline
EV-026,18,12.9,4.845,False,2026-10-02 22:30,baseline
EV-027,18,78.7,47.488,False,2026-10-02 22:30,baseline
EV-028,18,22.8,14.699,False,2026-10-02 22:30,baseline
EV-029,18,37.4,22.332,False,2026-10-02 22:30,baseline
EV-030,18,34.2,20.732,False,2026-10-02 22:30,baseline
EV-001,19,11.0,12.65,True,2026-10-02 22:45,baseline
EV-002,19,85.6,52.09,False,2026-10-02 22:45,baseline
EV-004,19,10.4,11.758,False,2026-10-02 22:45,baseline
EV-005,19,39.0,45.23,True,2026-10-02 22:45,baseline
EV-006,19,90.0,34.272,False,2026-10-02 22:45,baseline
EV-007,19,90.0,33.12,False,2026-10-02 22:45,baseline
EV-008,19,90.0,34.2,False,2026-10-02 22:45,baseline
EV-009,19,90.0,32.148,False,2026-10-02 22:45,baseline
EV-010,19,63.7,24.681,False,2026-10-02 22:45,baseline
EV-011,19,90.0,58.905,False,2026-10-02 22:45,baseline
EV-012,19,90.0,58.905,False,2026-10-02 22:45,baseline
EV-013,19,90.0,56.448,False,2026-10-02 22:45,baseline
EV-014,19,90.0,61.614,False,2026-10-02 22:45,baseline
EV-015,19,90.0,34.164,False,2026-10-02 22:45,baseline
EV-016,19,73.2,49.835,False,2026-10-02 22:45,baseline
EV-017,19,90.0,57.897,False,2026-10-02 22:45,baseline
EV-018,19,83.3,53.445,False,2026-10-02 22:45,baseline
EV-019,19,54.7,18.889,False,2026-10-02 22:45,baseline
EV-020,19,76.2,30.333,False,2026-10-02 22:45,baseline
EV-021,19,47.6,16.451,False,2026-10-02 22:45,baseline
EV-022,19,13.3,4.985,False,2026-10-02 22:45,baseline
EV-023,19,59.0,37.789,False,2026-10-02 22:45,baseline
EV-025,19,25.4,8.799,False,2026-10-02 22:45,baseline
EV-026,19,12.9,4.845,False,2026-10-02 22:45,baseline
EV-027,19,78.7,47.488,False,2026-10-02 22:45,baseline
EV-028,19,22.8,14.699,False,2026-10-02 22:45,baseline
EV-029,19,37.4,22.332,False,2026-10-02 22:45,baseline
EV-030,19,34.2,20.732,False,2026-10-02 22:45,baseline
EV-001,20,11.0,12.65,True,2026-10-02 23:00,baseline
EV-002,20,89.8,54.62,False,2026-10-02 23:00,baseline
EV-004,20,12.6,14.288,False,2026-10-02 23:00,baseline
EV-005,20,39.0,45.23,True,2026-10-02 23:00,baseline
EV-006,20,90.0,34.272,False,2026-10-02 23:00,baseline
EV-007,20,90.0,33.12,False,2026-10-02 23:00,baseline
EV-008,20,90.0,34.2,False,2026-10-02 23:00,baseline
EV-009,20,90.0,32.148,False,2026-10-02 23:00,baseline
EV-010,20,68.1,26.383,False,2026-10-02 23:00,baseline
EV-011,20,90.0,58.905,False,2026-10-02 23:00,baseline
EV-012,20,90.0,58.905,False,2026-10-02 23:00,baseline
EV-013,20,90.0,56.448,False,2026-10-02 23:00,baseline
EV-014,20,90.0,61.614,False,2026-10-02 23:00,baseline
EV-015,20,90.0,34.164,False,2026-10-02 23:00,baseline
EV-016,20,77.0,52.365,False,2026-10-02 23:00,baseline
EV-017,20,90.0,57.897,False,2026-10-02 23:00,baseline
EV-018,20,87.2,55.975,False,2026-10-02 23:00,baseline
EV-019,20,59.6,20.591,False,2026-10-02 23:00,baseline
EV-020,20,90.0,35.82,False,2026-10-02 23:00,baseline
EV-021,20,64.9,22.444,False,2026-10-02 23:00,baseline
EV-022,20,13.3,4.985,False,2026-10-02 23:00,baseline
EV-023,20,59.0,37.789,False,2026-10-02 23:00,baseline
EV-025,20,25.4,8.799,False,2026-10-02 23:00,baseline
EV-026,20,12.9,4.845,False,2026-10-02 23:00,baseline
EV-027,20,78.7,47.488,False,2026-10-02 23:00,baseline
EV-028,20,22.8,14.699,False,2026-10-02 23:00,baseline
EV-029,20,37.4,22.332,False,2026-10-02 23:00,baseline
EV-030,20,34.2,20.732,False,2026-10-02 23:00,baseline
EV-001,21,11.0,12.65,True,2026-10-02 23:15,baseline
EV-002,21,90.0,54.747,False,2026-10-02 23:15,baseline
EV-004,21,14.8,16.818,False,2026-10-02 23:15,baseline
EV-005,21,39.0,45.23,True,2026-10-02 23:15,baseline
EV-006,21,90.0,34.272,False,2026-10-02 23:15,baseline
EV-007,21,90.0,33.12,False,2026-10-02 23:15,baseline
EV-008,21,90.0,34.2,False,2026-10-02 23:15,baseline
EV-009,21,90.0,32.148,False,2026-10-02 23:15,baseline
EV-010,21,72.5,28.085,False,2026-10-02 23:15,baseline
EV-011,21,90.0,58.905,False,2026-10-02 23:15,baseline
EV-012,21,90.0,58.905,False,2026-10-02 23:15,baseline
EV-013,21,90.0,56.448,False,2026-10-02 23:15,baseline
EV-014,21,90.0,61.614,False,2026-10-02 23:15,baseline
EV-015,21,90.0,34.164,False,2026-10-02 23:15,baseline
EV-016,21,80.7,54.895,False,2026-10-02 23:15,baseline
EV-017,21,90.0,57.897,False,2026-10-02 23:15,baseline
EV-018,21,90.0,57.771,False,2026-10-02 23:15,baseline
EV-019,21,64.6,22.293,False,2026-10-02 23:15,baseline
EV-020,21,90.0,35.82,False,2026-10-02 23:15,baseline
EV-021,21,82.3,28.436,False,2026-10-02 23:15,baseline
EV-022,21,29.3,10.977,False,2026-10-02 23:15,baseline
EV-023,21,59.0,37.789,False,2026-10-02 23:15,baseline
EV-025,21,25.4,8.799,False,2026-10-02 23:15,baseline
EV-026,21,12.9,4.845,False,2026-10-02 23:15,baseline
EV-027,21,78.7,47.488,False,2026-10-02 23:15,baseline
EV-028,21,22.8,14.699,False,2026-10-02 23:15,baseline
EV-029,21,37.4,22.332,False,2026-10-02 23:15,baseline
EV-030,21,34.2,20.732,False,2026-10-02 23:15,baseline
EV-001,22,11.0,12.65,True,2026-10-02 23:30,baseline
EV-002,22,90.0,54.747,False,2026-10-02 23:30,baseline
EV-004,22,17.1,19.348,False,2026-10-02 23:30,baseline
EV-005,22,39.0,45.23,True,2026-10-02 23:30,baseline
EV-006,22,90.0,34.272,False,2026-10-02 23:30,baseline
EV-007,22,90.0,33.12,False,2026-10-02 23:30,baseline
EV-008,22,90.0,34.2,False,2026-10-02 23:30,baseline
EV-009,22,90.0,32.148,False,2026-10-02 23:30,baseline
EV-010,22,76.9,29.787,False,2026-10-02 23:30,baseline
EV-011,22,90.0,58.905,False,2026-10-02 23:30,baseline
EV-012,22,90.0,58.905,False,2026-10-02 23:30,baseline
EV-013,22,90.0,56.448,False,2026-10-02 23:30,baseline
EV-014,22,90.0,61.614,False,2026-10-02 23:30,baseline
EV-015,22,90.0,34.164,False,2026-10-02 23:30,baseline
EV-016,22,84.4,57.425,False,2026-10-02 23:30,baseline
EV-017,22,90.0,57.897,False,2026-10-02 23:30,baseline
EV-018,22,90.0,57.771,False,2026-10-02 23:30,baseline
EV-019,22,69.5,23.995,False,2026-10-02 23:30,baseline
EV-020,22,90.0,35.82,False,2026-10-02 23:30,baseline
EV-021,22,87.2,30.138,False,2026-10-02 23:30,baseline
EV-022,22,33.8,12.679,False,2026-10-02 23:30,baseline
EV-023,22,68.4,43.782,False,2026-10-02 23:30,baseline
EV-025,22,42.7,14.791,False,2026-10-02 23:30,baseline
EV-026,22,12.9,4.845,False,2026-10-02 23:30,baseline
EV-027,22,78.7,47.488,False,2026-10-02 23:30,baseline
EV-028,22,22.8,14.699,False,2026-10-02 23:30,baseline
EV-029,22,37.4,22.332,False,2026-10-02 23:30,baseline
EV-030,22,34.2,20.732,False,2026-10-02 23:30,baseline
EV-001,23,11.0,12.65,True,2026-10-02 23:45,baseline
EV-002,23,90.0,54.747,False,2026-10-02 23:45,baseline
EV-004,23,19.3,21.878,False,2026-10-02 23:45,baseline
EV-005,23,39.0,45.23,True,2026-10-02 23:45,baseline
EV-006,23,90.0,34.272,False,2026-10-02 23:45,baseline
EV-007,23,90.0,33.12,False,2026-10-02 23:45,baseline
EV-008,23,90.0,34.2,False,2026-10-02 23:45,baseline
EV-009,23,90.0,32.148,False,2026-10-02 23:45,baseline
EV-010,23,81.3,31.489,False,2026-10-02 23:45,baseline
EV-011,23,90.0,58.905,False,2026-10-02 23:45,baseline
EV-012,23,90.0,58.905,False,2026-10-02 23:45,baseline
EV-013,23,90.0,56.448,False,2026-10-02 23:45,baseline
EV-014,23,90.0,61.614,False,2026-10-02 23:45,baseline
EV-015,23,90.0,34.164,False,2026-10-02 23:45,baseline
EV-016,23,88.1,59.955,False,2026-10-02 23:45,baseline
EV-017,23,90.0,57.897,False,2026-10-02 23:45,baseline
EV-018,23,90.0,57.771,False,2026-10-02 23:45,baseline
EV-019,23,74.4,25.697,False,2026-10-02 23:45,baseline
EV-020,23,90.0,35.82,False,2026-10-02 23:45,baseline
EV-021,23,90.0,31.104,False,2026-10-02 23:45,baseline
EV-022,23,38.4,14.381,False,2026-10-02 23:45,baseline
EV-023,23,77.7,49.774,False,2026-10-02 23:45,baseline
EV-025,23,60.0,20.784,False,2026-10-02 23:45,baseline
EV-026,23,12.9,4.845,False,2026-10-02 23:45,baseline
EV-027,23,78.7,47.488,False,2026-10-02 23:45,baseline
EV-028,23,22.8,14.699,False,2026-10-02 23:45,baseline
EV-029,23,37.4,22.332,False,2026-10-02 23:45,baseline
EV-030,23,34.2,20.732,False,2026-10-02 23:45,baseline
EV-001,24,11.0,12.65,True,2026-10-03 00:00,baseline
EV-002,24,90.0,54.747,False,2026-10-03 00:00,baseline
EV-004,24,21.5,24.408,False,2026-10-03 00:00,baseline
EV-005,24,39.0,45.23,True,2026-10-03 00:00,baseline
EV-006,24,90.0,34.272,False,2026-10-03 00:00,baseline
EV-007,24,90.0,33.12,False,2026-10-03 00:00,baseline
EV-008,24,90.0,34.2,False,2026-10-03 00:00,baseline
EV-009,24,90.0,32.148,False,2026-10-03 00:00,baseline
EV-010,24,85.7,33.191,False,2026-10-03 00:00,baseline
EV-011,24,90.0,58.905,False,2026-10-03 00:00,baseline
EV-012,24,90.0,58.905,False,2026-10-03 00:00,baseline
EV-013,24,90.0,56.448,False,2026-10-03 00:00,baseline
EV-014,24,90.0,61.614,False,2026-10-03 00:00,baseline
EV-015,24,90.0,34.164,False,2026-10-03 00:00,baseline
EV-016,24,90.0,61.236,False,2026-10-03 00:00,baseline
EV-017,24,90.0,57.897,False,2026-10-03 00:00,baseline
EV-018,24,90.0,57.771,False,2026-10-03 00:00,baseline
EV-019,24,79.4,27.399,False,2026-10-03 00:00,baseline
EV-020,24,90.0,35.82,False,2026-10-03 00:00,baseline
EV-021,24,90.0,31.104,False,2026-10-03 00:00,baseline
EV-022,24,42.9,16.084,False,2026-10-03 00:00,baseline
EV-023,24,81.7,52.304,False,2026-10-03 00:00,baseline
EV-025,24,77.3,26.776,False,2026-10-03 00:00,baseline
EV-026,24,28.9,10.837,False,2026-10-03 00:00,baseline
EV-027,24,78.7,47.488,False,2026-10-03 00:00,baseline
EV-028,24,22.8,14.699,False,2026-10-03 00:00,baseline
EV-029,24,37.4,22.332,False,2026-10-03 00:00,baseline
EV-030,24,34.2,20.732,False,2026-10-03 00:00,baseline
EV-001,25,11.0,12.65,True,2026-10-03 00:15,baseline
EV-002,25,90.0,54.747,False,2026-10-03 00:15,baseline
EV-004,25,23.8,26.938,False,2026-10-03 00:15,baseline
EV-005,25,39.0,45.23,True,2026-10-03 00:15,baseline
EV-006,25,90.0,34.272,False,2026-10-03 00:15,baseline
EV-007,25,90.0,33.12,False,2026-10-03 00:15,baseline
EV-008,25,90.0,34.2,False,2026-10-03 00:15,baseline
EV-009,25,90.0,32.148,False,2026-10-03 00:15,baseline
EV-010,25,90.0,34.848,False,2026-10-03 00:15,baseline
EV-011,25,90.0,58.905,False,2026-10-03 00:15,baseline
EV-012,25,90.0,58.905,False,2026-10-03 00:15,baseline
EV-013,25,90.0,56.448,False,2026-10-03 00:15,baseline
EV-014,25,90.0,61.614,False,2026-10-03 00:15,baseline
EV-015,25,90.0,34.164,False,2026-10-03 00:15,baseline
EV-016,25,90.0,61.236,False,2026-10-03 00:15,baseline
EV-017,25,90.0,57.897,False,2026-10-03 00:15,baseline
EV-018,25,90.0,57.771,False,2026-10-03 00:15,baseline
EV-019,25,84.3,29.101,False,2026-10-03 00:15,baseline
EV-020,25,90.0,35.82,False,2026-10-03 00:15,baseline
EV-021,25,90.0,31.104,False,2026-10-03 00:15,baseline
EV-022,25,47.5,17.786,False,2026-10-03 00:15,baseline
EV-023,25,85.6,54.834,False,2026-10-03 00:15,baseline
EV-025,25,82.2,28.479,False,2026-10-03 00:15,baseline
EV-026,25,44.8,16.83,False,2026-10-03 00:15,baseline
EV-027,25,88.6,53.48,False,2026-10-03 00:15,baseline
EV-028,25,22.8,14.699,False,2026-10-03 00:15,baseline
EV-029,25,37.4,22.332,False,2026-10-03 00:15,baseline
EV-030,25,34.2,20.732,False,2026-10-03 00:15,baseline
EV-001,26,11.0,12.65,True,2026-10-03 00:30,baseline
EV-002,26,90.0,54.747,False,2026-10-03 00:30,baseline
EV-004,26,26.0,29.468,False,2026-10-03 00:30,baseline
EV-005,26,39.0,45.23,True,2026-10-03 00:30,baseline
EV-006,26,90.0,34.272,False,2026-10-03 00:30,baseline
EV-007,26,90.0,33.12,False,2026-10-03 00:30,baseline
EV-008,26,90.0,34.2,False,2026-10-03 00:30,baseline
EV-009,26,90.0,32.148,False,2026-10-03 00:30,baseline
EV-010,26,90.0,34.848,False,2026-10-03 00:30,baseline
EV-011,26,90.0,58.905,False,2026-10-03 00:30,baseline
EV-012,26,90.0,58.905,False,2026-10-03 00:30,baseline
EV-013,26,90.0,56.448,False,2026-10-03 00:30,baseline
EV-014,26,90.0,61.614,False,2026-10-03 00:30,baseline
EV-015,26,90.0,34.164,False,2026-10-03 00:30,baseline
EV-016,26,90.0,61.236,False,2026-10-03 00:30,baseline
EV-017,26,90.0,57.897,False,2026-10-03 00:30,baseline
EV-018,26,90.0,57.771,False,2026-10-03 00:30,baseline
EV-019,26,89.2,30.803,False,2026-10-03 00:30,baseline
EV-020,26,90.0,35.82,False,2026-10-03 00:30,baseline
EV-021,26,90.0,31.104,False,2026-10-03 00:30,baseline
EV-022,26,52.0,19.488,False,2026-10-03 00:30,baseline
EV-023,26,89.6,57.364,False,2026-10-03 00:30,baseline
EV-025,26,87.1,30.181,False,2026-10-03 00:30,baseline
EV-026,26,49.3,18.532,False,2026-10-03 00:30,baseline
EV-027,26,90.0,54.306,False,2026-10-03 00:30,baseline
EV-028,26,32.1,20.691,False,2026-10-03 00:30,baseline
EV-029,26,37.4,22.332,False,2026-10-03 00:30,baseline
EV-030,26,34.2,20.732,False,2026-10-03 00:30,baseline
EV-001,27,0.0,0.0,False,2026-10-03 00:45,baseline
EV-002,27,90.0,54.747,False,2026-10-03 00:45,baseline
EV-004,27,28.2,31.998,False,2026-10-03 00:45,baseline
EV-005,27,12.5,14.554,False,2026-10-03 00:45,baseline
EV-006,27,90.0,34.272,False,2026-10-03 00:45,baseline
EV-007,27,90.0,33.12,False,2026-10-03 00:45,baseline
EV-008,27,90.0,34.2,False,2026-10-03 00:45,baseline
EV-009,27,90.0,32.148,False,2026-10-03 00:45,baseline
EV-010,27,90.0,34.848,False,2026-10-03 00:45,baseline
EV-011,27,90.0,58.905,False,2026-10-03 00:45,baseline
EV-012,27,90.0,58.905,False,2026-10-03 00:45,baseline
EV-013,27,90.0,56.448,False,2026-10-03 00:45,baseline
EV-014,27,90.0,61.614,False,2026-10-03 00:45,baseline
EV-015,27,90.0,34.164,False,2026-10-03 00:45,baseline
EV-016,27,90.0,61.236,False,2026-10-03 00:45,baseline
EV-017,27,90.0,57.897,False,2026-10-03 00:45,baseline
EV-018,27,90.0,57.771,False,2026-10-03 00:45,baseline
EV-019,27,90.0,31.068,False,2026-10-03 00:45,baseline
EV-020,27,90.0,35.82,False,2026-10-03 00:45,baseline
EV-021,27,90.0,31.104,False,2026-10-03 00:45,baseline
EV-022,27,56.5,21.19,False,2026-10-03 00:45,baseline
EV-023,27,90.0,57.645,False,2026-10-03 00:45,baseline
EV-025,27,90.0,31.176,False,2026-10-03 00:45,baseline
EV-026,27,53.9,20.234,False,2026-10-03 00:45,baseline
EV-027,27,90.0,54.306,False,2026-10-03 00:45,baseline
EV-028,27,41.4,26.684,False,2026-10-03 00:45,baseline
EV-029,27,47.4,28.325,False,2026-10-03 00:45,baseline
EV-030,27,34.2,20.732,False,2026-10-03 00:45,baseline
EV-001,28,2.2,2.53,False,2026-10-03 01:00,baseline
EV-002,28,90.0,54.747,False,2026-10-03 01:00,baseline
EV-004,28,30.4,34.528,False,2026-10-03 01:00,baseline
EV-005,28,14.7,17.084,False,2026-10-03 01:00,baseline
EV-006,28,90.0,34.272,False,2026-10-03 01:00,baseline
EV-007,28,90.0,33.12,False,2026-10-03 01:00,baseline
EV-008,28,90.0,34.2,False,2026-10-03 01:00,baseline
EV-009,28,90.0,32.148,False,2026-10-03 01:00,baseline
EV-010,28,90.0,34.848,False,2026-10-03 01:00,baseline
EV-011,28,90.0,58.905,False,2026-10-03 01:00,baseline
EV-012,28,90.0,58.905,False,2026-10-03 01:00,baseline
EV-013,28,90.0,56.448,False,2026-10-03 01:00,baseline
EV-014,28,90.0,61.614,False,2026-10-03 01:00,baseline
EV-015,28,90.0,34.164,False,2026-10-03 01:00,baseline
EV-016,28,90.0,61.236,False,2026-10-03 01:00,baseline
EV-017,28,90.0,57.897,False,2026-10-03 01:00,baseline
EV-018,28,90.0,57.771,False,2026-10-03 01:00,baseline
EV-019,28,90.0,31.068,False,2026-10-03 01:00,baseline
EV-020,28,90.0,35.82,False,2026-10-03 01:00,baseline
EV-021,28,90.0,31.104,False,2026-10-03 01:00,baseline
EV-022,28,61.1,22.892,False,2026-10-03 01:00,baseline
EV-023,28,90.0,57.645,False,2026-10-03 01:00,baseline
EV-025,28,90.0,31.176,False,2026-10-03 01:00,baseline
EV-026,28,58.4,21.936,False,2026-10-03 01:00,baseline
EV-027,28,90.0,54.306,False,2026-10-03 01:00,baseline
EV-028,28,45.3,29.214,False,2026-10-03 01:00,baseline
EV-029,28,57.5,34.317,False,2026-10-03 01:00,baseline
EV-030,28,44.1,26.724,False,2026-10-03 01:00,baseline
EV-001,29,4.4,5.06,False,2026-10-03 01:15,baseline
EV-002,29,90.0,54.747,False,2026-10-03 01:15,baseline
EV-004,29,32.7,37.058,False,2026-10-03 01:15,baseline
EV-005,29,16.9,19.614,False,2026-10-03 01:15,baseline
EV-006,29,90.0,34.272,False,2026-10-03 01:15,baseline
EV-007,29,90.0,33.12,False,2026-10-03 01:15,baseline
EV-008,29,90.0,34.2,False,2026-10-03 01:15,baseline
EV-009,29,90.0,32.148,False,2026-10-03 01:15,baseline
EV-010,29,90.0,34.848,False,2026-10-03 01:15,baseline
EV-011,29,90.0,58.905,False,2026-10-03 01:15,baseline
EV-012,29,90.0,58.905,False,2026-10-03 01:15,baseline
EV-013,29,90.0,56.448,False,2026-10-03 01:15,baseline
EV-014,29,90.0,61.614,False,2026-10-03 01:15,baseline
EV-015,29,90.0,34.164,False,2026-10-03 01:15,baseline
EV-016,29,90.0,61.236,False,2026-10-03 01:15,baseline
EV-017,29,90.0,57.897,False,2026-10-03 01:15,baseline
EV-018,29,90.0,57.771,False,2026-10-03 01:15,baseline
EV-019,29,90.0,31.068,False,2026-10-03 01:15,baseline
EV-020,29,90.0,35.82,False,2026-10-03 01:15,baseline
EV-021,29,90.0,31.104,False,2026-10-03 01:15,baseline
EV-022,29,65.6,24.594,False,2026-10-03 01:15,baseline
EV-023,29,90.0,57.645,False,2026-10-03 01:15,baseline
EV-025,29,90.0,31.176,False,2026-10-03 01:15,baseline
EV-026,29,62.9,23.638,False,2026-10-03 01:15,baseline
EV-027,29,90.0,54.306,False,2026-10-03 01:15,baseline
EV-028,29,49.2,31.744,False,2026-10-03 01:15,baseline
EV-029,29,67.5,40.309,False,2026-10-03 01:15,baseline
EV-030,29,54.0,32.717,False,2026-10-03 01:15,baseline
EV-001,30,6.6,7.59,False,2026-10-03 01:30,baseline
EV-002,30,90.0,54.747,False,2026-10-03 01:30,baseline
EV-004,30,34.9,39.588,False,2026-10-03 01:30,baseline
EV-005,30,19.1,22.144,False,2026-10-03 01:30,baseline
EV-006,30,90.0,34.272,False,2026-10-03 01:30,baseline
EV-007,30,90.0,33.12,False,2026-10-03 01:30,baseline
EV-008,30,90.0,34.2,False,2026-10-03 01:30,baseline
EV-009,30,90.0,32.148,False,2026-10-03 01:30,baseline
EV-010,30,90.0,34.848,False,2026-10-03 01:30,baseline
EV-011,30,90.0,58.905,False,2026-10-03 01:30,baseline
EV-012,30,90.0,58.905,False,2026-10-03 01:30,baseline
EV-013,30,90.0,56.448,False,2026-10-03 01:30,baseline
EV-014,30,90.0,61.614,False,2026-10-03 01:30,baseline
EV-015,30,90.0,34.164,False,2026-10-03 01:30,baseline
EV-016,30,90.0,61.236,False,2026-10-03 01:30,baseline
EV-017,30,90.0,57.897,False,2026-10-03 01:30,baseline
EV-018,30,90.0,57.771,False,2026-10-03 01:30,baseline
EV-019,30,90.0,31.068,False,2026-10-03 01:30,baseline
EV-020,30,90.0,35.82,False,2026-10-03 01:30,baseline
EV-021,30,90.0,31.104,False,2026-10-03 01:30,baseline
EV-022,30,70.2,26.296,False,2026-10-03 01:30,baseline
EV-023,30,90.0,57.645,False,2026-10-03 01:30,baseline
EV-025,30,90.0,31.176,False,2026-10-03 01:30,baseline
EV-026,30,67.5,25.34,False,2026-10-03 01:30,baseline
EV-027,30,90.0,54.306,False,2026-10-03 01:30,baseline
EV-028,30,53.2,34.274,False,2026-10-03 01:30,baseline
EV-029,30,77.5,46.302,False,2026-10-03 01:30,baseline
EV-030,30,63.9,38.709,False,2026-10-03 01:30,baseline
EV-001,31,8.8,10.12,False,2026-10-03 01:45,baseline
EV-002,31,90.0,54.747,False,2026-10-03 01:45,baseline
EV-004,31,37.1,42.118,False,2026-10-03 01:45,baseline
EV-005,31,21.3,24.674,False,2026-10-03 01:45,baseline
EV-006,31,90.0,34.272,False,2026-10-03 01:45,baseline
EV-007,31,90.0,33.12,False,2026-10-03 01:45,baseline
EV-008,31,90.0,34.2,False,2026-10-03 01:45,baseline
EV-009,31,90.0,32.148,False,2026-10-03 01:45,baseline
EV-010,31,90.0,34.848,False,2026-10-03 01:45,baseline
EV-011,31,90.0,58.905,False,2026-10-03 01:45,baseline
EV-012,31,90.0,58.905,False,2026-10-03 01:45,baseline
EV-013,31,90.0,56.448,False,2026-10-03 01:45,baseline
EV-014,31,90.0,61.614,False,2026-10-03 01:45,baseline
EV-015,31,90.0,34.164,False,2026-10-03 01:45,baseline
EV-016,31,90.0,61.236,False,2026-10-03 01:45,baseline
EV-017,31,90.0,57.897,False,2026-10-03 01:45,baseline
EV-018,31,90.0,57.771,False,2026-10-03 01:45,baseline
EV-019,31,90.0,31.068,False,2026-10-03 01:45,baseline
EV-020,31,90.0,35.82,False,2026-10-03 01:45,baseline
EV-021,31,90.0,31.104,False,2026-10-03 01:45,baseline
EV-022,31,74.7,27.998,False,2026-10-03 01:45,baseline
EV-023,31,90.0,57.645,False,2026-10-03 01:45,baseline
EV-025,31,90.0,31.176,False,2026-10-03 01:45,baseline
EV-026,31,72.0,27.042,False,2026-10-03 01:45,baseline
EV-027,31,90.0,54.306,False,2026-10-03 01:45,baseline
EV-028,31,57.1,36.804,False,2026-10-03 01:45,baseline
EV-029,31,87.6,52.294,False,2026-10-03 01:45,baseline
EV-030,31,73.7,44.702,False,2026-10-03 01:45,baseline
EV-001,32,11.0,12.65,False,2026-10-03 02:00,baseline
EV-002,32,90.0,54.747,False,2026-10-03 02:00,baseline
EV-004,32,39.4,44.648,False,2026-10-03 02:00,baseline
EV-005,32,23.4,27.204,False,2026-10-03 02:00,baseline
EV-006,32,90.0,34.272,False,2026-10-03 02:00,baseline
EV-007,32,90.0,33.12,False,2026-10-03 02:00,baseline
EV-008,32,90.0,34.2,False,2026-10-03 02:00,baseline
EV-009,32,90.0,32.148,False,2026-10-03 02:00,baseline
EV-010,32,90.0,34.848,False,2026-10-03 02:00,baseline
EV-011,32,90.0,58.905,False,2026-10-03 02:00,baseline
EV-012,32,90.0,58.905,False,2026-10-03 02:00,baseline
EV-013,32,90.0,56.448,False,2026-10-03 02:00,baseline
EV-014,32,90.0,61.614,False,2026-10-03 02:00,baseline
EV-015,32,90.0,34.164,False,2026-10-03 02:00,baseline
EV-016,32,90.0,61.236,False,2026-10-03 02:00,baseline
EV-017,32,90.0,57.897,False,2026-10-03 02:00,baseline
EV-018,32,90.0,57.771,False,2026-10-03 02:00,baseline
EV-019,32,90.0,31.068,False,2026-10-03 02:00,baseline
EV-020,32,90.0,35.82,False,2026-10-03 02:00,baseline
EV-021,32,90.0,31.104,False,2026-10-03 02:00,baseline
EV-022,32,79.2,29.7,False,2026-10-03 02:00,baseline
EV-023,32,90.0,57.645,False,2026-10-03 02:00,baseline
EV-025,32,90.0,31.176,False,2026-10-03 02:00,baseline
EV-026,32,76.5,28.744,False,2026-10-03 02:00,baseline
EV-027,32,90.0,54.306,False,2026-10-03 02:00,baseline
EV-028,32,61.0,39.334,False,2026-10-03 02:00,baseline
EV-029,32,90.0,53.739,False,2026-10-03 02:00,baseline
EV-030,32,83.6,50.694,False,2026-10-03 02:00,baseline
EV-001,33,13.2,15.18,False,2026-10-03 02:15,baseline
EV-002,33,90.0,54.747,False,2026-10-03 02:15,baseline
EV-004,33,41.6,47.178,False,2026-10-03 02:15,baseline
EV-005,33,25.6,29.734,False,2026-10-03 02:15,baseline
EV-006,33,90.0,34.272,False,2026-10-03 02:15,baseline
EV-007,33,90.0,33.12,False,2026-10-03 02:15,baseline
EV-008,33,90.0,34.2,False,2026-10-03 02:15,baseline
EV-009,33,90.0,32.148,False,2026-10-03 02:15,baseline
EV-010,33,90.0,34.848,False,2026-10-03 02:15,baseline
EV-011,33,90.0,58.905,False,2026-10-03 02:15,baseline
EV-012,33,90.0,58.905,False,2026-10-03 02:15,baseline
EV-013,33,90.0,56.448,False,2026-10-03 02:15,baseline
EV-014,33,90.0,61.614,False,2026-10-03 02:15,baseline
EV-015,33,90.0,34.164,False,2026-10-03 02:15,baseline
EV-016,33,90.0,61.236,False,2026-10-03 02:15,baseline
EV-017,33,90.0,57.897,False,2026-10-03 02:15,baseline
EV-018,33,90.0,57.771,False,2026-10-03 02:15,baseline
EV-019,33,90.0,31.068,False,2026-10-03 02:15,baseline
EV-020,33,90.0,35.82,False,2026-10-03 02:15,baseline
EV-021,33,90.0,31.104,False,2026-10-03 02:15,baseline
EV-022,33,83.8,31.402,False,2026-10-03 02:15,baseline
EV-023,33,90.0,57.645,False,2026-10-03 02:15,baseline
EV-025,33,90.0,31.176,False,2026-10-03 02:15,baseline
EV-026,33,81.1,30.446,False,2026-10-03 02:15,baseline
EV-027,33,90.0,54.306,False,2026-10-03 02:15,baseline
EV-028,33,64.9,41.864,False,2026-10-03 02:15,baseline
EV-029,33,90.0,53.739,False,2026-10-03 02:15,baseline
EV-030,33,90.0,54.558,False,2026-10-03 02:15,baseline
EV-001,34,15.5,17.71,False,2026-10-03 02:30,baseline
EV-002,34,90.0,54.747,False,2026-10-03 02:30,baseline
EV-004,34,43.8,49.708,False,2026-10-03 02:30,baseline
EV-005,34,27.8,32.264,False,2026-10-03 02:30,baseline
EV-006,34,90.0,34.272,False,2026-10-03 02:30,baseline
EV-007,34,90.0,33.12,False,2026-10-03 02:30,baseline
EV-008,34,90.0,34.2,False,2026-10-03 02:30,baseline
EV-009,34,90.0,32.148,False,2026-10-03 02:30,baseline
EV-010,34,90.0,34.848,False,2026-10-03 02:30,baseline
EV-011,34,90.0,58.905,False,2026-10-03 02:30,baseline
EV-012,34,90.0,58.905,False,2026-10-03 02:30,baseline
EV-013,34,90.0,56.448,False,2026-10-03 02:30,baseline
EV-014,34,90.0,61.614,False,2026-10-03 02:30,baseline
EV-015,34,90.0,34.164,False,2026-10-03 02:30,baseline
EV-016,34,90.0,61.236,False,2026-10-03 02:30,baseline
EV-017,34,90.0,57.897,False,2026-10-03 02:30,baseline
EV-018,34,90.0,57.771,False,2026-10-03 02:30,baseline
EV-019,34,90.0,31.068,False,2026-10-03 02:30,baseline
EV-020,34,90.0,35.82,False,2026-10-03 02:30,baseline
EV-021,34,90.0,31.104,False,2026-10-03 02:30,baseline
EV-022,34,88.3,33.104,False,2026-10-03 02:30,baseline
EV-023,34,90.0,57.645,False,2026-10-03 02:30,baseline
EV-025,34,90.0,31.176,False,2026-10-03 02:30,baseline
EV-026,34,85.6,32.148,False,2026-10-03 02:30,baseline
EV-027,34,90.0,54.306,False,2026-10-03 02:30,baseline
EV-028,34,68.9,44.394,False,2026-10-03 02:30,baseline
EV-029,34,90.0,53.739,False,2026-10-03 02:30,baseline
EV-030,34,90.0,54.558,False,2026-10-03 02:30,baseline
EV-001,35,17.7,20.24,False,2026-10-03 02:45,baseline
EV-002,35,90.0,54.747,False,2026-10-03 02:45,baseline
EV-004,35,46.1,52.238,False,2026-10-03 02:45,baseline
EV-005,35,30.0,34.794,False,2026-10-03 02:45,baseline
EV-006,35,90.0,34.272,False,2026-10-03 02:45,baseline
EV-007,35,90.0,33.12,False,2026-10-03 02:45,baseline
EV-008,35,90.0,34.2,False,2026-10-03 02:45,baseline
EV-009,35,90.0,32.148,False,2026-10-03 02:45,baseline
EV-010,35,90.0,34.848,False,2026-10-03 02:45,baseline
EV-011,35,90.0,58.905,False,2026-10-03 02:45,baseline
EV-012,35,90.0,58.905,False,2026-10-03 02:45,baseline
EV-013,35,90.0,56.448,False,2026-10-03 02:45,baseline
EV-014,35,90.0,61.614,False,2026-10-03 02:45,baseline
EV-015,35,90.0,34.164,False,2026-10-03 02:45,baseline
EV-016,35,90.0,61.236,False,2026-10-03 02:45,baseline
EV-017,35,90.0,57.897,False,2026-10-03 02:45,baseline
EV-018,35,90.0,57.771,False,2026-10-03 02:45,baseline
EV-019,35,90.0,31.068,False,2026-10-03 02:45,baseline
EV-020,35,90.0,35.82,False,2026-10-03 02:45,baseline
EV-021,35,90.0,31.104,False,2026-10-03 02:45,baseline
EV-022,35,90.0,33.732,False,2026-10-03 02:45,baseline
EV-023,35,90.0,57.645,False,2026-10-03 02:45,baseline
EV-025,35,90.0,31.176,False,2026-10-03 02:45,baseline
EV-026,35,90.0,33.804,False,2026-10-03 02:45,baseline
EV-027,35,90.0,54.306,False,2026-10-03 02:45,baseline
EV-028,35,72.8,46.924,False,2026-10-03 02:45,baseline
EV-029,35,90.0,53.739,False,2026-10-03 02:45,baseline
EV-030,35,90.0,54.558,False,2026-10-03 02:45,baseline
EV-001,36,19.9,22.77,False,2026-10-03 03:00,baseline
EV-002,36,90.0,54.747,False,2026-10-03 03:00,baseline
EV-004,36,48.3,54.768,False,2026-10-03 03:00,baseline
EV-005,36,32.2,37.324,False,2026-10-03 03:00,baseline
EV-006,36,90.0,34.272,False,2026-10-03 03:00,baseline
EV-007,36,90.0,33.12,False,2026-10-03 03:00,baseline
EV-008,36,90.0,34.2,False,2026-10-03 03:00,baseline
EV-009,36,90.0,32.148,False,2026-10-03 03:00,baseline
EV-010,36,90.0,34.848,False,2026-10-03 03:00,baseline
EV-011,36,90.0,58.905,False,2026-10-03 03:00,baseline
EV-012,36,90.0,58.905,False,2026-10-03 03:00,baseline
EV-013,36,90.0,56.448,False,2026-10-03 03:00,baseline
EV-014,36,90.0,61.614,False,2026-10-03 03:00,baseline
EV-015,36,90.0,34.164,False,2026-10-03 03:00,baseline
EV-016,36,90.0,61.236,False,2026-10-03 03:00,baseline
EV-017,36,90.0,57.897,False,2026-10-03 03:00,baseline
EV-018,36,90.0,57.771,False,2026-10-03 03:00,baseline
EV-019,36,90.0,31.068,False,2026-10-03 03:00,baseline
EV-020,36,90.0,35.82,False,2026-10-03 03:00,baseline
EV-021,36,90.0,31.104,False,2026-10-03 03:00,baseline
EV-022,36,90.0,33.732,False,2026-10-03 03:00,baseline
EV-023,36,90.0,57.645,False,2026-10-03 03:00,baseline
EV-025,36,90.0,31.176,False,2026-10-03 03:00,baseline
EV-026,36,90.0,33.804,False,2026-10-03 03:00,baseline
EV-027,36,90.0,54.306,False,2026-10-03 03:00,baseline
EV-028,36,76.7,49.454,False,2026-10-03 03:00,baseline
EV-029,36,90.0,53.739,False,2026-10-03 03:00,baseline
EV-030,36,90.0,54.558,False,2026-10-03 03:00,baseline
EV-001,37,22.1,25.3,False,2026-10-03 03:15,baseline
EV-002,37,90.0,54.747,False,2026-10-03 03:15,baseline
EV-004,37,50.5,57.298,False,2026-10-03 03:15,baseline
EV-005,37,34.3,39.854,False,2026-10-03 03:15,baseline
EV-006,37,90.0,34.272,False,2026-10-03 03:15,baseline
EV-007,37,90.0,33.12,False,2026-10-03 03:15,baseline
EV-008,37,90.0,34.2,False,2026-10-03 03:15,baseline
EV-009,37,90.0,32.148,False,2026-10-03 03:15,baseline
EV-010,37,90.0,34.848,False,2026-10-03 03:15,baseline
EV-011,37,90.0,58.905,False,2026-10-03 03:15,baseline
EV-012,37,90.0,58.905,False,2026-10-03 03:15,baseline
EV-013,37,90.0,56.448,False,2026-10-03 03:15,baseline
EV-014,37,90.0,61.614,False,2026-10-03 03:15,baseline
EV-015,37,90.0,34.164,False,2026-10-03 03:15,baseline
EV-016,37,90.0,61.236,False,2026-10-03 03:15,baseline
EV-017,37,90.0,57.897,False,2026-10-03 03:15,baseline
EV-018,37,90.0,57.771,False,2026-10-03 03:15,baseline
EV-019,37,90.0,31.068,False,2026-10-03 03:15,baseline
EV-020,37,90.0,35.82,False,2026-10-03 03:15,baseline
EV-021,37,90.0,31.104,False,2026-10-03 03:15,baseline
EV-022,37,90.0,33.732,False,2026-10-03 03:15,baseline
EV-023,37,90.0,57.645,False,2026-10-03 03:15,baseline
EV-025,37,90.0,31.176,False,2026-10-03 03:15,baseline
EV-026,37,90.0,33.804,False,2026-10-03 03:15,baseline
EV-027,37,90.0,54.306,False,2026-10-03 03:15,baseline
EV-028,37,80.6,51.984,False,2026-10-03 03:15,baseline
EV-029,37,90.0,53.739,False,2026-10-03 03:15,baseline
EV-030,37,90.0,54.558,False,2026-10-03 03:15,baseline
EV-001,38,24.3,27.83,False,2026-10-03 03:30,baseline
EV-002,38,90.0,54.747,False,2026-10-03 03:30,baseline
EV-004,38,52.8,59.828,False,2026-10-03 03:30,baseline
EV-005,38,36.5,42.384,False,2026-10-03 03:30,baseline
EV-006,38,90.0,34.272,False,2026-10-03 03:30,baseline
EV-007,38,90.0,33.12,False,2026-10-03 03:30,baseline
EV-008,38,90.0,34.2,False,2026-10-03 03:30,baseline
EV-009,38,90.0,32.148,False,2026-10-03 03:30,baseline
EV-010,38,90.0,34.848,False,2026-10-03 03:30,baseline
EV-011,38,90.0,58.905,False,2026-10-03 03:30,baseline
EV-012,38,90.0,58.905,False,2026-10-03 03:30,baseline
EV-013,38,90.0,56.448,False,2026-10-03 03:30,baseline
EV-014,38,90.0,61.614,False,2026-10-03 03:30,baseline
EV-015,38,90.0,34.164,False,2026-10-03 03:30,baseline
EV-016,38,90.0,61.236,False,2026-10-03 03:30,baseline
EV-017,38,90.0,57.897,False,2026-10-03 03:30,baseline
EV-018,38,90.0,57.771,False,2026-10-03 03:30,baseline
EV-019,38,90.0,31.068,False,2026-10-03 03:30,baseline
EV-020,38,90.0,35.82,False,2026-10-03 03:30,baseline
EV-021,38,90.0,31.104,False,2026-10-03 03:30,baseline
EV-022,38,90.0,33.732,False,2026-10-03 03:30,baseline
EV-023,38,90.0,57.645,False,2026-10-03 03:30,baseline
EV-025,38,90.0,31.176,False,2026-10-03 03:30,baseline
EV-026,38,90.0,33.804,False,2026-10-03 03:30,baseline
EV-027,38,90.0,54.306,False,2026-10-03 03:30,baseline
EV-028,38,84.6,54.514,False,2026-10-03 03:30,baseline
EV-029,38,90.0,53.739,False,2026-10-03 03:30,baseline
EV-030,38,90.0,54.558,False,2026-10-03 03:30,baseline
EV-001,39,26.5,30.36,False,2026-10-03 03:45,baseline
EV-002,39,90.0,54.747,False,2026-10-03 03:45,baseline
EV-004,39,55.0,62.358,False,2026-10-03 03:45,baseline
EV-005,39,38.7,44.914,False,2026-10-03 03:45,baseline
EV-006,39,90.0,34.272,False,2026-10-03 03:45,baseline
EV-007,39,90.0,33.12,False,2026-10-03 03:45,baseline
EV-008,39,90.0,34.2,False,2026-10-03 03:45,baseline
EV-009,39,90.0,32.148,False,2026-10-03 03:45,baseline
EV-010,39,90.0,34.848,False,2026-10-03 03:45,baseline
EV-011,39,90.0,58.905,False,2026-10-03 03:45,baseline
EV-012,39,90.0,58.905,False,2026-10-03 03:45,baseline
EV-013,39,90.0,56.448,False,2026-10-03 03:45,baseline
EV-014,39,90.0,61.614,False,2026-10-03 03:45,baseline
EV-015,39,90.0,34.164,False,2026-10-03 03:45,baseline
EV-016,39,90.0,61.236,False,2026-10-03 03:45,baseline
EV-017,39,90.0,57.897,False,2026-10-03 03:45,baseline
EV-018,39,90.0,57.771,False,2026-10-03 03:45,baseline
EV-019,39,90.0,31.068,False,2026-10-03 03:45,baseline
EV-020,39,90.0,35.82,False,2026-10-03 03:45,baseline
EV-021,39,90.0,31.104,False,2026-10-03 03:45,baseline
EV-022,39,90.0,33.732,False,2026-10-03 03:45,baseline
EV-023,39,90.0,57.645,False,2026-10-03 03:45,baseline
EV-025,39,90.0,31.176,False,2026-10-03 03:45,baseline
EV-026,39,90.0,33.804,False,2026-10-03 03:45,baseline
EV-027,39,90.0,54.306,False,2026-10-03 03:45,baseline
EV-028,39,88.5,57.044,False,2026-10-03 03:45,baseline
EV-029,39,90.0,53.739,False,2026-10-03 03:45,baseline
EV-030,39,90.0,54.558,False,2026-10-03 03:45,baseline
EV-001,40,28.7,32.89,False,2026-10-03 04:00,baseline
EV-002,40,90.0,54.747,False,2026-10-03 04:00,baseline
EV-004,40,57.2,64.888,False,2026-10-03 04:00,baseline
EV-005,40,40.9,47.444,False,2026-10-03 04:00,baseline
EV-006,40,90.0,34.272,False,2026-10-03 04:00,baseline
EV-007,40,90.0,33.12,False,2026-10-03 04:00,baseline
EV-008,40,90.0,34.2,False,2026-10-03 04:00,baseline
EV-009,40,90.0,32.148,False,2026-10-03 04:00,baseline
EV-010,40,90.0,34.848,False,2026-10-03 04:00,baseline
EV-011,40,90.0,58.905,False,2026-10-03 04:00,baseline
EV-012,40,90.0,58.905,False,2026-10-03 04:00,baseline
EV-013,40,90.0,56.448,False,2026-10-03 04:00,baseline
EV-014,40,90.0,61.614,False,2026-10-03 04:00,baseline
EV-015,40,90.0,34.164,False,2026-10-03 04:00,baseline
EV-016,40,90.0,61.236,False,2026-10-03 04:00,baseline
EV-017,40,90.0,57.897,False,2026-10-03 04:00,baseline
EV-018,40,90.0,57.771,False,2026-10-03 04:00,baseline
EV-019,40,90.0,31.068,False,2026-10-03 04:00,baseline
EV-020,40,90.0,35.82,False,2026-10-03 04:00,baseline
EV-021,40,90.0,31.104,False,2026-10-03 04:00,baseline
EV-022,40,90.0,33.732,False,2026-10-03 04:00,baseline
EV-023,40,90.0,57.645,False,2026-10-03 04:00,baseline
EV-025,40,90.0,31.176,False,2026-10-03 04:00,baseline
EV-026,40,90.0,33.804,False,2026-10-03 04:00,baseline
EV-027,40,90.0,54.306,False,2026-10-03 04:00,baseline
EV-028,40,90.0,58.023,False,2026-10-03 04:00,baseline
EV-029,40,90.0,53.739,False,2026-10-03 04:00,baseline
EV-030,40,90.0,54.558,False,2026-10-03 04:00,baseline
EV-001,41,30.9,35.42,False,2026-10-03 04:15,baseline
EV-002,41,90.0,54.747,False,2026-10-03 04:15,baseline
EV-004,41,59.5,67.418,False,2026-10-03 04:15,baseline
EV-005,41,43.1,49.974,False,2026-10-03 04:15,baseline
EV-006,41,90.0,34.272,False,2026-10-03 04:15,baseline
EV-007,41,90.0,33.12,False,2026-10-03 04:15,baseline
EV-008,41,90.0,34.2,False,2026-10-03 04:15,baseline
EV-009,41,90.0,32.148,False,2026-10-03 04:15,baseline
EV-010,41,90.0,34.848,False,2026-10-03 04:15,baseline
EV-011,41,90.0,58.905,False,2026-10-03 04:15,baseline
EV-012,41,90.0,58.905,False,2026-10-03 04:15,baseline
EV-013,41,90.0,56.448,False,2026-10-03 04:15,baseline
EV-014,41,90.0,61.614,False,2026-10-03 04:15,baseline
EV-015,41,90.0,34.164,False,2026-10-03 04:15,baseline
EV-016,41,90.0,61.236,False,2026-10-03 04:15,baseline
EV-017,41,90.0,57.897,False,2026-10-03 04:15,baseline
EV-018,41,90.0,57.771,False,2026-10-03 04:15,baseline
EV-019,41,90.0,31.068,False,2026-10-03 04:15,baseline
EV-020,41,90.0,35.82,False,2026-10-03 04:15,baseline
EV-021,41,90.0,31.104,False,2026-10-03 04:15,baseline
EV-022,41,90.0,33.732,False,2026-10-03 04:15,baseline
EV-023,41,90.0,57.645,False,2026-10-03 04:15,baseline
EV-025,41,90.0,31.176,False,2026-10-03 04:15,baseline
EV-026,41,90.0,33.804,False,2026-10-03 04:15,baseline
EV-027,41,90.0,54.306,False,2026-10-03 04:15,baseline
EV-028,41,90.0,58.023,False,2026-10-03 04:15,baseline
EV-029,41,90.0,53.739,False,2026-10-03 04:15,baseline
EV-030,41,90.0,54.558,False,2026-10-03 04:15,baseline
EV-001,42,33.1,37.95,False,2026-10-03 04:30,baseline
EV-002,42,90.0,54.747,False,2026-10-03 04:30,baseline
EV-004,42,61.7,69.948,False,2026-10-03 04:30,baseline
EV-005,42,45.2,52.504,False,2026-10-03 04:30,baseline
EV-006,42,90.0,34.272,False,2026-10-03 04:30,baseline
EV-007,42,90.0,33.12,False,2026-10-03 04:30,baseline
EV-008,42,90.0,34.2,False,2026-10-03 04:30,baseline
EV-009,42,90.0,32.148,False,2026-10-03 04:30,baseline
EV-010,42,90.0,34.848,False,2026-10-03 04:30,baseline
EV-011,42,90.0,58.905,False,2026-10-03 04:30,baseline
EV-012,42,90.0,58.905,False,2026-10-03 04:30,baseline
EV-013,42,90.0,56.448,False,2026-10-03 04:30,baseline
EV-014,42,90.0,61.614,False,2026-10-03 04:30,baseline
EV-015,42,90.0,34.164,False,2026-10-03 04:30,baseline
EV-016,42,90.0,61.236,False,2026-10-03 04:30,baseline
EV-017,42,90.0,57.897,False,2026-10-03 04:30,baseline
EV-018,42,90.0,57.771,False,2026-10-03 04:30,baseline
EV-019,42,90.0,31.068,False,2026-10-03 04:30,baseline
EV-020,42,90.0,35.82,False,2026-10-03 04:30,baseline
EV-021,42,90.0,31.104,False,2026-10-03 04:30,baseline
EV-022,42,90.0,33.732,False,2026-10-03 04:30,baseline
EV-023,42,90.0,57.645,False,2026-10-03 04:30,baseline
EV-025,42,90.0,31.176,False,2026-10-03 04:30,baseline
EV-026,42,90.0,33.804,False,2026-10-03 04:30,baseline
EV-027,42,90.0,54.306,False,2026-10-03 04:30,baseline
EV-028,42,90.0,58.023,False,2026-10-03 04:30,baseline
EV-029,42,90.0,53.739,False,2026-10-03 04:30,baseline
EV-030,42,90.0,54.558,False,2026-10-03 04:30,baseline
EV-001,43,35.3,40.48,False,2026-10-03 04:45,baseline
EV-002,43,90.0,54.747,False,2026-10-03 04:45,baseline
EV-004,43,63.9,72.478,False,2026-10-03 04:45,baseline
EV-005,43,47.4,55.034,False,2026-10-03 04:45,baseline
EV-006,43,90.0,34.272,False,2026-10-03 04:45,baseline
EV-007,43,90.0,33.12,False,2026-10-03 04:45,baseline
EV-008,43,90.0,34.2,False,2026-10-03 04:45,baseline
EV-009,43,90.0,32.148,False,2026-10-03 04:45,baseline
EV-010,43,90.0,34.848,False,2026-10-03 04:45,baseline
EV-011,43,90.0,58.905,False,2026-10-03 04:45,baseline
EV-012,43,90.0,58.905,False,2026-10-03 04:45,baseline
EV-013,43,90.0,56.448,False,2026-10-03 04:45,baseline
EV-014,43,90.0,61.614,False,2026-10-03 04:45,baseline
EV-015,43,90.0,34.164,False,2026-10-03 04:45,baseline
EV-016,43,90.0,61.236,False,2026-10-03 04:45,baseline
EV-017,43,90.0,57.897,False,2026-10-03 04:45,baseline
EV-018,43,90.0,57.771,False,2026-10-03 04:45,baseline
EV-019,43,90.0,31.068,False,2026-10-03 04:45,baseline
EV-020,43,90.0,35.82,False,2026-10-03 04:45,baseline
EV-021,43,90.0,31.104,False,2026-10-03 04:45,baseline
EV-022,43,90.0,33.732,False,2026-10-03 04:45,baseline
EV-023,43,90.0,57.645,False,2026-10-03 04:45,baseline
EV-025,43,90.0,31.176,False,2026-10-03 04:45,baseline
EV-026,43,90.0,33.804,False,2026-10-03 04:45,baseline
EV-027,43,90.0,54.306,False,2026-10-03 04:45,baseline
EV-028,43,90.0,58.023,False,2026-10-03 04:45,baseline
EV-029,43,90.0,53.739,False,2026-10-03 04:45,baseline
EV-030,43,90.0,54.558,False,2026-10-03 04:45,baseline
EV-001,44,37.5,43.01,False,2026-10-03 05:00,baseline
EV-002,44,90.0,54.747,False,2026-10-03 05:00,baseline
EV-004,44,66.1,75.008,False,2026-10-03 05:00,baseline
EV-005,44,49.6,57.564,False,2026-10-03 05:00,baseline
EV-006,44,90.0,34.272,False,2026-10-03 05:00,baseline
EV-007,44,90.0,33.12,False,2026-10-03 05:00,baseline
EV-008,44,90.0,34.2,False,2026-10-03 05:00,baseline
EV-009,44,90.0,32.148,False,2026-10-03 05:00,baseline
EV-010,44,90.0,34.848,False,2026-10-03 05:00,baseline
EV-011,44,90.0,58.905,False,2026-10-03 05:00,baseline
EV-012,44,90.0,58.905,False,2026-10-03 05:00,baseline
EV-013,44,90.0,56.448,False,2026-10-03 05:00,baseline
EV-014,44,90.0,61.614,False,2026-10-03 05:00,baseline
EV-015,44,90.0,34.164,False,2026-10-03 05:00,baseline
EV-016,44,90.0,61.236,False,2026-10-03 05:00,baseline
EV-017,44,90.0,57.897,False,2026-10-03 05:00,baseline
EV-018,44,90.0,57.771,False,2026-10-03 05:00,baseline
EV-019,44,90.0,31.068,False,2026-10-03 05:00,baseline
EV-020,44,90.0,35.82,False,2026-10-03 05:00,baseline
EV-021,44,90.0,31.104,False,2026-10-03 05:00,baseline
EV-022,44,90.0,33.732,False,2026-10-03 05:00,baseline
EV-023,44,90.0,57.645,False,2026-10-03 05:00,baseline
EV-025,44,90.0,31.176,False,2026-10-03 05:00,baseline
EV-026,44,90.0,33.804,False,2026-10-03 05:00,baseline
EV-027,44,90.0,54.306,False,2026-10-03 05:00,baseline
EV-028,44,90.0,58.023,False,2026-10-03 05:00,baseline
EV-029,44,90.0,53.739,False,2026-10-03 05:00,baseline
EV-030,44,90.0,54.558,False,2026-10-03 05:00,baseline
EV-001,45,39.7,45.54,False,2026-10-03 05:15,baseline
EV-002,45,90.0,54.747,False,2026-10-03 05:15,baseline
EV-004,45,68.4,77.538,False,2026-10-03 05:15,baseline
EV-005,45,51.8,60.094,False,2026-10-03 05:15,baseline
EV-006,45,90.0,34.272,False,2026-10-03 05:15,baseline
EV-007,45,90.0,33.12,False,2026-10-03 05:15,baseline
EV-008,45,90.0,34.2,False,2026-10-03 05:15,baseline
EV-009,45,90.0,32.148,False,2026-10-03 05:15,baseline
EV-010,45,90.0,34.848,False,2026-10-03 05:15,baseline
EV-011,45,90.0,58.905,False,2026-10-03 05:15,baseline
EV-012,45,90.0,58.905,False,2026-10-03 05:15,baseline
EV-013,45,90.0,56.448,False,2026-10-03 05:15,baseline
EV-014,45,90.0,61.614,False,2026-10-03 05:15,baseline
EV-015,45,90.0,34.164,False,2026-10-03 05:15,baseline
EV-016,45,90.0,61.236,False,2026-10-03 05:15,baseline
EV-017,45,90.0,57.897,False,2026-10-03 05:15,baseline
EV-018,45,90.0,57.771,False,2026-10-03 05:15,baseline
EV-019,45,90.0,31.068,False,2026-10-03 05:15,baseline
EV-020,45,90.0,35.82,False,2026-10-03 05:15,baseline
EV-021,45,90.0,31.104,False,2026-10-03 05:15,baseline
EV-022,45,90.0,33.732,False,2026-10-03 05:15,baseline
EV-023,45,90.0,57.645,False,2026-10-03 05:15,baseline
EV-025,45,90.0,31.176,False,2026-10-03 05:15,baseline
EV-026,45,90.0,33.804,False,2026-10-03 05:15,baseline
EV-027,45,90.0,54.306,False,2026-10-03 05:15,baseline
EV-028,45,90.0,58.023,False,2026-10-03 05:15,baseline
EV-029,45,90.0,53.739,False,2026-10-03 05:15,baseline
EV-030,45,90.0,54.558,False,2026-10-03 05:15,baseline
EV-001,46,41.9,48.07,False,2026-10-03 05:30,baseline
EV-002,46,90.0,54.747,False,2026-10-03 05:30,baseline
EV-004,46,70.6,80.068,False,2026-10-03 05:30,baseline
EV-005,46,54.0,62.624,False,2026-10-03 05:30,baseline
EV-006,46,90.0,34.272,False,2026-10-03 05:30,baseline
EV-007,46,90.0,33.12,False,2026-10-03 05:30,baseline
EV-008,46,90.0,34.2,False,2026-10-03 05:30,baseline
EV-009,46,90.0,32.148,False,2026-10-03 05:30,baseline
EV-010,46,90.0,34.848,False,2026-10-03 05:30,baseline
EV-011,46,90.0,58.905,False,2026-10-03 05:30,baseline
EV-012,46,90.0,58.905,False,2026-10-03 05:30,baseline
EV-013,46,90.0,56.448,False,2026-10-03 05:30,baseline
EV-014,46,90.0,61.614,False,2026-10-03 05:30,baseline
EV-015,46,90.0,34.164,False,2026-10-03 05:30,baseline
EV-016,46,90.0,61.236,False,2026-10-03 05:30,baseline
EV-017,46,90.0,57.897,False,2026-10-03 05:30,baseline
EV-018,46,90.0,57.771,False,2026-10-03 05:30,baseline
EV-019,46,90.0,31.068,False,2026-10-03 05:30,baseline
EV-020,46,90.0,35.82,False,2026-10-03 05:30,baseline
EV-021,46,90.0,31.104,False,2026-10-03 05:30,baseline
EV-022,46,90.0,33.732,False,2026-10-03 05:30,baseline
EV-023,46,90.0,57.645,False,2026-10-03 05:30,baseline
EV-025,46,90.0,31.176,False,2026-10-03 05:30,baseline
EV-026,46,90.0,33.804,False,2026-10-03 05:30,baseline
EV-027,46,90.0,54.306,False,2026-10-03 05:30,baseline
EV-028,46,90.0,58.023,False,2026-10-03 05:30,baseline
EV-029,46,90.0,53.739,False,2026-10-03 05:30,baseline
EV-030,46,90.0,54.558,False,2026-10-03 05:30,baseline
EV-001,47,44.2,50.6,False,2026-10-03 05:45,baseline
EV-002,47,90.0,54.747,False,2026-10-03 05:45,baseline
EV-004,47,72.8,82.598,False,2026-10-03 05:45,baseline
EV-005,47,56.1,65.154,False,2026-10-03 05:45,baseline
EV-006,47,90.0,34.272,False,2026-10-03 05:45,baseline
EV-007,47,90.0,33.12,False,2026-10-03 05:45,baseline
EV-008,47,90.0,34.2,False,2026-10-03 05:45,baseline
EV-009,47,90.0,32.148,False,2026-10-03 05:45,baseline
EV-010,47,90.0,34.848,False,2026-10-03 05:45,baseline
EV-011,47,90.0,58.905,False,2026-10-03 05:45,baseline
EV-012,47,90.0,58.905,False,2026-10-03 05:45,baseline
EV-013,47,90.0,56.448,False,2026-10-03 05:45,baseline
EV-014,47,90.0,61.614,False,2026-10-03 05:45,baseline
EV-015,47,90.0,34.164,False,2026-10-03 05:45,baseline
EV-016,47,90.0,61.236,False,2026-10-03 05:45,baseline
EV-017,47,90.0,57.897,False,2026-10-03 05:45,baseline
EV-018,47,90.0,57.771,False,2026-10-03 05:45,baseline
EV-019,47,90.0,31.068,False,2026-10-03 05:45,baseline
EV-020,47,90.0,35.82,False,2026-10-03 05:45,baseline
EV-021,47,90.0,31.104,False,2026-10-03 05:45,baseline
EV-022,47,90.0,33.732,False,2026-10-03 05:45,baseline
EV-023,47,90.0,57.645,False,2026-10-03 05:45,baseline
EV-025,47,90.0,31.176,False,2026-10-03 05:45,baseline
EV-026,47,90.0,33.804,False,2026-10-03 05:45,baseline
EV-027,47,90.0,54.306,False,2026-10-03 05:45,baseline
EV-028,47,90.0,58.023,False,2026-10-03 05:45,baseline
EV-029,47,90.0,53.739,False,2026-10-03 05:45,baseline
EV-030,47,90.0,54.558,False,2026-10-03 05:45,baseline
EV-001,48,46.4,53.13,False,2026-10-03 06:00,baseline
EV-002,48,90.0,54.747,False,2026-10-03 06:00,baseline
EV-004,48,75.1,85.128,True,2026-10-03 06:00,baseline
EV-005,48,58.3,67.684,True,2026-10-03 06:00,baseline
EV-006,48,90.0,34.272,False,2026-10-03 06:00,baseline
EV-007,48,90.0,33.12,False,2026-10-03 06:00,baseline
EV-008,48,90.0,34.2,False,2026-10-03 06:00,baseline
EV-009,48,90.0,32.148,False,2026-10-03 06:00,baseline
EV-010,48,90.0,34.848,False,2026-10-03 06:00,baseline
EV-011,48,90.0,58.905,False,2026-10-03 06:00,baseline
EV-012,48,90.0,58.905,False,2026-10-03 06:00,baseline
EV-013,48,90.0,56.448,False,2026-10-03 06:00,baseline
EV-014,48,90.0,61.614,False,2026-10-03 06:00,baseline
EV-015,48,90.0,34.164,False,2026-10-03 06:00,baseline
EV-016,48,90.0,61.236,False,2026-10-03 06:00,baseline
EV-017,48,90.0,57.897,False,2026-10-03 06:00,baseline
EV-018,48,90.0,57.771,False,2026-10-03 06:00,baseline
EV-019,48,90.0,31.068,False,2026-10-03 06:00,baseline
EV-020,48,90.0,35.82,False,2026-10-03 06:00,baseline
EV-021,48,90.0,31.104,False,2026-10-03 06:00,baseline
EV-022,48,90.0,33.732,False,2026-10-03 06:00,baseline
EV-023,48,90.0,57.645,True,2026-10-03 06:00,baseline
EV-025,48,90.0,31.176,False,2026-10-03 06:00,baseline
EV-026,48,90.0,33.804,False,2026-10-03 06:00,baseline
EV-027,48,90.0,54.306,True,2026-10-03 06:00,baseline
EV-028,48,90.0,58.023,False,2026-10-03 06:00,baseline
EV-029,48,90.0,53.739,False,2026-10-03 06:00,baseline
EV-030,48,90.0,54.558,False,2026-10-03 06:00,baseline
EV-001,49,48.6,55.66,True,2026-10-03 06:15,baseline
EV-002,49,90.0,54.747,False,2026-10-03 06:15,baseline
EV-004,49,75.1,85.128,True,2026-10-03 06:15,baseline
EV-005,49,58.3,67.684,True,2026-10-03 06:15,baseline
EV-006,49,90.0,34.272,False,2026-10-03 06:15,baseline
EV-007,49,90.0,33.12,False,2026-10-03 06:15,baseline
EV-008,49,90.0,34.2,False,2026-10-03 06:15,baseline
EV-009,49,90.0,32.148,False,2026-10-03 06:15,baseline
EV-010,49,90.0,34.848,False,2026-10-03 06:15,baseline
EV-011,49,90.0,58.905,False,2026-10-03 06:15,baseline
EV-012,49,90.0,58.905,False,2026-10-03 06:15,baseline
EV-013,49,90.0,56.448,False,2026-10-03 06:15,baseline
EV-014,49,90.0,61.614,False,2026-10-03 06:15,baseline
EV-015,49,90.0,34.164,False,2026-10-03 06:15,baseline
EV-016,49,90.0,61.236,False,2026-10-03 06:15,baseline
EV-017,49,90.0,57.897,False,2026-10-03 06:15,baseline
EV-018,49,90.0,57.771,False,2026-10-03 06:15,baseline
EV-019,49,90.0,31.068,False,2026-10-03 06:15,baseline
EV-020,49,90.0,35.82,False,2026-10-03 06:15,baseline
EV-021,49,90.0,31.104,False,2026-10-03 06:15,baseline
EV-022,49,90.0,33.732,False,2026-10-03 06:15,baseline
EV-023,49,90.0,57.645,True,2026-10-03 06:15,baseline
EV-025,49,90.0,31.176,False,2026-10-03 06:15,baseline
EV-026,49,90.0,33.804,False,2026-10-03 06:15,baseline
EV-027,49,90.0,54.306,True,2026-10-03 06:15,baseline
EV-028,49,90.0,58.023,False,2026-10-03 06:15,baseline
EV-029,49,90.0,53.739,False,2026-10-03 06:15,baseline
EV-030,49,90.0,54.558,False,2026-10-03 06:15,baseline
EV-001,50,48.6,55.66,True,2026-10-03 06:30,baseline
EV-002,50,90.0,54.747,False,2026-10-03 06:30,baseline
EV-004,50,75.1,85.128,True,2026-10-03 06:30,baseline
EV-005,50,58.3,67.684,True,2026-10-03 06:30,baseline
EV-006,50,90.0,34.272,False,2026-10-03 06:30,baseline
EV-007,50,90.0,33.12,False,2026-10-03 06:30,baseline
EV-008,50,90.0,34.2,False,2026-10-03 06:30,baseline
EV-009,50,90.0,32.148,False,2026-10-03 06:30,baseline
EV-010,50,90.0,34.848,False,2026-10-03 06:30,baseline
EV-011,50,90.0,58.905,False,2026-10-03 06:30,baseline
EV-012,50,90.0,58.905,False,2026-10-03 06:30,baseline
EV-013,50,90.0,56.448,False,2026-10-03 06:30,baseline
EV-014,50,90.0,61.614,False,2026-10-03 06:30,baseline
EV-015,50,90.0,34.164,False,2026-10-03 06:30,baseline
EV-016,50,90.0,61.236,False,2026-10-03 06:30,baseline
EV-017,50,90.0,57.897,False,2026-10-03 06:30,baseline
EV-018,50,90.0,57.771,False,2026-10-03 06:30,baseline
EV-019,50,90.0,31.068,False,2026-10-03 06:30,baseline
EV-020,50,90.0,35.82,False,2026-10-03 06:30,baseline
EV-021,50,90.0,31.104,False,2026-10-03 06:30,baseline
EV-022,50,90.0,33.732,False,2026-10-03 06:30,baseline
EV-023,50,90.0,57.645,True,2026-10-03 06:30,baseline
EV-025,50,90.0,31.176,False,2026-10-03 06:30,baseline
EV-026,50,90.0,33.804,False,2026-10-03 06:30,baseline
EV-027,50,90.0,54.306,True,2026-10-03 06:30,baseline
EV-028,50,90.0,58.023,False,2026-10-03 06:30,baseline
EV-029,50,90.0,53.739,False,2026-10-03 06:30,baseline
EV-030,50,90.0,54.558,False,2026-10-03 06:30,baseline
EV-001,51,48.6,55.66,True,2026-10-03 06:45,baseline
EV-002,51,90.0,54.747,False,2026-10-03 06:45,baseline
EV-004,51,75.1,85.128,True,2026-10-03 06:45,baseline
EV-005,51,58.3,67.684,True,2026-10-03 06:45,baseline
EV-006,51,90.0,34.272,False,2026-10-03 06:45,baseline
EV-007,51,90.0,33.12,False,2026-10-03 06:45,baseline
EV-008,51,90.0,34.2,False,2026-10-03 06:45,baseline
EV-009,51,90.0,32.148,False,2026-10-03 06:45,baseline
EV-010,51,90.0,34.848,False,2026-10-03 06:45,baseline
EV-011,51,90.0,58.905,False,2026-10-03 06:45,baseline
EV-012,51,90.0,58.905,False,2026-10-03 06:45,baseline
EV-013,51,90.0,56.448,False,2026-10-03 06:45,baseline
EV-014,51,90.0,61.614,False,2026-10-03 06:45,baseline
EV-015,51,90.0,34.164,False,2026-10-03 06:45,baseline
EV-016,51,90.0,61.236,False,2026-10-03 06:45,baseline
EV-017,51,90.0,57.897,False,2026-10-03 06:45,baseline
EV-018,51,90.0,57.771,False,2026-10-03 06:45,baseline
EV-019,51,90.0,31.068,False,2026-10-03 06:45,baseline
EV-020,51,90.0,35.82,False,2026-10-03 06:45,baseline
EV-021,51,90.0,31.104,False,2026-10-03 06:45,baseline
EV-022,51,90.0,33.732,False,2026-10-03 06:45,baseline
EV-023,51,90.0,57.645,True,2026-10-03 06:45,baseline
EV-025,51,90.0,31.176,False,2026-10-03 06:45,baseline
EV-026,51,90.0,33.804,False,2026-10-03 06:45,baseline
EV-027,51,90.0,54.306,True,2026-10-03 06:45,baseline
EV-028,51,90.0,58.023,False,2026-10-03 06:45,baseline
EV-029,51,90.0,53.739,False,2026-10-03 06:45,baseline
EV-030,51,90.0,54.558,False,2026-10-03 06:45,baseline
EV-001,52,48.6,55.66,True,2026-10-03 07:00,baseline
EV-002,52,90.0,54.747,False,2026-10-03 07:00,baseline
EV-004,52,75.1,85.128,True,2026-10-03 07:00,baseline
EV-005,52,58.3,67.684,True,2026-10-03 07:00,baseline
EV-006,52,90.0,34.272,False,2026-10-03 07:00,baseline
EV-007,52,90.0,33.12,False,2026-10-03 07:00,baseline
EV-008,52,90.0,34.2,False,2026-10-03 07:00,baseline
EV-009,52,90.0,32.148,False,2026-10-03 07:00,baseline
EV-010,52,90.0,34.848,False,2026-10-03 07:00,baseline
EV-011,52,90.0,58.905,False,2026-10-03 07:00,baseline
EV-012,52,90.0,58.905,False,2026-10-03 07:00,baseline
EV-013,52,90.0,56.448,False,2026-10-03 07:00,baseline
EV-014,52,90.0,61.614,False,2026-10-03 07:00,baseline
EV-015,52,90.0,34.164,False,2026-10-03 07:00,baseline
EV-016,52,90.0,61.236,False,2026-10-03 07:00,baseline
EV-017,52,90.0,57.897,False,2026-10-03 07:00,baseline
EV-018,52,90.0,57.771,False,2026-10-03 07:00,baseline
EV-019,52,90.0,31.068,False,2026-10-03 07:00,baseline
EV-020,52,90.0,35.82,False,2026-10-03 07:00,baseline
EV-021,52,90.0,31.104,False,2026-10-03 07:00,baseline
EV-022,52,90.0,33.732,False,2026-10-03 07:00,baseline
EV-023,52,90.0,57.645,True,2026-10-03 07:00,baseline
EV-025,52,90.0,31.176,False,2026-10-03 07:00,baseline
EV-026,52,90.0,33.804,False,2026-10-03 07:00,baseline
EV-027,52,90.0,54.306,True,2026-10-03 07:00,baseline
EV-028,52,90.0,58.023,False,2026-10-03 07:00,baseline
EV-029,52,90.0,53.739,False,2026-10-03 07:00,baseline
EV-030,52,90.0,54.558,False,2026-10-03 07:00,baseline
EV-001,53,48.6,55.66,True,2026-10-03 07:15,baseline
EV-002,53,90.0,54.747,False,2026-10-03 07:15,baseline
EV-004,53,75.1,85.128,True,2026-10-03 07:15,baseline
EV-005,53,58.3,67.684,True,2026-10-03 07:15,baseline
EV-006,53,90.0,34.272,False,2026-10-03 07:15,baseline
EV-007,53,90.0,33.12,False,2026-10-03 07:15,baseline
EV-008,53,90.0,34.2,False,2026-10-03 07:15,baseline
EV-009,53,90.0,32.148,False,2026-10-03 07:15,baseline
EV-010,53,90.0,34.848,False,2026-10-03 07:15,baseline
EV-011,53,90.0,58.905,False,2026-10-03 07:15,baseline
EV-012,53,90.0,58.905,False,2026-10-03 07:15,baseline
EV-013,53,90.0,56.448,False,2026-10-03 07:15,baseline
EV-014,53,90.0,61.614,False,2026-10-03 07:15,baseline
EV-015,53,90.0,34.164,False,2026-10-03 07:15,baseline
EV-016,53,90.0,61.236,False,2026-10-03 07:15,baseline
EV-017,53,90.0,57.897,False,2026-10-03 07:15,baseline
EV-018,53,90.0,57.771,False,2026-10-03 07:15,baseline
EV-019,53,90.0,31.068,False,2026-10-03 07:15,baseline
EV-020,53,90.0,35.82,False,2026-10-03 07:15,baseline
EV-021,53,90.0,31.104,False,2026-10-03 07:15,baseline
EV-022,53,90.0,33.732,False,2026-10-03 07:15,baseline
EV-023,53,90.0,57.645,True,2026-10-03 07:15,baseline
EV-025,53,90.0,31.176,False,2026-10-03 07:15,baseline
EV-026,53,90.0,33.804,False,2026-10-03 07:15,baseline
EV-027,53,90.0,54.306,True,2026-10-03 07:15,baseline
EV-028,53,90.0,58.023,False,2026-10-03 07:15,baseline
EV-029,53,90.0,53.739,False,2026-10-03 07:15,baseline
EV-030,53,90.0,54.558,False,2026-10-03 07:15,baseline
EV-001,54,48.6,55.66,True,2026-10-03 07:30,baseline
EV-002,54,90.0,54.747,False,2026-10-03 07:30,baseline
EV-004,54,75.1,85.128,True,2026-10-03 07:30,baseline
EV-005,54,58.3,67.684,True,2026-10-03 07:30,baseline
EV-006,54,90.0,34.272,False,2026-10-03 07:30,baseline
EV-007,54,90.0,33.12,False,2026-10-03 07:30,baseline
EV-008,54,90.0,34.2,False,2026-10-03 07:30,baseline
EV-009,54,90.0,32.148,False,2026-10-03 07:30,baseline
EV-010,54,90.0,34.848,False,2026-10-03 07:30,baseline
EV-011,54,90.0,58.905,True,2026-10-03 07:30,baseline
EV-012,54,90.0,58.905,False,2026-10-03 07:30,baseline
EV-013,54,90.0,56.448,False,2026-10-03 07:30,baseline
EV-014,54,90.0,61.614,False,2026-10-03 07:30,baseline
EV-015,54,90.0,34.164,False,2026-10-03 07:30,baseline
EV-016,54,90.0,61.236,False,2026-10-03 07:30,baseline
EV-017,54,90.0,57.897,False,2026-10-03 07:30,baseline
EV-018,54,90.0,57.771,False,2026-10-03 07:30,baseline
EV-019,54,90.0,31.068,False,2026-10-03 07:30,baseline
EV-020,54,90.0,35.82,False,2026-10-03 07:30,baseline
EV-021,54,90.0,31.104,False,2026-10-03 07:30,baseline
EV-022,54,90.0,33.732,False,2026-10-03 07:30,baseline
EV-023,54,90.0,57.645,True,2026-10-03 07:30,baseline
EV-025,54,90.0,31.176,False,2026-10-03 07:30,baseline
EV-026,54,90.0,33.804,False,2026-10-03 07:30,baseline
EV-027,54,90.0,54.306,True,2026-10-03 07:30,baseline
EV-028,54,90.0,58.023,False,2026-10-03 07:30,baseline
EV-029,54,90.0,53.739,False,2026-10-03 07:30,baseline
EV-030,54,90.0,54.558,False,2026-10-03 07:30,baseline
EV-001,55,48.6,55.66,True,2026-10-03 07:45,baseline
EV-002,55,90.0,54.747,False,2026-10-03 07:45,baseline
EV-004,55,75.1,85.128,True,2026-10-03 07:45,baseline
EV-005,55,58.3,67.684,True,2026-10-03 07:45,baseline
EV-006,55,90.0,34.272,False,2026-10-03 07:45,baseline
EV-007,55,90.0,33.12,False,2026-10-03 07:45,baseline
EV-008,55,90.0,34.2,False,2026-10-03 07:45,baseline
EV-009,55,90.0,32.148,False,2026-10-03 07:45,baseline
EV-010,55,90.0,34.848,False,2026-10-03 07:45,baseline
EV-011,55,90.0,58.905,True,2026-10-03 07:45,baseline
EV-012,55,90.0,58.905,False,2026-10-03 07:45,baseline
EV-013,55,90.0,56.448,False,2026-10-03 07:45,baseline
EV-014,55,90.0,61.614,False,2026-10-03 07:45,baseline
EV-015,55,90.0,34.164,False,2026-10-03 07:45,baseline
EV-016,55,90.0,61.236,False,2026-10-03 07:45,baseline
EV-017,55,90.0,57.897,False,2026-10-03 07:45,baseline
EV-018,55,90.0,57.771,False,2026-10-03 07:45,baseline
EV-019,55,90.0,31.068,False,2026-10-03 07:45,baseline
EV-020,55,90.0,35.82,False,2026-10-03 07:45,baseline
EV-021,55,90.0,31.104,False,2026-10-03 07:45,baseline
EV-022,55,90.0,33.732,False,2026-10-03 07:45,baseline
EV-023,55,90.0,57.645,True,2026-10-03 07:45,baseline
EV-025,55,90.0,31.176,False,2026-10-03 07:45,baseline
EV-026,55,90.0,33.804,False,2026-10-03 07:45,baseline
EV-027,55,90.0,54.306,True,2026-10-03 07:45,baseline
EV-028,55,90.0,58.023,False,2026-10-03 07:45,baseline
EV-029,55,90.0,53.739,False,2026-10-03 07:45,baseline
EV-030,55,90.0,54.558,False,2026-10-03 07:45,baseline
EV-001,56,48.6,55.66,True,2026-10-03 08:00,baseline
EV-002,56,90.0,54.747,False,2026-10-03 08:00,baseline
EV-004,56,46.9,53.175,False,2026-10-03 08:00,baseline
EV-005,56,25.2,29.293,False,2026-10-03 08:00,baseline
EV-006,56,90.0,34.272,False,2026-10-03 08:00,baseline
EV-007,56,90.0,33.12,False,2026-10-03 08:00,baseline
EV-008,56,90.0,34.2,False,2026-10-03 08:00,baseline
EV-009,56,90.0,32.148,False,2026-10-03 08:00,baseline
EV-010,56,90.0,34.848,False,2026-10-03 08:00,baseline
EV-011,56,90.0,58.905,True,2026-10-03 08:00,baseline
EV-012,56,90.0,58.905,False,2026-10-03 08:00,baseline
EV-013,56,90.0,56.448,False,2026-10-03 08:00,baseline
EV-014,56,90.0,61.614,False,2026-10-03 08:00,baseline
EV-015,56,90.0,34.164,False,2026-10-03 08:00,baseline
EV-016,56,90.0,61.236,False,2026-10-03 08:00,baseline
EV-017,56,90.0,57.897,False,2026-10-03 08:00,baseline
EV-018,56,90.0,57.771,False,2026-10-03 08:00,baseline
EV-019,56,90.0,31.068,False,2026-10-03 08:00,baseline
EV-020,56,90.0,35.82,False,2026-10-03 08:00,baseline
EV-021,56,90.0,31.104,False,2026-10-03 08:00,baseline
EV-022,56,90.0,33.732,False,2026-10-03 08:00,baseline
EV-023,56,82.0,52.499,False,2026-10-03 08:00,baseline
EV-025,56,90.0,31.176,False,2026-10-03 08:00,baseline
EV-026,56,90.0,33.804,False,2026-10-03 08:00,baseline
EV-027,56,73.9,44.621,False,2026-10-03 08:00,baseline
EV-028,56,90.0,58.023,False,2026-10-03 08:00,baseline
EV-029,56,90.0,53.739,False,2026-10-03 08:00,baseline
EV-030,56,90.0,54.558,False,2026-10-03 08:00,baseline
EV-001,57,9.1,10.41,False,2026-10-03 08:15,baseline
EV-002,57,90.0,54.747,False,2026-10-03 08:15,baseline
EV-004,57,49.1,55.705,False,2026-10-03 08:15,baseline
EV-005,57,27.4,31.823,False,2026-10-03 08:15,baseline
EV-006,57,90.0,34.272,False,2026-10-03 08:15,baseline
EV-007,57,90.0,33.12,False,2026-10-03 08:15,baseline
EV-008,57,90.0,34.2,False,2026-10-03 08:15,baseline
EV-009,57,90.0,32.148,False,2026-10-03 08:15,baseline
EV-010,57,90.0,34.848,False,2026-10-03 08:15,baseline
EV-011,57,90.0,58.905,True,2026-10-03 08:15,baseline
EV-012,57,90.0,58.905,False,2026-10-03 08:15,baseline
EV-013,57,90.0,56.448,False,2026-10-03 08:15,baseline
EV-014,57,90.0,61.614,False,2026-10-03 08:15,baseline
EV-015,57,90.0,34.164,False,2026-10-03 08:15,baseline
EV-016,57,90.0,61.236,False,2026-10-03 08:15,baseline
EV-017,57,90.0,57.897,False,2026-10-03 08:15,baseline
EV-018,57,90.0,57.771,False,2026-10-03 08:15,baseline
EV-019,57,90.0,31.068,False,2026-10-03 08:15,baseline
EV-020,57,90.0,35.82,False,2026-10-03 08:15,baseline
EV-021,57,90.0,31.104,False,2026-10-03 08:15,baseline
EV-022,57,90.0,33.732,False,2026-10-03 08:15,baseline
EV-023,57,85.9,55.029,False,2026-10-03 08:15,baseline
EV-025,57,90.0,31.176,False,2026-10-03 08:15,baseline
EV-026,57,90.0,33.804,False,2026-10-03 08:15,baseline
EV-027,57,78.1,47.151,False,2026-10-03 08:15,baseline
EV-028,57,90.0,58.023,False,2026-10-03 08:15,baseline
EV-029,57,90.0,53.739,False,2026-10-03 08:15,baseline
EV-030,57,90.0,54.558,False,2026-10-03 08:15,baseline
EV-001,58,11.3,12.94,False,2026-10-03 08:30,baseline
EV-002,58,90.0,54.747,False,2026-10-03 08:30,baseline
EV-004,58,51.4,58.235,False,2026-10-03 08:30,baseline
EV-005,58,29.6,34.353,False,2026-10-03 08:30,baseline
EV-006,58,90.0,34.272,False,2026-10-03 08:30,baseline
EV-007,58,90.0,33.12,False,2026-10-03 08:30,baseline
EV-008,58,90.0,34.2,False,2026-10-03 08:30,baseline
EV-009,58,90.0,32.148,False,2026-10-03 08:30,baseline
EV-010,58,90.0,34.848,False,2026-10-03 08:30,baseline
EV-011,58,90.0,58.905,True,2026-10-03 08:30,baseline
EV-012,58,90.0,58.905,False,2026-10-03 08:30,baseline
EV-013,58,90.0,56.448,False,2026-10-03 08:30,baseline
EV-014,58,90.0,61.614,False,2026-10-03 08:30,baseline
EV-015,58,90.0,34.164,False,2026-10-03 08:30,baseline
EV-016,58,90.0,61.236,False,2026-10-03 08:30,baseline
EV-017,58,90.0,57.897,False,2026-10-03 08:30,baseline
EV-018,58,90.0,57.771,False,2026-10-03 08:30,baseline
EV-019,58,90.0,31.068,False,2026-10-03 08:30,baseline
EV-020,58,90.0,35.82,False,2026-10-03 08:30,baseline
EV-021,58,90.0,31.104,False,2026-10-03 08:30,baseline
EV-022,58,90.0,33.732,False,2026-10-03 08:30,baseline
EV-023,58,89.9,57.559,False,2026-10-03 08:30,baseline
EV-025,58,90.0,31.176,False,2026-10-03 08:30,baseline
EV-026,58,90.0,33.804,False,2026-10-03 08:30,baseline
EV-027,58,82.3,49.681,False,2026-10-03 08:30,baseline
EV-028,58,90.0,58.023,False,2026-10-03 08:30,baseline
EV-029,58,90.0,53.739,False,2026-10-03 08:30,baseline
EV-030,58,90.0,54.558,False,2026-10-03 08:30,baseline
EV-001,59,13.5,15.47,False,2026-10-03 08:45,baseline
EV-002,59,90.0,54.747,False,2026-10-03 08:45,baseline
EV-004,59,53.6,60.765,False,2026-10-03 08:45,baseline
EV-005,59,31.8,36.883,True,2026-10-03 08:45,baseline
EV-006,59,90.0,34.272,False,2026-10-03 08:45,baseline
EV-007,59,90.0,33.12,False,2026-10-03 08:45,baseline
EV-008,59,90.0,34.2,False,2026-10-03 08:45,baseline
EV-009,59,90.0,32.148,False,2026-10-03 08:45,baseline
EV-010,59,90.0,34.848,False,2026-10-03 08:45,baseline
EV-011,59,90.0,58.905,True,2026-10-03 08:45,baseline
EV-012,59,90.0,58.905,False,2026-10-03 08:45,baseline
EV-013,59,90.0,56.448,False,2026-10-03 08:45,baseline
EV-014,59,90.0,61.614,False,2026-10-03 08:45,baseline
EV-015,59,90.0,34.164,False,2026-10-03 08:45,baseline
EV-016,59,90.0,61.236,False,2026-10-03 08:45,baseline
EV-017,59,90.0,57.897,False,2026-10-03 08:45,baseline
EV-018,59,90.0,57.771,False,2026-10-03 08:45,baseline
EV-019,59,90.0,31.068,False,2026-10-03 08:45,baseline
EV-020,59,90.0,35.82,False,2026-10-03 08:45,baseline
EV-021,59,90.0,31.104,False,2026-10-03 08:45,baseline
EV-022,59,90.0,33.732,False,2026-10-03 08:45,baseline
EV-023,59,90.0,57.645,False,2026-10-03 08:45,baseline
EV-025,59,90.0,31.176,False,2026-10-03 08:45,baseline
EV-026,59,90.0,33.804,False,2026-10-03 08:45,baseline
EV-027,59,86.5,52.211,False,2026-10-03 08:45,baseline
EV-028,59,90.0,58.023,False,2026-10-03 08:45,baseline
EV-029,59,90.0,53.739,False,2026-10-03 08:45,baseline
EV-030,59,90.0,54.558,False,2026-10-03 08:45,baseline
EV-001,60,15.7,18.0,False,2026-10-03 09:00,baseline
EV-002,60,90.0,54.747,False,2026-10-03 09:00,baseline
EV-004,60,55.8,63.295,False,2026-10-03 09:00,baseline
EV-005,60,31.8,36.883,True,2026-10-03 09:00,baseline
EV-006,60,90.0,34.272,False,2026-10-03 09:00,baseline
EV-007,60,90.0,33.12,False,2026-10-03 09:00,baseline
EV-008,60,90.0,34.2,False,2026-10-03 09:00,baseline
EV-009,60,90.0,32.148,False,2026-10-03 09:00,baseline
EV-010,60,90.0,34.848,False,2026-10-03 09:00,baseline
EV-011,60,90.0,58.905,True,2026-10-03 09:00,baseline
EV-012,60,90.0,58.905,False,2026-10-03 09:00,baseline
EV-013,60,90.0,56.448,False,2026-10-03 09:00,baseline
EV-014,60,90.0,61.614,False,2026-10-03 09:00,baseline
EV-015,60,90.0,34.164,False,2026-10-03 09:00,baseline
EV-016,60,90.0,61.236,False,2026-10-03 09:00,baseline
EV-017,60,90.0,57.897,False,2026-10-03 09:00,baseline
EV-018,60,90.0,57.771,False,2026-10-03 09:00,baseline
EV-019,60,90.0,31.068,False,2026-10-03 09:00,baseline
EV-020,60,90.0,35.82,False,2026-10-03 09:00,baseline
EV-021,60,90.0,31.104,False,2026-10-03 09:00,baseline
EV-022,60,90.0,33.732,False,2026-10-03 09:00,baseline
EV-023,60,90.0,57.645,False,2026-10-03 09:00,baseline
EV-025,60,90.0,31.176,False,2026-10-03 09:00,baseline
EV-026,60,90.0,33.804,False,2026-10-03 09:00,baseline
EV-027,60,90.0,54.306,False,2026-10-03 09:00,baseline
EV-028,60,90.0,58.023,False,2026-10-03 09:00,baseline
EV-029,60,90.0,53.739,False,2026-10-03 09:00,baseline
EV-030,60,90.0,54.558,False,2026-10-03 09:00,baseline
EV-001,61,17.9,20.53,False,2026-10-03 09:15,baseline
EV-002,61,90.0,54.747,False,2026-10-03 09:15,baseline
EV-004,61,58.0,65.825,False,2026-10-03 09:15,baseline
EV-005,61,31.8,36.883,True,2026-10-03 09:15,baseline
EV-006,61,90.0,34.272,False,2026-10-03 09:15,baseline
EV-007,61,90.0,33.12,False,2026-10-03 09:15,baseline
EV-008,61,90.0,34.2,False,2026-10-03 09:15,baseline
EV-009,61,90.0,32.148,False,2026-10-03 09:15,baseline
EV-010,61,90.0,34.848,False,2026-10-03 09:15,baseline
EV-011,61,90.0,58.905,True,2026-10-03 09:15,baseline
EV-012,61,90.0,58.905,False,2026-10-03 09:15,baseline
EV-013,61,90.0,56.448,False,2026-10-03 09:15,baseline
EV-014,61,90.0,61.614,False,2026-10-03 09:15,baseline
EV-015,61,90.0,34.164,False,2026-10-03 09:15,baseline
EV-016,61,90.0,61.236,False,2026-10-03 09:15,baseline
EV-017,61,90.0,57.897,False,2026-10-03 09:15,baseline
EV-018,61,90.0,57.771,False,2026-10-03 09:15,baseline
EV-019,61,90.0,31.068,False,2026-10-03 09:15,baseline
EV-020,61,90.0,35.82,False,2026-10-03 09:15,baseline
EV-021,61,90.0,31.104,False,2026-10-03 09:15,baseline
EV-022,61,90.0,33.732,False,2026-10-03 09:15,baseline
EV-023,61,90.0,57.645,False,2026-10-03 09:15,baseline
EV-025,61,90.0,31.176,False,2026-10-03 09:15,baseline
EV-026,61,90.0,33.804,False,2026-10-03 09:15,baseline
EV-027,61,90.0,54.306,False,2026-10-03 09:15,baseline
EV-028,61,90.0,58.023,False,2026-10-03 09:15,baseline
EV-029,61,90.0,53.739,False,2026-10-03 09:15,baseline
EV-030,61,90.0,54.558,False,2026-10-03 09:15,baseline
EV-001,62,20.1,23.06,False,2026-10-03 09:30,baseline
EV-002,62,90.0,54.747,False,2026-10-03 09:30,baseline
EV-004,62,60.3,68.355,True,2026-10-03 09:30,baseline
EV-005,62,31.8,36.883,True,2026-10-03 09:30,baseline
EV-006,62,90.0,34.272,False,2026-10-03 09:30,baseline
EV-007,62,90.0,33.12,False,2026-10-03 09:30,baseline
EV-008,62,90.0,34.2,False,2026-10-03 09:30,baseline
EV-009,62,90.0,32.148,False,2026-10-03 09:30,baseline
EV-010,62,90.0,34.848,False,2026-10-03 09:30,baseline
EV-011,62,90.0,58.905,True,2026-10-03 09:30,baseline
EV-012,62,90.0,58.905,False,2026-10-03 09:30,baseline
EV-013,62,90.0,56.448,False,2026-10-03 09:30,baseline
EV-014,62,90.0,61.614,False,2026-10-03 09:30,baseline
EV-015,62,90.0,34.164,False,2026-10-03 09:30,baseline
EV-016,62,90.0,61.236,False,2026-10-03 09:30,baseline
EV-017,62,90.0,57.897,False,2026-10-03 09:30,baseline
EV-018,62,90.0,57.771,False,2026-10-03 09:30,baseline
EV-019,62,90.0,31.068,False,2026-10-03 09:30,baseline
EV-020,62,90.0,35.82,False,2026-10-03 09:30,baseline
EV-021,62,90.0,31.104,False,2026-10-03 09:30,baseline
EV-022,62,90.0,33.732,False,2026-10-03 09:30,baseline
EV-023,62,90.0,57.645,False,2026-10-03 09:30,baseline
EV-025,62,90.0,31.176,False,2026-10-03 09:30,baseline
EV-026,62,90.0,33.804,False,2026-10-03 09:30,baseline
EV-027,62,90.0,54.306,False,2026-10-03 09:30,baseline
EV-028,62,90.0,58.023,False,2026-10-03 09:30,baseline
EV-029,62,90.0,53.739,False,2026-10-03 09:30,baseline
EV-030,62,90.0,54.558,False,2026-10-03 09:30,baseline
EV-001,63,22.3,25.59,False,2026-10-03 09:45,baseline
EV-002,63,90.0,54.747,False,2026-10-03 09:45,baseline
EV-004,63,60.3,68.355,True,2026-10-03 09:45,baseline
EV-005,63,31.8,36.883,True,2026-10-03 09:45,baseline
EV-006,63,90.0,34.272,False,2026-10-03 09:45,baseline
EV-007,63,90.0,33.12,False,2026-10-03 09:45,baseline
EV-008,63,90.0,34.2,False,2026-10-03 09:45,baseline
EV-009,63,90.0,32.148,False,2026-10-03 09:45,baseline
EV-010,63,90.0,34.848,False,2026-10-03 09:45,baseline
EV-011,63,90.0,58.905,True,2026-10-03 09:45,baseline
EV-012,63,90.0,58.905,False,2026-10-03 09:45,baseline
EV-013,63,90.0,56.448,False,2026-10-03 09:45,baseline
EV-014,63,90.0,61.614,False,2026-10-03 09:45,baseline
EV-015,63,90.0,34.164,False,2026-10-03 09:45,baseline
EV-016,63,90.0,61.236,False,2026-10-03 09:45,baseline
EV-017,63,90.0,57.897,False,2026-10-03 09:45,baseline
EV-018,63,90.0,57.771,False,2026-10-03 09:45,baseline
EV-019,63,90.0,31.068,False,2026-10-03 09:45,baseline
EV-020,63,90.0,35.82,False,2026-10-03 09:45,baseline
EV-021,63,90.0,31.104,False,2026-10-03 09:45,baseline
EV-022,63,90.0,33.732,False,2026-10-03 09:45,baseline
EV-023,63,90.0,57.645,False,2026-10-03 09:45,baseline
EV-025,63,90.0,31.176,False,2026-10-03 09:45,baseline
EV-026,63,90.0,33.804,False,2026-10-03 09:45,baseline
EV-027,63,90.0,54.306,False,2026-10-03 09:45,baseline
EV-028,63,90.0,58.023,False,2026-10-03 09:45,baseline
EV-029,63,90.0,53.739,False,2026-10-03 09:45,baseline
EV-030,63,90.0,54.558,False,2026-10-03 09:45,baseline
EV-001,64,24.5,28.12,False,2026-10-03 10:00,baseline
EV-002,64,90.0,54.747,False,2026-10-03 10:00,baseline
EV-004,64,60.3,68.355,True,2026-10-03 10:00,baseline
EV-005,64,31.8,36.883,True,2026-10-03 10:00,baseline
EV-006,64,90.0,34.272,False,2026-10-03 10:00,baseline
EV-007,64,90.0,33.12,False,2026-10-03 10:00,baseline
EV-008,64,90.0,34.2,False,2026-10-03 10:00,baseline
EV-009,64,90.0,32.148,False,2026-10-03 10:00,baseline
EV-010,64,90.0,34.848,False,2026-10-03 10:00,baseline
EV-011,64,90.0,58.905,True,2026-10-03 10:00,baseline
EV-012,64,90.0,58.905,False,2026-10-03 10:00,baseline
EV-013,64,90.0,56.448,False,2026-10-03 10:00,baseline
EV-014,64,90.0,61.614,False,2026-10-03 10:00,baseline
EV-015,64,90.0,34.164,False,2026-10-03 10:00,baseline
EV-016,64,90.0,61.236,False,2026-10-03 10:00,baseline
EV-017,64,90.0,57.897,False,2026-10-03 10:00,baseline
EV-018,64,90.0,57.771,False,2026-10-03 10:00,baseline
EV-019,64,90.0,31.068,False,2026-10-03 10:00,baseline
EV-020,64,90.0,35.82,False,2026-10-03 10:00,baseline
EV-021,64,90.0,31.104,False,2026-10-03 10:00,baseline
EV-022,64,90.0,33.732,False,2026-10-03 10:00,baseline
EV-023,64,90.0,57.645,False,2026-10-03 10:00,baseline
EV-025,64,90.0,31.176,False,2026-10-03 10:00,baseline
EV-026,64,90.0,33.804,False,2026-10-03 10:00,baseline
EV-027,64,90.0,54.306,False,2026-10-03 10:00,baseline
EV-028,64,90.0,58.023,False,2026-10-03 10:00,baseline
EV-029,64,90.0,53.739,False,2026-10-03 10:00,baseline
EV-030,64,90.0,54.558,False,2026-10-03 10:00,baseline
EV-001,65,26.7,30.65,False,2026-10-03 10:15,baseline
EV-002,65,90.0,54.747,False,2026-10-03 10:15,baseline
EV-004,65,60.3,68.355,True,2026-10-03 10:15,baseline
EV-005,65,31.8,36.883,True,2026-10-03 10:15,baseline
EV-006,65,90.0,34.272,False,2026-10-03 10:15,baseline
EV-007,65,90.0,33.12,False,2026-10-03 10:15,baseline
EV-008,65,90.0,34.2,False,2026-10-03 10:15,baseline
EV-009,65,90.0,32.148,False,2026-10-03 10:15,baseline
EV-010,65,90.0,34.848,False,2026-10-03 10:15,baseline
EV-011,65,90.0,58.905,True,2026-10-03 10:15,baseline
EV-012,65,90.0,58.905,False,2026-10-03 10:15,baseline
EV-013,65,90.0,56.448,False,2026-10-03 10:15,baseline
EV-014,65,90.0,61.614,False,2026-10-03 10:15,baseline
EV-015,65,90.0,34.164,False,2026-10-03 10:15,baseline
EV-016,65,90.0,61.236,False,2026-10-03 10:15,baseline
EV-017,65,90.0,57.897,False,2026-10-03 10:15,baseline
EV-018,65,90.0,57.771,False,2026-10-03 10:15,baseline
EV-019,65,90.0,31.068,False,2026-10-03 10:15,baseline
EV-020,65,90.0,35.82,False,2026-10-03 10:15,baseline
EV-021,65,90.0,31.104,False,2026-10-03 10:15,baseline
EV-022,65,90.0,33.732,False,2026-10-03 10:15,baseline
EV-023,65,90.0,57.645,False,2026-10-03 10:15,baseline
EV-025,65,90.0,31.176,False,2026-10-03 10:15,baseline
EV-026,65,90.0,33.804,False,2026-10-03 10:15,baseline
EV-027,65,90.0,54.306,False,2026-10-03 10:15,baseline
EV-028,65,90.0,58.023,False,2026-10-03 10:15,baseline
EV-029,65,90.0,53.739,False,2026-10-03 10:15,baseline
EV-030,65,90.0,54.558,False,2026-10-03 10:15,baseline
EV-001,66,29.0,33.18,False,2026-10-03 10:30,baseline
EV-002,66,90.0,54.747,False,2026-10-03 10:30,baseline
EV-004,66,60.3,68.355,True,2026-10-03 10:30,baseline
EV-005,66,31.8,36.883,True,2026-10-03 10:30,baseline
EV-006,66,90.0,34.272,False,2026-10-03 10:30,baseline
EV-007,66,90.0,33.12,False,2026-10-03 10:30,baseline
EV-008,66,90.0,34.2,False,2026-10-03 10:30,baseline
EV-009,66,90.0,32.148,False,2026-10-03 10:30,baseline
EV-010,66,90.0,34.848,False,2026-10-03 10:30,baseline
EV-011,66,90.0,58.905,True,2026-10-03 10:30,baseline
EV-012,66,90.0,58.905,False,2026-10-03 10:30,baseline
EV-013,66,90.0,56.448,False,2026-10-03 10:30,baseline
EV-014,66,90.0,61.614,False,2026-10-03 10:30,baseline
EV-015,66,90.0,34.164,False,2026-10-03 10:30,baseline
EV-016,66,90.0,61.236,False,2026-10-03 10:30,baseline
EV-017,66,90.0,57.897,False,2026-10-03 10:30,baseline
EV-018,66,90.0,57.771,False,2026-10-03 10:30,baseline
EV-019,66,90.0,31.068,False,2026-10-03 10:30,baseline
EV-020,66,90.0,35.82,False,2026-10-03 10:30,baseline
EV-021,66,90.0,31.104,False,2026-10-03 10:30,baseline
EV-022,66,90.0,33.732,False,2026-10-03 10:30,baseline
EV-023,66,90.0,57.645,False,2026-10-03 10:30,baseline
EV-025,66,90.0,31.176,False,2026-10-03 10:30,baseline
EV-026,66,90.0,33.804,False,2026-10-03 10:30,baseline
EV-027,66,90.0,54.306,False,2026-10-03 10:30,baseline
EV-028,66,90.0,58.023,False,2026-10-03 10:30,baseline
EV-029,66,90.0,53.739,False,2026-10-03 10:30,baseline
EV-030,66,90.0,54.558,False,2026-10-03 10:30,baseline
EV-001,67,31.2,35.71,False,2026-10-03 10:45,baseline
EV-002,67,90.0,54.747,False,2026-10-03 10:45,baseline
EV-004,67,60.3,68.355,True,2026-10-03 10:45,baseline
EV-005,67,31.8,36.883,True,2026-10-03 10:45,baseline
EV-006,67,90.0,34.272,False,2026-10-03 10:45,baseline
EV-007,67,90.0,33.12,False,2026-10-03 10:45,baseline
EV-008,67,90.0,34.2,False,2026-10-03 10:45,baseline
EV-009,67,90.0,32.148,False,2026-10-03 10:45,baseline
EV-010,67,90.0,34.848,False,2026-10-03 10:45,baseline
EV-011,67,90.0,58.905,True,2026-10-03 10:45,baseline
EV-012,67,90.0,58.905,False,2026-10-03 10:45,baseline
EV-013,67,90.0,56.448,False,2026-10-03 10:45,baseline
EV-014,67,90.0,61.614,False,2026-10-03 10:45,baseline
EV-015,67,90.0,34.164,False,2026-10-03 10:45,baseline
EV-016,67,90.0,61.236,False,2026-10-03 10:45,baseline
EV-017,67,90.0,57.897,False,2026-10-03 10:45,baseline
EV-018,67,90.0,57.771,False,2026-10-03 10:45,baseline
EV-019,67,90.0,31.068,False,2026-10-03 10:45,baseline
EV-020,67,90.0,35.82,False,2026-10-03 10:45,baseline
EV-021,67,90.0,31.104,False,2026-10-03 10:45,baseline
EV-022,67,90.0,33.732,False,2026-10-03 10:45,baseline
EV-023,67,90.0,57.645,False,2026-10-03 10:45,baseline
EV-025,67,90.0,31.176,False,2026-10-03 10:45,baseline
EV-026,67,90.0,33.804,False,2026-10-03 10:45,baseline
EV-027,67,90.0,54.306,False,2026-10-03 10:45,baseline
EV-028,67,90.0,58.023,False,2026-10-03 10:45,baseline
EV-029,67,90.0,53.739,False,2026-10-03 10:45,baseline
EV-030,67,90.0,54.558,False,2026-10-03 10:45,baseline
EV-001,68,33.4,38.24,False,2026-10-03 11:00,baseline
EV-002,68,90.0,54.747,False,2026-10-03 11:00,baseline
EV-004,68,60.3,68.355,True,2026-10-03 11:00,baseline
EV-005,68,31.8,36.883,True,2026-10-03 11:00,baseline
EV-006,68,90.0,34.272,False,2026-10-03 11:00,baseline
EV-007,68,90.0,33.12,False,2026-10-03 11:00,baseline
EV-008,68,90.0,34.2,False,2026-10-03 11:00,baseline
EV-009,68,90.0,32.148,False,2026-10-03 11:00,baseline
EV-010,68,90.0,34.848,False,2026-10-03 11:00,baseline
EV-011,68,51.8,33.893,False,2026-10-03 11:00,baseline
EV-012,68,90.0,58.905,False,2026-10-03 11:00,baseline
EV-013,68,90.0,56.448,False,2026-10-03 11:00,baseline
EV-014,68,90.0,61.614,False,2026-10-03 11:00,baseline
EV-015,68,90.0,34.164,False,2026-10-03 11:00,baseline
EV-016,68,90.0,61.236,False,2026-10-03 11:00,baseline
EV-017,68,90.0,57.897,False,2026-10-03 11:00,baseline
EV-018,68,90.0,57.771,False,2026-10-03 11:00,baseline
EV-019,68,90.0,31.068,False,2026-10-03 11:00,baseline
EV-020,68,90.0,35.82,False,2026-10-03 11:00,baseline
EV-021,68,90.0,31.104,False,2026-10-03 11:00,baseline
EV-022,68,90.0,33.732,False,2026-10-03 11:00,baseline
EV-023,68,90.0,57.645,False,2026-10-03 11:00,baseline
EV-025,68,90.0,31.176,False,2026-10-03 11:00,baseline
EV-026,68,90.0,33.804,False,2026-10-03 11:00,baseline
EV-027,68,90.0,54.306,False,2026-10-03 11:00,baseline
EV-028,68,90.0,58.023,False,2026-10-03 11:00,baseline
EV-029,68,90.0,53.739,False,2026-10-03 11:00,baseline
EV-030,68,90.0,54.558,False,2026-10-03 11:00,baseline
EV-001,69,35.6,40.77,False,2026-10-03 11:15,baseline
EV-002,69,90.0,54.747,False,2026-10-03 11:15,baseline
EV-004,69,60.3,68.355,True,2026-10-03 11:15,baseline
EV-005,69,0.0,0.0,False,2026-10-03 11:15,baseline
EV-006,69,90.0,34.272,False,2026-10-03 11:15,baseline
EV-007,69,90.0,33.12,False,2026-10-03 11:15,baseline
EV-008,69,90.0,34.2,False,2026-10-03 11:15,baseline
EV-009,69,90.0,32.148,False,2026-10-03 11:15,baseline
EV-010,69,90.0,34.848,False,2026-10-03 11:15,baseline
EV-011,69,55.7,36.423,False,2026-10-03 11:15,baseline
EV-012,69,90.0,58.905,False,2026-10-03 11:15,baseline
EV-013,69,90.0,56.448,False,2026-10-03 11:15,baseline
EV-014,69,90.0,61.614,False,2026-10-03 11:15,baseline
EV-015,69,90.0,34.164,False,2026-10-03 11:15,baseline
EV-016,69,90.0,61.236,False,2026-10-03 11:15,baseline
EV-017,69,90.0,57.897,False,2026-10-03 11:15,baseline
EV-018,69,90.0,57.771,False,2026-10-03 11:15,baseline
EV-019,69,90.0,31.068,False,2026-10-03 11:15,baseline
EV-020,69,90.0,35.82,False,2026-10-03 11:15,baseline
EV-021,69,90.0,31.104,False,2026-10-03 11:15,baseline
EV-022,69,90.0,33.732,False,2026-10-03 11:15,baseline
EV-023,69,90.0,57.645,False,2026-10-03 11:15,baseline
EV-025,69,90.0,31.176,False,2026-10-03 11:15,baseline
EV-026,69,90.0,33.804,False,2026-10-03 11:15,baseline
EV-027,69,90.0,54.306,False,2026-10-03 11:15,baseline
EV-028,69,90.0,58.023,False,2026-10-03 11:15,baseline
EV-029,69,90.0,53.739,False,2026-10-03 11:15,baseline
EV-030,69,90.0,54.558,False,2026-10-03 11:15,baseline
EV-001,70,37.8,43.3,False,2026-10-03 11:30,baseline
EV-002,70,90.0,54.747,False,2026-10-03 11:30,baseline
EV-004,70,30.0,33.976,False,2026-10-03 11:30,baseline
EV-005,70,2.2,2.53,False,2026-10-03 11:30,baseline
EV-006,70,90.0,34.272,False,2026-10-03 11:30,baseline
EV-007,70,90.0,33.12,False,2026-10-03 11:30,baseline
EV-008,70,90.0,34.2,False,2026-10-03 11:30,baseline
EV-009,70,90.0,32.148,False,2026-10-03 11:30,baseline
EV-010,70,90.0,34.848,False,2026-10-03 11:30,baseline
EV-011,70,59.5,38.953,False,2026-10-03 11:30,baseline
EV-012,70,90.0,58.905,False,2026-10-03 11:30,baseline
EV-013,70,90.0,56.448,False,2026-10-03 11:30,baseline
EV-014,70,90.0,61.614,False,2026-10-03 11:30,baseline
EV-015,70,90.0,34.164,False,2026-10-03 11:30,baseline
EV-016,70,90.0,61.236,False,2026-10-03 11:30,baseline
EV-017,70,90.0,57.897,False,2026-10-03 11:30,baseline
EV-018,70,90.0,57.771,False,2026-10-03 11:30,baseline
EV-019,70,90.0,31.068,False,2026-10-03 11:30,baseline
EV-020,70,90.0,35.82,False,2026-10-03 11:30,baseline
EV-021,70,90.0,31.104,False,2026-10-03 11:30,baseline
EV-022,70,90.0,33.732,False,2026-10-03 11:30,baseline
EV-023,70,90.0,57.645,False,2026-10-03 11:30,baseline
EV-025,70,90.0,31.176,False,2026-10-03 11:30,baseline
EV-026,70,90.0,33.804,False,2026-10-03 11:30,baseline
EV-027,70,90.0,54.306,False,2026-10-03 11:30,baseline
EV-028,70,90.0,58.023,False,2026-10-03 11:30,baseline
EV-029,70,90.0,53.739,False,2026-10-03 11:30,baseline
EV-030,70,90.0,54.558,False,2026-10-03 11:30,baseline
EV-001,71,40.0,45.83,False,2026-10-03 11:45,baseline
EV-002,71,90.0,54.747,False,2026-10-03 11:45,baseline
EV-004,71,32.2,36.506,False,2026-10-03 11:45,baseline
EV-005,71,4.4,5.06,True,2026-10-03 11:45,baseline
EV-006,71,90.0,34.272,False,2026-10-03 11:45,baseline
EV-007,71,90.0,33.12,False,2026-10-03 11:45,baseline
EV-008,71,90.0,34.2,False,2026-10-03 11:45,baseline
EV-009,71,90.0,32.148,False,2026-10-03 11:45,baseline
EV-010,71,90.0,34.848,False,2026-10-03 11:45,baseline
EV-011,71,63.4,41.483,False,2026-10-03 11:45,baseline
EV-012,71,90.0,58.905,False,2026-10-03 11:45,baseline
EV-013,71,90.0,56.448,False,2026-10-03 11:45,baseline
EV-014,71,90.0,61.614,False,2026-10-03 11:45,baseline
EV-015,71,90.0,34.164,False,2026-10-03 11:45,baseline
EV-016,71,90.0,61.236,False,2026-10-03 11:45,baseline
EV-017,71,90.0,57.897,False,2026-10-03 11:45,baseline
EV-018,71,90.0,57.771,False,2026-10-03 11:45,baseline
EV-019,71,90.0,31.068,False,2026-10-03 11:45,baseline
EV-020,71,90.0,35.82,False,2026-10-03 11:45,baseline
EV-021,71,90.0,31.104,False,2026-10-03 11:45,baseline
EV-022,71,90.0,33.732,False,2026-10-03 11:45,baseline
EV-023,71,90.0,57.645,False,2026-10-03 11:45,baseline
EV-025,71,90.0,31.176,False,2026-10-03 11:45,baseline
EV-026,71,90.0,33.804,False,2026-10-03 11:45,baseline
EV-027,71,90.0,54.306,False,2026-10-03 11:45,baseline
EV-028,71,90.0,58.023,False,2026-10-03 11:45,baseline
EV-029,71,90.0,53.739,False,2026-10-03 11:45,baseline
EV-030,71,90.0,54.558,False,2026-10-03 11:45,baseline
EV-001,72,42.2,48.36,False,2026-10-03 12:00,baseline
EV-002,72,90.0,54.747,False,2026-10-03 12:00,baseline
EV-004,72,34.4,39.036,False,2026-10-03 12:00,baseline
EV-005,72,4.4,5.06,True,2026-10-03 12:00,baseline
EV-006,72,90.0,34.272,False,2026-10-03 12:00,baseline
EV-007,72,90.0,33.12,False,2026-10-03 12:00,baseline
EV-008,72,90.0,34.2,False,2026-10-03 12:00,baseline
EV-009,72,90.0,32.148,False,2026-10-03 12:00,baseline
EV-010,72,90.0,34.848,False,2026-10-03 12:00,baseline
EV-011,72,67.2,44.013,False,2026-10-03 12:00,baseline
EV-012,72,90.0,58.905,False,2026-10-03 12:00,baseline
EV-013,72,90.0,56.448,False,2026-10-03 12:00,baseline
EV-014,72,90.0,61.614,False,2026-10-03 12:00,baseline
EV-015,72,90.0,34.164,False,2026-10-03 12:00,baseline
EV-016,72,90.0,61.236,False,2026-10-03 12:00,baseline
EV-017,72,90.0,57.897,False,2026-10-03 12:00,baseline
EV-018,72,90.0,57.771,False,2026-10-03 12:00,baseline
EV-019,72,90.0,31.068,False,2026-10-03 12:00,baseline
EV-020,72,90.0,35.82,False,2026-10-03 12:00,baseline
EV-021,72,90.0,31.104,False,2026-10-03 12:00,baseline
EV-022,72,90.0,33.732,False,2026-10-03 12:00,baseline
EV-023,72,90.0,57.645,False,2026-10-03 12:00,baseline
EV-025,72,90.0,31.176,False,2026-10-03 12:00,baseline
EV-026,72,90.0,33.804,False,2026-10-03 12:00,baseline
EV-027,72,90.0,54.306,False,2026-10-03 12:00,baseline
EV-028,72,90.0,58.023,False,2026-10-03 12:00,baseline
EV-029,72,90.0,53.739,False,2026-10-03 12:00,baseline
EV-030,72,90.0,54.558,False,2026-10-03 12:00,baseline
EV-001,73,44.4,50.89,False,2026-10-03 12:15,baseline
EV-002,73,90.0,54.747,False,2026-10-03 12:15,baseline
EV-004,73,36.7,41.566,True,2026-10-03 12:15,baseline
EV-005,73,4.4,5.06,True,2026-10-03 12:15,baseline
EV-006,73,90.0,34.272,False,2026-10-03 12:15,baseline
EV-007,73,90.0,33.12,False,2026-10-03 12:15,baseline
EV-008,73,90.0,34.2,False,2026-10-03 12:15,baseline
EV-009,73,90.0,32.148,False,2026-10-03 12:15,baseline
EV-010,73,90.0,34.848,False,2026-10-03 12:15,baseline
EV-011,73,71.1,46.543,False,2026-10-03 12:15,baseline
EV-012,73,90.0,58.905,False,2026-10-03 12:15,baseline
EV-013,73,90.0,56.448,False,2026-10-03 12:15,baseline
EV-014,73,90.0,61.614,False,2026-10-03 12:15,baseline
EV-015,73,90.0,34.164,False,2026-10-03 12:15,baseline
EV-016,73,90.0,61.236,False,2026-10-03 12:15,baseline
EV-017,73,90.0,57.897,False,2026-10-03 12:15,baseline
EV-018,73,90.0,57.771,False,2026-10-03 12:15,baseline
EV-019,73,90.0,31.068,False,2026-10-03 12:15,baseline
EV-020,73,90.0,35.82,False,2026-10-03 12:15,baseline
EV-021,73,90.0,31.104,False,2026-10-03 12:15,baseline
EV-022,73,90.0,33.732,False,2026-10-03 12:15,baseline
EV-023,73,90.0,57.645,False,2026-10-03 12:15,baseline
EV-025,73,90.0,31.176,False,2026-10-03 12:15,baseline
EV-026,73,90.0,33.804,False,2026-10-03 12:15,baseline
EV-027,73,90.0,54.306,False,2026-10-03 12:15,baseline
EV-028,73,90.0,58.023,False,2026-10-03 12:15,baseline
EV-029,73,90.0,53.739,False,2026-10-03 12:15,baseline
EV-030,73,90.0,54.558,False,2026-10-03 12:15,baseline
EV-001,74,46.6,53.42,True,2026-10-03 12:30,baseline
EV-002,74,90.0,54.747,False,2026-10-03 12:30,baseline
EV-004,74,36.7,41.566,True,2026-10-03 12:30,baseline
EV-005,74,4.4,5.06,True,2026-10-03 12:30,baseline
EV-006,74,90.0,34.272,False,2026-10-03 12:30,baseline
EV-007,74,90.0,33.12,False,2026-10-03 12:30,baseline
EV-008,74,90.0,34.2,False,2026-10-03 12:30,baseline
EV-009,74,90.0,32.148,False,2026-10-03 12:30,baseline
EV-010,74,90.0,34.848,False,2026-10-03 12:30,baseline
EV-011,74,75.0,49.073,False,2026-10-03 12:30,baseline
EV-012,74,90.0,58.905,False,2026-10-03 12:30,baseline
EV-013,74,90.0,56.448,False,2026-10-03 12:30,baseline
EV-014,74,90.0,61.614,False,2026-10-03 12:30,baseline
EV-015,74,90.0,34.164,False,2026-10-03 12:30,baseline
EV-016,74,90.0,61.236,False,2026-10-03 12:30,baseline
EV-017,74,90.0,57.897,False,2026-10-03 12:30,baseline
EV-018,74,90.0,57.771,False,2026-10-03 12:30,baseline
EV-019,74,90.0,31.068,False,2026-10-03 12:30,baseline
EV-020,74,90.0,35.82,False,2026-10-03 12:30,baseline
EV-021,74,90.0,31.104,False,2026-10-03 12:30,baseline
EV-022,74,90.0,33.732,False,2026-10-03 12:30,baseline
EV-023,74,90.0,57.645,False,2026-10-03 12:30,baseline
EV-025,74,90.0,31.176,False,2026-10-03 12:30,baseline
EV-026,74,90.0,33.804,False,2026-10-03 12:30,baseline
EV-027,74,90.0,54.306,False,2026-10-03 12:30,baseline
EV-028,74,90.0,58.023,False,2026-10-03 12:30,baseline
EV-029,74,90.0,53.739,False,2026-10-03 12:30,baseline
EV-030,74,90.0,54.558,False,2026-10-03 12:30,baseline
EV-001,75,46.6,53.42,True,2026-10-03 12:45,baseline
EV-002,75,90.0,54.747,False,2026-10-03 12:45,baseline
EV-004,75,36.7,41.566,True,2026-10-03 12:45,baseline
EV-005,75,4.4,5.06,True,2026-10-03 12:45,baseline
EV-006,75,90.0,34.272,False,2026-10-03 12:45,baseline
EV-007,75,90.0,33.12,False,2026-10-03 12:45,baseline
EV-008,75,90.0,34.2,False,2026-10-03 12:45,baseline
EV-009,75,90.0,32.148,False,2026-10-03 12:45,baseline
EV-010,75,90.0,34.848,False,2026-10-03 12:45,baseline
EV-011,75,78.8,51.603,False,2026-10-03 12:45,baseline
EV-012,75,90.0,58.905,False,2026-10-03 12:45,baseline
EV-013,75,90.0,56.448,False,2026-10-03 12:45,baseline
EV-014,75,90.0,61.614,False,2026-10-03 12:45,baseline
EV-015,75,90.0,34.164,False,2026-10-03 12:45,baseline
EV-016,75,90.0,61.236,False,2026-10-03 12:45,baseline
EV-017,75,90.0,57.897,False,2026-10-03 12:45,baseline
EV-018,75,90.0,57.771,False,2026-10-03 12:45,baseline
EV-019,75,90.0,31.068,False,2026-10-03 12:45,baseline
EV-020,75,90.0,35.82,False,2026-10-03 12:45,baseline
EV-021,75,90.0,31.104,False,2026-10-03 12:45,baseline
EV-022,75,90.0,33.732,False,2026-10-03 12:45,baseline
EV-023,75,90.0,57.645,False,2026-10-03 12:45,baseline
EV-025,75,90.0,31.176,False,2026-10-03 12:45,baseline
EV-026,75,90.0,33.804,False,2026-10-03 12:45,baseline
EV-027,75,90.0,54.306,False,2026-10-03 12:45,baseline
EV-028,75,90.0,58.023,False,2026-10-03 12:45,baseline
EV-029,75,90.0,53.739,False,2026-10-03 12:45,baseline
EV-030,75,90.0,54.558,False,2026-10-03 12:45,baseline
EV-001,76,46.6,53.42,True,2026-10-03 13:00,baseline
EV-002,76,90.0,54.747,False,2026-10-03 13:00,baseline
EV-004,76,36.7,41.566,True,2026-10-03 13:00,baseline
EV-005,76,4.4,5.06,True,2026-10-03 13:00,baseline
EV-006,76,90.0,34.272,False,2026-10-03 13:00,baseline
EV-007,76,90.0,33.12,False,2026-10-03 13:00,baseline
EV-008,76,90.0,34.2,False,2026-10-03 13:00,baseline
EV-009,76,90.0,32.148,False,2026-10-03 13:00,baseline
EV-010,76,90.0,34.848,False,2026-10-03 13:00,baseline
EV-011,76,82.7,54.133,False,2026-10-03 13:00,baseline
EV-012,76,90.0,58.905,False,2026-10-03 13:00,baseline
EV-013,76,90.0,56.448,False,2026-10-03 13:00,baseline
EV-014,76,90.0,61.614,False,2026-10-03 13:00,baseline
EV-015,76,90.0,34.164,False,2026-10-03 13:00,baseline
EV-016,76,90.0,61.236,False,2026-10-03 13:00,baseline
EV-017,76,90.0,57.897,False,2026-10-03 13:00,baseline
EV-018,76,90.0,57.771,False,2026-10-03 13:00,baseline
EV-019,76,90.0,31.068,False,2026-10-03 13:00,baseline
EV-020,76,90.0,35.82,False,2026-10-03 13:00,baseline
EV-021,76,90.0,31.104,False,2026-10-03 13:00,baseline
EV-022,76,90.0,33.732,False,2026-10-03 13:00,baseline
EV-023,76,90.0,57.645,False,2026-10-03 13:00,baseline
EV-025,76,90.0,31.176,False,2026-10-03 13:00,baseline
EV-026,76,90.0,33.804,False,2026-10-03 13:00,baseline
EV-027,76,90.0,54.306,False,2026-10-03 13:00,baseline
EV-028,76,90.0,58.023,False,2026-10-03 13:00,baseline
EV-029,76,90.0,53.739,False,2026-10-03 13:00,baseline
EV-030,76,90.0,54.558,False,2026-10-03 13:00,baseline
EV-001,77,46.6,53.42,True,2026-10-03 13:15,baseline
EV-002,77,90.0,54.747,False,2026-10-03 13:15,baseline
EV-004,77,36.7,41.566,True,2026-10-03 13:15,baseline
EV-005,77,4.4,5.06,True,2026-10-03 13:15,baseline
EV-006,77,90.0,34.272,False,2026-10-03 13:15,baseline
EV-007,77,90.0,33.12,False,2026-10-03 13:15,baseline
EV-008,77,90.0,34.2,False,2026-10-03 13:15,baseline
EV-009,77,90.0,32.148,False,2026-10-03 13:15,baseline
EV-010,77,90.0,34.848,False,2026-10-03 13:15,baseline
EV-011,77,86.6,56.663,False,2026-10-03 13:15,baseline
EV-012,77,90.0,58.905,False,2026-10-03 13:15,baseline
EV-013,77,90.0,56.448,False,2026-10-03 13:15,baseline
EV-014,77,90.0,61.614,False,2026-10-03 13:15,baseline
EV-015,77,90.0,34.164,False,2026-10-03 13:15,baseline
EV-016,77,90.0,61.236,False,2026-10-03 13:15,baseline
EV-017,77,90.0,57.897,False,2026-10-03 13:15,baseline
EV-018,77,90.0,57.771,False,2026-10-03 13:15,baseline
EV-019,77,90.0,31.068,False,2026-10-03 13:15,baseline
EV-020,77,90.0,35.82,False,2026-10-03 13:15,baseline
EV-021,77,90.0,31.104,False,2026-10-03 13:15,baseline
EV-022,77,90.0,33.732,False,2026-10-03 13:15,baseline
EV-023,77,90.0,57.645,False,2026-10-03 13:15,baseline
EV-025,77,90.0,31.176,False,2026-10-03 13:15,baseline
EV-026,77,90.0,33.804,False,2026-10-03 13:15,baseline
EV-027,77,90.0,54.306,True,2026-10-03 13:15,baseline
EV-028,77,90.0,58.023,False,2026-10-03 13:15,baseline
EV-029,77,90.0,53.739,False,2026-10-03 13:15,baseline
EV-030,77,90.0,54.558,False,2026-10-03 13:15,baseline
EV-001,78,46.6,53.42,True,2026-10-03 13:30,baseline
EV-002,78,90.0,54.747,False,2026-10-03 13:30,baseline
EV-004,78,36.7,41.566,True,2026-10-03 13:30,baseline
EV-005,78,4.4,5.06,True,2026-10-03 13:30,baseline
EV-006,78,90.0,34.272,False,2026-10-03 13:30,baseline
EV-007,78,90.0,33.12,False,2026-10-03 13:30,baseline
EV-008,78,90.0,34.2,False,2026-10-03 13:30,baseline
EV-009,78,90.0,32.148,False,2026-10-03 13:30,baseline
EV-010,78,90.0,34.848,False,2026-10-03 13:30,baseline
EV-011,78,90.0,58.905,False,2026-10-03 13:30,baseline
EV-012,78,90.0,58.905,False,2026-10-03 13:30,baseline
EV-013,78,90.0,56.448,False,2026-10-03 13:30,baseline
EV-014,78,90.0,61.614,False,2026-10-03 13:30,baseline
EV-015,78,90.0,34.164,False,2026-10-03 13:30,baseline
EV-016,78,90.0,61.236,False,2026-10-03 13:30,baseline
EV-017,78,90.0,57.897,False,2026-10-03 13:30,baseline
EV-018,78,90.0,57.771,False,2026-10-03 13:30,baseline
EV-019,78,90.0,31.068,False,2026-10-03 13:30,baseline
EV-020,78,90.0,35.82,False,2026-10-03 13:30,baseline
EV-021,78,90.0,31.104,False,2026-10-03 13:30,baseline
EV-022,78,90.0,33.732,False,2026-10-03 13:30,baseline
EV-023,78,90.0,57.645,False,2026-10-03 13:30,baseline
EV-025,78,90.0,31.176,False,2026-10-03 13:30,baseline
EV-026,78,90.0,33.804,False,2026-10-03 13:30,baseline
EV-027,78,90.0,54.306,True,2026-10-03 13:30,baseline
EV-028,78,90.0,58.023,False,2026-10-03 13:30,baseline
EV-029,78,90.0,53.739,False,2026-10-03 13:30,baseline
EV-030,78,90.0,54.558,False,2026-10-03 13:30,baseline
EV-001,79,46.6,53.42,True,2026-10-03 13:45,baseline
EV-002,79,90.0,54.747,False,2026-10-03 13:45,baseline
EV-004,79,36.7,41.566,True,2026-10-03 13:45,baseline
EV-005,79,0.0,0.0,False,2026-10-03 13:45,baseline
EV-006,79,90.0,34.272,False,2026-10-03 13:45,baseline
EV-007,79,90.0,33.12,False,2026-10-03 13:45,baseline
EV-008,79,90.0,34.2,False,2026-10-03 13:45,baseline
EV-009,79,90.0,32.148,False,2026-10-03 13:45,baseline
EV-010,79,90.0,34.848,False,2026-10-03 13:45,baseline
EV-011,79,90.0,58.905,False,2026-10-03 13:45,baseline
EV-012,79,90.0,58.905,False,2026-10-03 13:45,baseline
EV-013,79,90.0,56.448,False,2026-10-03 13:45,baseline
EV-014,79,90.0,61.614,False,2026-10-03 13:45,baseline
EV-015,79,90.0,34.164,False,2026-10-03 13:45,baseline
EV-016,79,90.0,61.236,False,2026-10-03 13:45,baseline
EV-017,79,90.0,57.897,False,2026-10-03 13:45,baseline
EV-018,79,90.0,57.771,False,2026-10-03 13:45,baseline
EV-019,79,90.0,31.068,False,2026-10-03 13:45,baseline
EV-020,79,90.0,35.82,False,2026-10-03 13:45,baseline
EV-021,79,90.0,31.104,False,2026-10-03 13:45,baseline
EV-022,79,90.0,33.732,False,2026-10-03 13:45,baseline
EV-023,79,90.0,57.645,False,2026-10-03 13:45,baseline
EV-025,79,90.0,31.176,False,2026-10-03 13:45,baseline
EV-026,79,90.0,33.804,False,2026-10-03 13:45,baseline
EV-027,79,90.0,54.306,True,2026-10-03 13:45,baseline
EV-028,79,90.0,58.023,False,2026-10-03 13:45,baseline
EV-029,79,90.0,53.739,False,2026-10-03 13:45,baseline
EV-030,79,90.0,54.558,False,2026-10-03 13:45,baseline
EV-001,80,46.6,53.42,True,2026-10-03 14:00,baseline
EV-002,80,90.0,54.747,False,2026-10-03 14:00,baseline
EV-004,80,36.7,41.566,True,2026-10-03 14:00,baseline
EV-005,80,2.2,2.53,False,2026-10-03 14:00,baseline
EV-006,80,90.0,34.272,False,2026-10-03 14:00,baseline
EV-007,80,90.0,33.12,False,2026-10-03 14:00,baseline
EV-008,80,90.0,34.2,False,2026-10-03 14:00,baseline
EV-009,80,90.0,32.148,False,2026-10-03 14:00,baseline
EV-010,80,90.0,34.848,False,2026-10-03 14:00,baseline
EV-011,80,90.0,58.905,False,2026-10-03 14:00,baseline
EV-012,80,90.0,58.905,False,2026-10-03 14:00,baseline
EV-013,80,90.0,56.448,False,2026-10-03 14:00,baseline
EV-014,80,90.0,61.614,False,2026-10-03 14:00,baseline
EV-015,80,90.0,34.164,False,2026-10-03 14:00,baseline
EV-016,80,90.0,61.236,False,2026-10-03 14:00,baseline
EV-017,80,90.0,57.897,False,2026-10-03 14:00,baseline
EV-018,80,90.0,57.771,False,2026-10-03 14:00,baseline
EV-019,80,90.0,31.068,False,2026-10-03 14:00,baseline
EV-020,80,90.0,35.82,False,2026-10-03 14:00,baseline
EV-021,80,90.0,31.104,False,2026-10-03 14:00,baseline
EV-022,80,90.0,33.732,False,2026-10-03 14:00,baseline
EV-023,80,90.0,57.645,False,2026-10-03 14:00,baseline
EV-025,80,90.0,31.176,False,2026-10-03 14:00,baseline
EV-026,80,90.0,33.804,False,2026-10-03 14:00,baseline
EV-027,80,90.0,54.306,True,2026-10-03 14:00,baseline
EV-028,80,90.0,58.023,False,2026-10-03 14:00,baseline
EV-029,80,90.0,53.739,False,2026-10-03 14:00,baseline
EV-030,80,90.0,54.558,False,2026-10-03 14:00,baseline
EV-001,81,46.6,53.42,True,2026-10-03 14:15,baseline
EV-002,81,90.0,54.747,False,2026-10-03 14:15,baseline
EV-004,81,18.6,21.147,False,2026-10-03 14:15,baseline
EV-005,81,4.4,5.06,False,2026-10-03 14:15,baseline
EV-006,81,90.0,34.272,False,2026-10-03 14:15,baseline
EV-007,81,90.0,33.12,False,2026-10-03 14:15,baseline
EV-008,81,90.0,34.2,False,2026-10-03 14:15,baseline
EV-009,81,90.0,32.148,False,2026-10-03 14:15,baseline
EV-010,81,90.0,34.848,False,2026-10-03 14:15,baseline
EV-011,81,90.0,58.905,False,2026-10-03 14:15,baseline
EV-012,81,90.0,58.905,False,2026-10-03 14:15,baseline
EV-013,81,90.0,56.448,False,2026-10-03 14:15,baseline
EV-014,81,90.0,61.614,False,2026-10-03 14:15,baseline
EV-015,81,90.0,34.164,False,2026-10-03 14:15,baseline
EV-016,81,90.0,61.236,False,2026-10-03 14:15,baseline
EV-017,81,90.0,57.897,False,2026-10-03 14:15,baseline
EV-018,81,90.0,57.771,False,2026-10-03 14:15,baseline
EV-019,81,90.0,31.068,False,2026-10-03 14:15,baseline
EV-020,81,90.0,35.82,False,2026-10-03 14:15,baseline
EV-021,81,90.0,31.104,False,2026-10-03 14:15,baseline
EV-022,81,90.0,33.732,False,2026-10-03 14:15,baseline
EV-023,81,90.0,57.645,False,2026-10-03 14:15,baseline
EV-025,81,90.0,31.176,False,2026-10-03 14:15,baseline
EV-026,81,90.0,33.804,False,2026-10-03 14:15,baseline
EV-027,81,90.0,54.306,True,2026-10-03 14:15,baseline
EV-028,81,90.0,58.023,False,2026-10-03 14:15,baseline
EV-029,81,90.0,53.739,False,2026-10-03 14:15,baseline
EV-030,81,90.0,54.558,False,2026-10-03 14:15,baseline
EV-001,82,19.7,22.531,False,2026-10-03 14:30,baseline
EV-002,82,90.0,54.747,False,2026-10-03 14:30,baseline
EV-004,82,20.9,23.677,False,2026-10-03 14:30,baseline
EV-005,82,6.5,7.59,False,2026-10-03 14:30,baseline
EV-006,82,90.0,34.272,False,2026-10-03 14:30,baseline
EV-007,82,90.0,33.12,False,2026-10-03 14:30,baseline
EV-008,82,90.0,34.2,False,2026-10-03 14:30,baseline
EV-009,82,90.0,32.148,False,2026-10-03 14:30,baseline
EV-010,82,90.0,34.848,False,2026-10-03 14:30,baseline
EV-011,82,90.0,58.905,False,2026-10-03 14:30,baseline
EV-012,82,90.0,58.905,False,2026-10-03 14:30,baseline
EV-013,82,90.0,56.448,False,2026-10-03 14:30,baseline
EV-014,82,90.0,61.614,False,2026-10-03 14:30,baseline
EV-015,82,90.0,34.164,False,2026-10-03 14:30,baseline
EV-016,82,90.0,61.236,False,2026-10-03 14:30,baseline
EV-017,82,90.0,57.897,False,2026-10-03 14:30,baseline
EV-018,82,90.0,57.771,False,2026-10-03 14:30,baseline
EV-019,82,90.0,31.068,False,2026-10-03 14:30,baseline
EV-020,82,90.0,35.82,False,2026-10-03 14:30,baseline
EV-021,82,90.0,31.104,False,2026-10-03 14:30,baseline
EV-022,82,90.0,33.732,False,2026-10-03 14:30,baseline
EV-023,82,90.0,57.645,False,2026-10-03 14:30,baseline
EV-025,82,90.0,31.176,False,2026-10-03 14:30,baseline
EV-026,82,90.0,33.804,False,2026-10-03 14:30,baseline
EV-027,82,90.0,54.306,True,2026-10-03 14:30,baseline
EV-028,82,90.0,58.023,False,2026-10-03 14:30,baseline
EV-029,82,90.0,53.739,False,2026-10-03 14:30,baseline
EV-030,82,90.0,54.558,False,2026-10-03 14:30,baseline
EV-001,83,21.9,25.061,False,2026-10-03 14:45,baseline
EV-002,83,90.0,54.747,False,2026-10-03 14:45,baseline
EV-004,83,23.1,26.207,False,2026-10-03 14:45,baseline
EV-005,83,8.7,10.12,False,2026-10-03 14:45,baseline
EV-006,83,90.0,34.272,False,2026-10-03 14:45,baseline
EV-007,83,90.0,33.12,False,2026-10-03 14:45,baseline
EV-008,83,90.0,34.2,False,2026-10-03 14:45,baseline
EV-009,83,90.0,32.148,False,2026-10-03 14:45,baseline
EV-010,83,90.0,34.848,False,2026-10-03 14:45,baseline
EV-011,83,90.0,58.905,False,2026-10-03 14:45,baseline
EV-012,83,90.0,58.905,False,2026-10-03 14:45,baseline
EV-013,83,90.0,56.448,False,2026-10-03 14:45,baseline
EV-014,83,90.0,61.614,False,2026-10-03 14:45,baseline
EV-015,83,90.0,34.164,False,2026-10-03 14:45,baseline
EV-016,83,90.0,61.236,False,2026-10-03 14:45,baseline
EV-017,83,90.0,57.897,False,2026-10-03 14:45,baseline
EV-018,83,90.0,57.771,False,2026-10-03 14:45,baseline
EV-019,83,90.0,31.068,False,2026-10-03 14:45,baseline
EV-020,83,90.0,35.82,False,2026-10-03 14:45,baseline
EV-021,83,90.0,31.104,False,2026-10-03 14:45,baseline
EV-022,83,90.0,33.732,False,2026-10-03 14:45,baseline
EV-023,83,90.0,57.645,False,2026-10-03 14:45,baseline
EV-025,83,90.0,31.176,False,2026-10-03 14:45,baseline
EV-026,83,90.0,33.804,False,2026-10-03 14:45,baseline
EV-027,83,90.0,54.306,True,2026-10-03 14:45,baseline
EV-028,83,90.0,58.023,False,2026-10-03 14:45,baseline
EV-029,83,90.0,53.739,False,2026-10-03 14:45,baseline
EV-030,83,90.0,54.558,False,2026-10-03 14:45,baseline
EV-001,84,24.1,27.591,False,2026-10-03 15:00,baseline
EV-002,84,90.0,54.747,False,2026-10-03 15:00,baseline
EV-004,84,25.3,28.737,False,2026-10-03 15:00,baseline
EV-005,84,10.9,12.65,False,2026-10-03 15:00,baseline
EV-006,84,90.0,34.272,False,2026-10-03 15:00,baseline
EV-007,84,90.0,33.12,False,2026-10-03 15:00,baseline
EV-008,84,90.0,34.2,False,2026-10-03 15:00,baseline
EV-009,84,90.0,32.148,False,2026-10-03 15:00,baseline
EV-010,84,90.0,34.848,False,2026-10-03 15:00,baseline
EV-011,84,90.0,58.905,False,2026-10-03 15:00,baseline
EV-012,84,90.0,58.905,False,2026-10-03 15:00,baseline
EV-013,84,90.0,56.448,False,2026-10-03 15:00,baseline
EV-014,84,90.0,61.614,False,2026-10-03 15:00,baseline
EV-015,84,90.0,34.164,False,2026-10-03 15:00,baseline
EV-016,84,90.0,61.236,False,2026-10-03 15:00,baseline
EV-017,84,90.0,57.897,False,2026-10-03 15:00,baseline
EV-018,84,90.0,57.771,False,2026-10-03 15:00,baseline
EV-019,84,90.0,31.068,False,2026-10-03 15:00,baseline
EV-020,84,90.0,35.82,False,2026-10-03 15:00,baseline
EV-021,84,90.0,31.104,False,2026-10-03 15:00,baseline
EV-022,84,90.0,33.732,False,2026-10-03 15:00,baseline
EV-023,84,90.0,57.645,False,2026-10-03 15:00,baseline
EV-025,84,90.0,31.176,False,2026-10-03 15:00,baseline
EV-026,84,90.0,33.804,False,2026-10-03 15:00,baseline
EV-027,84,90.0,54.306,True,2026-10-03 15:00,baseline
EV-028,84,90.0,58.023,False,2026-10-03 15:00,baseline
EV-029,84,90.0,53.739,False,2026-10-03 15:00,baseline
EV-030,84,90.0,54.558,False,2026-10-03 15:00,baseline
EV-001,85,26.3,30.121,False,2026-10-03 15:15,baseline
EV-002,85,90.0,54.747,False,2026-10-03 15:15,baseline
EV-004,85,27.6,31.267,False,2026-10-03 15:15,baseline
EV-005,85,13.1,15.18,False,2026-10-03 15:15,baseline
EV-006,85,90.0,34.272,False,2026-10-03 15:15,baseline
EV-007,85,90.0,33.12,False,2026-10-03 15:15,baseline
EV-008,85,90.0,34.2,False,2026-10-03 15:15,baseline
EV-009,85,90.0,32.148,False,2026-10-03 15:15,baseline
EV-010,85,90.0,34.848,False,2026-10-03 15:15,baseline
EV-011,85,90.0,58.905,False,2026-10-03 15:15,baseline
EV-012,85,90.0,58.905,False,2026-10-03 15:15,baseline
EV-013,85,90.0,56.448,False,2026-10-03 15:15,baseline
EV-014,85,90.0,61.614,False,2026-10-03 15:15,baseline
EV-015,85,90.0,34.164,False,2026-10-03 15:15,baseline
EV-016,85,90.0,61.236,False,2026-10-03 15:15,baseline
EV-017,85,90.0,57.897,False,2026-10-03 15:15,baseline
EV-018,85,90.0,57.771,False,2026-10-03 15:15,baseline
EV-019,85,90.0,31.068,False,2026-10-03 15:15,baseline
EV-020,85,90.0,35.82,False,2026-10-03 15:15,baseline
EV-021,85,90.0,31.104,False,2026-10-03 15:15,baseline
EV-022,85,90.0,33.732,False,2026-10-03 15:15,baseline
EV-023,85,90.0,57.645,False,2026-10-03 15:15,baseline
EV-025,85,90.0,31.176,False,2026-10-03 15:15,baseline
EV-026,85,90.0,33.804,False,2026-10-03 15:15,baseline
EV-027,85,82.4,49.718,False,2026-10-03 15:15,baseline
EV-028,85,90.0,58.023,False,2026-10-03 15:15,baseline
EV-029,85,90.0,53.739,False,2026-10-03 15:15,baseline
EV-030,85,90.0,54.558,False,2026-10-03 15:15,baseline
EV-001,86,28.5,32.651,False,2026-10-03 15:30,baseline
EV-002,86,90.0,54.747,False,2026-10-03 15:30,baseline
EV-004,86,29.8,33.797,False,2026-10-03 15:30,baseline
EV-005,86,15.3,17.71,False,2026-10-03 15:30,baseline
EV-006,86,90.0,34.272,False,2026-10-03 15:30,baseline
EV-007,86,90.0,33.12,False,2026-10-03 15:30,baseline
EV-008,86,90.0,34.2,False,2026-10-03 15:30,baseline
EV-009,86,90.0,32.148,False,2026-10-03 15:30,baseline
EV-010,86,90.0,34.848,False,2026-10-03 15:30,baseline
EV-011,86,90.0,58.905,False,2026-10-03 15:30,baseline
EV-012,86,90.0,58.905,False,2026-10-03 15:30,baseline
EV-013,86,90.0,56.448,False,2026-10-03 15:30,baseline
EV-014,86,90.0,61.614,False,2026-10-03 15:30,baseline
EV-015,86,90.0,34.164,False,2026-10-03 15:30,baseline
EV-016,86,90.0,61.236,False,2026-10-03 15:30,baseline
EV-017,86,90.0,57.897,False,2026-10-03 15:30,baseline
EV-018,86,90.0,57.771,False,2026-10-03 15:30,baseline
EV-019,86,90.0,31.068,False,2026-10-03 15:30,baseline
EV-020,86,90.0,35.82,False,2026-10-03 15:30,baseline
EV-021,86,90.0,31.104,False,2026-10-03 15:30,baseline
EV-022,86,90.0,33.732,False,2026-10-03 15:30,baseline
EV-023,86,90.0,57.645,False,2026-10-03 15:30,baseline
EV-025,86,90.0,31.176,False,2026-10-03 15:30,baseline
EV-026,86,90.0,33.804,False,2026-10-03 15:30,baseline
EV-027,86,86.6,52.248,False,2026-10-03 15:30,baseline
EV-028,86,90.0,58.023,False,2026-10-03 15:30,baseline
EV-029,86,90.0,53.739,False,2026-10-03 15:30,baseline
EV-030,86,90.0,54.558,False,2026-10-03 15:30,baseline
EV-001,87,30.7,35.181,False,2026-10-03 15:45,baseline
EV-002,87,90.0,54.747,False,2026-10-03 15:45,baseline
EV-004,87,32.0,36.327,False,2026-10-03 15:45,baseline
EV-005,87,17.4,20.24,False,2026-10-03 15:45,baseline
EV-006,87,90.0,34.272,False,2026-10-03 15:45,baseline
EV-007,87,90.0,33.12,False,2026-10-03 15:45,baseline
EV-008,87,90.0,34.2,False,2026-10-03 15:45,baseline
EV-009,87,90.0,32.148,False,2026-10-03 15:45,baseline
EV-010,87,90.0,34.848,False,2026-10-03 15:45,baseline
EV-011,87,90.0,58.905,False,2026-10-03 15:45,baseline
EV-012,87,90.0,58.905,False,2026-10-03 15:45,baseline
EV-013,87,90.0,56.448,False,2026-10-03 15:45,baseline
EV-014,87,90.0,61.614,False,2026-10-03 15:45,baseline
EV-015,87,90.0,34.164,False,2026-10-03 15:45,baseline
EV-016,87,90.0,61.236,False,2026-10-03 15:45,baseline
EV-017,87,90.0,57.897,False,2026-10-03 15:45,baseline
EV-018,87,90.0,57.771,False,2026-10-03 15:45,baseline
EV-019,87,90.0,31.068,False,2026-10-03 15:45,baseline
EV-020,87,90.0,35.82,False,2026-10-03 15:45,baseline
EV-021,87,90.0,31.104,False,2026-10-03 15:45,baseline
EV-022,87,90.0,33.732,False,2026-10-03 15:45,baseline
EV-023,87,90.0,57.645,False,2026-10-03 15:45,baseline
EV-025,87,90.0,31.176,False,2026-10-03 15:45,baseline
EV-026,87,90.0,33.804,False,2026-10-03 15:45,baseline
EV-027,87,90.0,54.306,False,2026-10-03 15:45,baseline
EV-028,87,90.0,58.023,False,2026-10-03 15:45,baseline
EV-029,87,90.0,53.739,False,2026-10-03 15:45,baseline
EV-030,87,90.0,54.558,False,2026-10-03 15:45,baseline
EV-001,88,32.9,37.711,False,2026-10-03 16:00,baseline
EV-002,88,90.0,54.747,False,2026-10-03 16:00,baseline
EV-004,88,34.3,38.857,False,2026-10-03 16:00,baseline
EV-005,88,19.6,22.77,False,2026-10-03 16:00,baseline
EV-006,88,90.0,34.272,False,2026-10-03 16:00,baseline
EV-007,88,90.0,33.12,False,2026-10-03 16:00,baseline
EV-008,88,90.0,34.2,False,2026-10-03 16:00,baseline
EV-009,88,90.0,32.148,False,2026-10-03 16:00,baseline
EV-010,88,90.0,34.848,False,2026-10-03 16:00,baseline
EV-011,88,90.0,58.905,False,2026-10-03 16:00,baseline
EV-012,88,90.0,58.905,False,2026-10-03 16:00,baseline
EV-013,88,90.0,56.448,False,2026-10-03 16:00,baseline
EV-014,88,90.0,61.614,False,2026-10-03 16:00,baseline
EV-015,88,90.0,34.164,False,2026-10-03 16:00,baseline
EV-016,88,90.0,61.236,False,2026-10-03 16:00,baseline
EV-017,88,90.0,57.897,False,2026-10-03 16:00,baseline
EV-018,88,90.0,57.771,False,2026-10-03 16:00,baseline
EV-019,88,90.0,31.068,False,2026-10-03 16:00,baseline
EV-020,88,90.0,35.82,False,2026-10-03 16:00,baseline
EV-021,88,90.0,31.104,False,2026-10-03 16:00,baseline
EV-022,88,90.0,33.732,False,2026-10-03 16:00,baseline
EV-023,88,90.0,57.645,False,2026-10-03 16:00,baseline
EV-025,88,90.0,31.176,False,2026-10-03 16:00,baseline
EV-026,88,90.0,33.804,False,2026-10-03 16:00,baseline
EV-027,88,90.0,54.306,False,2026-10-03 16:00,baseline
EV-028,88,90.0,58.023,False,2026-10-03 16:00,baseline
EV-029,88,90.0,53.739,False,2026-10-03 16:00,baseline
EV-030,88,90.0,54.558,False,2026-10-03 16:00,baseline
EV-001,89,35.1,40.241,False,2026-10-03 16:15,baseline
EV-002,89,90.0,54.747,False,2026-10-03 16:15,baseline
EV-004,89,36.5,41.387,False,2026-10-03 16:15,baseline
EV-005,89,21.8,25.3,False,2026-10-03 16:15,baseline
EV-006,89,90.0,34.272,False,2026-10-03 16:15,baseline
EV-007,89,90.0,33.12,False,2026-10-03 16:15,baseline
EV-008,89,90.0,34.2,False,2026-10-03 16:15,baseline
EV-009,89,90.0,32.148,False,2026-10-03 16:15,baseline
EV-010,89,90.0,34.848,False,2026-10-03 16:15,baseline
EV-011,89,90.0,58.905,False,2026-10-03 16:15,baseline
EV-012,89,90.0,58.905,False,2026-10-03 16:15,baseline
EV-013,89,90.0,56.448,False,2026-10-03 16:15,baseline
EV-014,89,90.0,61.614,False,2026-10-03 16:15,baseline
EV-015,89,90.0,34.164,False,2026-10-03 16:15,baseline
EV-016,89,90.0,61.236,False,2026-10-03 16:15,baseline
EV-017,89,90.0,57.897,False,2026-10-03 16:15,baseline
EV-018,89,90.0,57.771,False,2026-10-03 16:15,baseline
EV-019,89,90.0,31.068,False,2026-10-03 16:15,baseline
EV-020,89,90.0,35.82,False,2026-10-03 16:15,baseline
EV-021,89,90.0,31.104,False,2026-10-03 16:15,baseline
EV-022,89,90.0,33.732,False,2026-10-03 16:15,baseline
EV-023,89,90.0,57.645,False,2026-10-03 16:15,baseline
EV-025,89,90.0,31.176,False,2026-10-03 16:15,baseline
EV-026,89,90.0,33.804,False,2026-10-03 16:15,baseline
EV-027,89,90.0,54.306,False,2026-10-03 16:15,baseline
EV-028,89,90.0,58.023,False,2026-10-03 16:15,baseline
EV-029,89,90.0,53.739,False,2026-10-03 16:15,baseline
EV-030,89,90.0,54.558,False,2026-10-03 16:15,baseline
EV-001,90,37.3,42.771,False,2026-10-03 16:30,baseline
EV-002,90,90.0,54.747,False,2026-10-03 16:30,baseline
EV-004,90,38.7,43.917,False,2026-10-03 16:30,baseline
EV-005,90,24.0,27.83,False,2026-10-03 16:30,baseline
EV-006,90,90.0,34.272,False,2026-10-03 16:30,baseline
EV-007,90,90.0,33.12,False,2026-10-03 16:30,baseline
EV-008,90,90.0,34.2,False,2026-10-03 16:30,baseline
EV-009,90,90.0,32.148,False,2026-10-03 16:30,baseline
EV-010,90,90.0,34.848,False,2026-10-03 16:30,baseline
EV-011,90,90.0,58.905,False,2026-10-03 16:30,baseline
EV-012,90,90.0,58.905,False,2026-10-03 16:30,baseline
EV-013,90,90.0,56.448,False,2026-10-03 16:30,baseline
EV-014,90,90.0,61.614,False,2026-10-03 16:30,baseline
EV-015,90,90.0,34.164,False,2026-10-03 16:30,baseline
EV-016,90,90.0,61.236,False,2026-10-03 16:30,baseline
EV-017,90,90.0,57.897,False,2026-10-03 16:30,baseline
EV-018,90,90.0,57.771,False,2026-10-03 16:30,baseline
EV-019,90,90.0,31.068,False,2026-10-03 16:30,baseline
EV-020,90,90.0,35.82,False,2026-10-03 16:30,baseline
EV-021,90,90.0,31.104,False,2026-10-03 16:30,baseline
EV-022,90,90.0,33.732,False,2026-10-03 16:30,baseline
EV-023,90,90.0,57.645,False,2026-10-03 16:30,baseline
EV-025,90,90.0,31.176,False,2026-10-03 16:30,baseline
EV-026,90,90.0,33.804,False,2026-10-03 16:30,baseline
EV-027,90,90.0,54.306,False,2026-10-03 16:30,baseline
EV-028,90,90.0,58.023,False,2026-10-03 16:30,baseline
EV-029,90,90.0,53.739,False,2026-10-03 16:30,baseline
EV-030,90,90.0,54.558,False,2026-10-03 16:30,baseline
EV-001,91,39.5,45.301,False,2026-10-03 16:45,baseline
EV-002,91,90.0,54.747,False,2026-10-03 16:45,baseline
EV-004,91,41.0,46.447,False,2026-10-03 16:45,baseline
EV-005,91,26.2,30.36,False,2026-10-03 16:45,baseline
EV-006,91,90.0,34.272,False,2026-10-03 16:45,baseline
EV-007,91,90.0,33.12,False,2026-10-03 16:45,baseline
EV-008,91,90.0,34.2,False,2026-10-03 16:45,baseline
EV-009,91,90.0,32.148,False,2026-10-03 16:45,baseline
EV-010,91,90.0,34.848,False,2026-10-03 16:45,baseline
EV-011,91,90.0,58.905,False,2026-10-03 16:45,baseline
EV-012,91,90.0,58.905,False,2026-10-03 16:45,baseline
EV-013,91,90.0,56.448,False,2026-10-03 16:45,baseline
EV-014,91,90.0,61.614,False,2026-10-03 16:45,baseline
EV-015,91,90.0,34.164,False,2026-10-03 16:45,baseline
EV-016,91,90.0,61.236,False,2026-10-03 16:45,baseline
EV-017,91,90.0,57.897,False,2026-10-03 16:45,baseline
EV-018,91,90.0,57.771,False,2026-10-03 16:45,baseline
EV-019,91,90.0,31.068,False,2026-10-03 16:45,baseline
EV-020,91,90.0,35.82,False,2026-10-03 16:45,baseline
EV-021,91,90.0,31.104,False,2026-10-03 16:45,baseline
EV-022,91,90.0,33.732,False,2026-10-03 16:45,baseline
EV-023,91,90.0,57.645,False,2026-10-03 16:45,baseline
EV-025,91,90.0,31.176,False,2026-10-03 16:45,baseline
EV-026,91,90.0,33.804,False,2026-10-03 16:45,baseline
EV-027,91,90.0,54.306,False,2026-10-03 16:45,baseline
EV-028,91,90.0,58.023,False,2026-10-03 16:45,baseline
EV-029,91,90.0,53.739,False,2026-10-03 16:45,baseline
EV-030,91,90.0,54.558,False,2026-10-03 16:45,baseline
EV-001,92,41.7,47.831,False,2026-10-03 17:00,baseline
EV-002,92,90.0,54.747,False,2026-10-03 17:00,baseline
EV-004,92,43.2,48.977,False,2026-10-03 17:00,baseline
EV-005,92,28.3,32.89,False,2026-10-03 17:00,baseline
EV-006,92,90.0,34.272,False,2026-10-03 17:00,baseline
EV-007,92,90.0,33.12,False,2026-10-03 17:00,baseline
EV-008,92,90.0,34.2,False,2026-10-03 17:00,baseline
EV-009,92,90.0,32.148,False,2026-10-03 17:00,baseline
EV-010,92,90.0,34.848,False,2026-10-03 17:00,baseline
EV-011,92,90.0,58.905,False,2026-10-03 17:00,baseline
EV-012,92,90.0,58.905,False,2026-10-03 17:00,baseline
EV-013,92,90.0,56.448,False,2026-10-03 17:00,baseline
EV-014,92,90.0,61.614,False,2026-10-03 17:00,baseline
EV-015,92,90.0,34.164,False,2026-10-03 17:00,baseline
EV-016,92,90.0,61.236,False,2026-10-03 17:00,baseline
EV-017,92,90.0,57.897,False,2026-10-03 17:00,baseline
EV-018,92,90.0,57.771,False,2026-10-03 17:00,baseline
EV-019,92,90.0,31.068,False,2026-10-03 17:00,baseline
EV-020,92,90.0,35.82,False,2026-10-03 17:00,baseline
EV-021,92,90.0,31.104,False,2026-10-03 17:00,baseline
EV-022,92,90.0,33.732,False,2026-10-03 17:00,baseline
EV-023,92,90.0,57.645,False,2026-10-03 17:00,baseline
EV-025,92,90.0,31.176,False,2026-10-03 17:00,baseline
EV-026,92,90.0,33.804,False,2026-10-03 17:00,baseline
EV-027,92,90.0,54.306,False,2026-10-03 17:00,baseline
EV-028,92,90.0,58.023,False,2026-10-03 17:00,baseline
EV-029,92,90.0,53.739,False,2026-10-03 17:00,baseline
EV-030,92,90.0,54.558,False,2026-10-03 17:00,baseline
EV-001,93,43.9,50.361,False,2026-10-03 17:15,baseline
EV-002,93,90.0,54.747,False,2026-10-03 17:15,baseline
EV-004,93,45.4,51.507,False,2026-10-03 17:15,baseline
EV-005,93,30.5,35.42,False,2026-10-03 17:15,baseline
EV-006,93,90.0,34.272,False,2026-10-03 17:15,baseline
EV-007,93,90.0,33.12,False,2026-10-03 17:15,baseline
EV-008,93,90.0,34.2,False,2026-10-03 17:15,baseline
EV-009,93,90.0,32.148,False,2026-10-03 17:15,baseline
EV-010,93,90.0,34.848,False,2026-10-03 17:15,baseline
EV-011,93,90.0,58.905,False,2026-10-03 17:15,baseline
EV-012,93,90.0,58.905,False,2026-10-03 17:15,baseline
EV-013,93,90.0,56.448,False,2026-10-03 17:15,baseline
EV-014,93,90.0,61.614,False,2026-10-03 17:15,baseline
EV-015,93,90.0,34.164,False,2026-10-03 17:15,baseline
EV-016,93,90.0,61.236,False,2026-10-03 17:15,baseline
EV-017,93,90.0,57.897,False,2026-10-03 17:15,baseline
EV-018,93,90.0,57.771,False,2026-10-03 17:15,baseline
EV-019,93,90.0,31.068,False,2026-10-03 17:15,baseline
EV-020,93,90.0,35.82,False,2026-10-03 17:15,baseline
EV-021,93,90.0,31.104,False,2026-10-03 17:15,baseline
EV-022,93,90.0,33.732,False,2026-10-03 17:15,baseline
EV-023,93,90.0,57.645,False,2026-10-03 17:15,baseline
EV-025,93,90.0,31.176,False,2026-10-03 17:15,baseline
EV-026,93,90.0,33.804,False,2026-10-03 17:15,baseline
EV-027,93,90.0,54.306,False,2026-10-03 17:15,baseline
EV-028,93,90.0,58.023,False,2026-10-03 17:15,baseline
EV-029,93,90.0,53.739,False,2026-10-03 17:15,baseline
EV-030,93,90.0,54.558,False,2026-10-03 17:15,baseline
EV-001,94,46.2,52.891,False,2026-10-03 17:30,baseline
EV-002,94,90.0,54.747,False,2026-10-03 17:30,baseline
EV-004,94,47.7,54.037,False,2026-10-03 17:30,baseline
EV-005,94,32.7,37.95,False,2026-10-03 17:30,baseline
EV-006,94,90.0,34.272,False,2026-10-03 17:30,baseline
EV-007,94,90.0,33.12,False,2026-10-03 17:30,baseline
EV-008,94,90.0,34.2,False,2026-10-03 17:30,baseline
EV-009,94,90.0,32.148,False,2026-10-03 17:30,baseline
EV-010,94,90.0,34.848,False,2026-10-03 17:30,baseline
EV-011,94,90.0,58.905,False,2026-10-03 17:30,baseline
EV-012,94,90.0,58.905,False,2026-10-03 17:30,baseline
EV-013,94,90.0,56.448,False,2026-10-03 17:30,baseline
EV-014,94,90.0,61.614,False,2026-10-03 17:30,baseline
EV-015,94,90.0,34.164,False,2026-10-03 17:30,baseline
EV-016,94,90.0,61.236,False,2026-10-03 17:30,baseline
EV-017,94,90.0,57.897,False,2026-10-03 17:30,baseline
EV-018,94,90.0,57.771,False,2026-10-03 17:30,baseline
EV-019,94,90.0,31.068,False,2026-10-03 17:30,baseline
EV-020,94,90.0,35.82,False,2026-10-03 17:30,baseline
EV-021,94,90.0,31.104,False,2026-10-03 17:30,baseline
EV-022,94,90.0,33.732,False,2026-10-03 17:30,baseline
EV-023,94,90.0,57.645,False,2026-10-03 17:30,baseline
EV-025,94,90.0,31.176,False,2026-10-03 17:30,baseline
EV-026,94,90.0,33.804,False,2026-10-03 17:30,baseline
EV-027,94,90.0,54.306,False,2026-10-03 17:30,baseline
EV-028,94,90.0,58.023,False,2026-10-03 17:30,baseline
EV-029,94,90.0,53.739,False,2026-10-03 17:30,baseline
EV-030,94,90.0,54.558,False,2026-10-03 17:30,baseline
EV-001,95,48.4,55.421,False,2026-10-03 17:45,baseline
EV-002,95,90.0,54.747,False,2026-10-03 17:45,baseline
EV-004,95,49.9,56.567,False,2026-10-03 17:45,baseline
EV-005,95,34.9,40.48,False,2026-10-03 17:45,baseline
EV-006,95,90.0,34.272,False,2026-10-03 17:45,baseline
EV-007,95,90.0,33.12,False,2026-10-03 17:45,baseline
EV-008,95,90.0,34.2,False,2026-10-03 17:45,baseline
EV-009,95,90.0,32.148,False,2026-10-03 17:45,baseline
EV-010,95,90.0,34.848,False,2026-10-03 17:45,baseline
EV-011,95,90.0,58.905,False,2026-10-03 17:45,baseline
EV-012,95,90.0,58.905,False,2026-10-03 17:45,baseline
EV-013,95,90.0,56.448,False,2026-10-03 17:45,baseline
EV-014,95,90.0,61.614,False,2026-10-03 17:45,baseline
EV-015,95,90.0,34.164,False,2026-10-03 17:45,baseline
EV-016,95,90.0,61.236,False,2026-10-03 17:45,baseline
EV-017,95,90.0,57.897,False,2026-10-03 17:45,baseline
EV-018,95,90.0,57.771,False,2026-10-03 17:45,baseline
EV-019,95,90.0,31.068,False,2026-10-03 17:45,baseline
EV-020,95,90.0,35.82,False,2026-10-03 17:45,baseline
EV-021,95,90.0,31.104,False,2026-10-03 17:45,baseline
EV-022,95,90.0,33.732,False,2026-10-03 17:45,baseline
EV-023,95,90.0,57.645,False,2026-10-03 17:45,baseline
EV-025,95,90.0,31.176,False,2026-10-03 17:45,baseline
EV-026,95,90.0,33.804,False,2026-10-03 17:45,baseline
EV-027,95,90.0,54.306,False,2026-10-03 17:45,baseline
EV-028,95,90.0,58.023,False,2026-10-03 17:45,baseline
EV-029,95,90.0,53.739,False,2026-10-03 17:45,baseline
EV-030,95,90.0,54.558,False,2026-10-03 17:45,baseline
EV-001,0,15.5,17.763,False,2026-10-02 18:00,optimized
EV-001,1,15.5,17.763,False,2026-10-02 18:15,optimized
EV-001,2,15.5,17.763,False,2026-10-02 18:30,optimized
EV-001,3,15.5,17.763,False,2026-10-02 18:45,optimized
EV-001,4,15.5,17.763,False,2026-10-02 19:00,optimized
EV-001,5,15.5,17.763,False,2026-10-02 19:15,optimized
EV-001,6,15.5,17.763,False,2026-10-02 19:30,optimized
EV-001,7,20.6,23.609,False,2026-10-02 19:45,optimized
EV-001,8,25.7,29.454,False,2026-10-02 20:00,optimized
EV-001,9,25.7,29.454,False,2026-10-02 20:15,optimized
EV-001,10,28.2,32.335,False,2026-10-02 20:30,optimized
EV-001,11,28.2,32.335,False,2026-10-02 20:45,optimized
EV-001,12,28.2,32.335,False,2026-10-02 21:00,optimized
EV-001,13,28.2,32.335,False,2026-10-02 21:15,optimized
EV-001,14,33.3,38.18,False,2026-10-02 21:30,optimized
EV-001,15,36.2,41.441,False,2026-10-02 21:45,optimized
EV-001,16,39.0,44.702,False,2026-10-02 22:00,optimized
EV-001,17,44.1,50.547,False,2026-10-02 22:15,optimized
EV-001,18,47.0,53.808,False,2026-10-02 22:30,optimized
EV-001,19,50.6,57.947,True,2026-10-02 22:45,optimized
EV-001,20,50.6,57.947,True,2026-10-02 23:00,optimized
EV-001,21,50.6,57.947,True,2026-10-02 23:15,optimized
EV-001,22,50.6,57.947,True,2026-10-02 23:30,optimized
EV-001,23,50.6,57.947,True,2026-10-02 23:45,optimized
EV-001,24,50.6,57.947,True,2026-10-03 00:00,optimized
EV-001,25,50.6,57.947,True,2026-10-03 00:15,optimized
EV-001,26,50.6,57.947,True,2026-10-03 00:30,optimized
EV-001,27,25.5,29.252,False,2026-10-03 00:45,optimized
EV-001,28,25.5,29.252,False,2026-10-03 01:00,optimized
EV-001,29,25.5,29.252,False,2026-10-03 01:15,optimized
EV-001,30,25.5,29.252,False,2026-10-03 01:30,optimized
EV-001,31,30.6,35.098,False,2026-10-03 01:45,optimized
EV-001,32,35.7,40.944,False,2026-10-03 02:00,optimized
EV-001,33,40.8,46.79,False,2026-10-03 02:15,optimized
EV-001,34,45.9,52.635,False,2026-10-03 02:30,optimized
EV-001,35,51.0,58.481,False,2026-10-03 02:45,optimized
EV-001,36,56.1,64.327,False,2026-10-03 03:00,optimized
EV-001,37,61.2,70.172,False,2026-10-03 03:15,optimized
EV-001,38,61.2,70.172,False,2026-10-03 03:30,optimized
EV-001,39,61.2,70.172,False,2026-10-03 03:45,optimized
EV-001,40,61.2,70.172,False,2026-10-03 04:00,optimized
EV-001,41,64.1,73.433,False,2026-10-03 04:15,optimized
EV-001,42,66.9,76.694,False,2026-10-03 04:30,optimized
EV-001,43,69.8,79.954,False,2026-10-03 04:45,optimized
EV-001,44,69.8,79.954,False,2026-10-03 05:00,optimized
EV-001,45,74.9,85.8,False,2026-10-03 05:15,optimized
EV-001,46,80.0,91.646,False,2026-10-03 05:30,optimized
EV-001,47,80.0,91.646,False,2026-10-03 05:45,optimized
EV-001,48,85.1,97.491,True,2026-10-03 06:00,optimized
EV-001,49,85.1,97.491,True,2026-10-03 06:15,optimized
EV-001,50,85.1,97.491,True,2026-10-03 06:30,optimized
EV-001,51,85.1,97.491,True,2026-10-03 06:45,optimized
EV-001,52,85.1,97.491,True,2026-10-03 07:00,optimized
EV-001,53,85.1,97.491,True,2026-10-03 07:15,optimized
EV-001,54,85.1,97.491,True,2026-10-03 07:30,optimized
EV-001,55,85.1,97.491,True,2026-10-03 07:45,optimized
EV-001,56,53.7,61.579,False,2026-10-03 08:00,optimized
EV-001,57,58.8,67.425,False,2026-10-03 08:15,optimized
EV-001,58,63.9,73.271,False,2026-10-03 08:30,optimized
EV-001,59,69.0,79.116,True,2026-10-03 08:45,optimized
EV-001,60,69.0,79.116,True,2026-10-03 09:00,optimized
EV-001,61,69.0,79.116,True,2026-10-03 09:15,optimized
EV-001,62,69.0,79.116,True,2026-10-03 09:30,optimized
EV-001,63,69.0,79.116,True,2026-10-03 09:45,optimized
EV-001,64,69.0,79.116,True,2026-10-03 10:00,optimized
EV-001,65,69.0,79.116,True,2026-10-03 10:15,optimized
EV-001,66,69.0,79.116,True,2026-10-03 10:30,optimized
EV-001,67,69.0,79.116,True,2026-10-03 10:45,optimized
EV-001,68,69.0,79.116,True,2026-10-03 11:00,optimized
EV-001,69,23.5,26.919,False,2026-10-03 11:15,optimized
EV-001,70,28.6,32.765,False,2026-10-03 11:30,optimized
EV-001,71,33.7,38.611,False,2026-10-03 11:45,optimized
EV-001,72,34.0,38.921,False,2026-10-03 12:00,optimized
EV-001,73,39.1,44.767,False,2026-10-03 12:15,optimized
EV-001,74,44.2,50.612,False,2026-10-03 12:30,optimized
EV-001,75,49.3,56.458,False,2026-10-03 12:45,optimized
EV-001,76,49.3,56.458,True,2026-10-03 13:00,optimized
EV-001,77,49.3,56.458,True,2026-10-03 13:15,optimized
EV-001,78,49.3,56.458,True,2026-10-03 13:30,optimized
EV-001,79,49.3,56.458,True,2026-10-03 13:45,optimized
EV-001,80,49.3,56.458,True,2026-10-03 14:00,optimized
EV-001,81,49.3,56.458,True,2026-10-03 14:15,optimized
EV-001,82,49.3,56.458,True,2026-10-03 14:30,optimized
EV-001,83,49.3,56.458,True,2026-10-03 14:45,optimized
EV-001,84,15.0,17.19,False,2026-10-03 15:00,optimized
EV-001,85,15.0,17.19,False,2026-10-03 15:15,optimized
EV-001,86,15.0,17.19,False,2026-10-03 15:30,optimized
EV-001,87,15.0,17.19,False,2026-10-03 15:45,optimized
EV-001,88,15.0,17.19,False,2026-10-03 16:00,optimized
EV-001,89,15.0,17.19,False,2026-10-03 16:15,optimized
EV-001,90,15.0,17.19,False,2026-10-03 16:30,optimized
EV-001,91,15.0,17.19,False,2026-10-03 16:45,optimized
EV-001,92,15.0,17.19,False,2026-10-03 17:00,optimized
EV-001,93,15.0,17.19,False,2026-10-03 17:15,optimized
EV-001,94,15.0,17.19,False,2026-10-03 17:30,optimized
EV-001,95,15.0,17.19,False,2026-10-03 17:45,optimized
EV-002,0,48.2,29.32,False,2026-10-02 18:00,optimized
EV-002,1,48.2,29.32,False,2026-10-02 18:15,optimized
EV-002,2,48.2,29.32,False,2026-10-02 18:30,optimized
EV-002,3,48.2,29.32,False,2026-10-02 18:45,optimized
EV-002,4,48.2,29.32,False,2026-10-02 19:00,optimized
EV-002,5,48.2,29.32,False,2026-10-02 19:15,optimized
EV-002,6,48.2,29.32,False,2026-10-02 19:30,optimized
EV-002,7,48.2,29.32,False,2026-10-02 19:45,optimized
EV-002,8,48.2,29.32,False,2026-10-02 20:00,optimized
EV-002,9,48.2,29.32,False,2026-10-02 20:15,optimized
EV-002,10,48.2,29.32,False,2026-10-02 20:30,optimized
EV-002,11,48.2,29.32,False,2026-10-02 20:45,optimized
EV-002,12,48.2,29.32,False,2026-10-02 21:00,optimized
EV-002,13,48.2,29.32,False,2026-10-02 21:15,optimized
EV-002,14,48.2,29.32,False,2026-10-02 21:30,optimized
EV-002,15,48.2,29.32,False,2026-10-02 21:45,optimized
EV-002,16,48.2,29.32,False,2026-10-02 22:00,optimized
EV-002,17,48.2,29.32,False,2026-10-02 22:15,optimized
EV-002,18,48.2,29.32,False,2026-10-02 22:30,optimized
EV-002,19,48.2,29.32,False,2026-10-02 22:45,optimized
EV-002,20,48.2,29.32,False,2026-10-02 23:00,optimized
EV-002,21,48.2,29.32,False,2026-10-02 23:15,optimized
EV-002,22,48.2,29.32,False,2026-10-02 23:30,optimized
EV-002,23,48.2,29.32,False,2026-10-02 23:45,optimized
EV-002,24,48.2,29.32,False,2026-10-03 00:00,optimized
EV-002,25,48.2,29.32,False,2026-10-03 00:15,optimized
EV-002,26,48.2,29.32,False,2026-10-03 00:30,optimized
EV-002,27,48.2,29.32,False,2026-10-03 00:45,optimized
EV-002,28,48.2,29.32,False,2026-10-03 01:00,optimized
EV-002,29,48.2,29.32,False,2026-10-03 01:15,optimized
EV-002,30,48.2,29.32,False,2026-10-03 01:30,optimized
EV-002,31,48.2,29.32,False,2026-10-03 01:45,optimized
EV-002,32,48.2,29.32,False,2026-10-03 02:00,optimized
EV-002,33,48.2,29.32,False,2026-10-03 02:15,optimized
EV-002,34,48.2,29.32,False,2026-10-03 02:30,optimized
EV-002,35,48.2,29.32,False,2026-10-03 02:45,optimized
EV-002,36,48.2,29.32,False,2026-10-03 03:00,optimized
EV-002,37,48.2,29.32,False,2026-10-03 03:15,optimized
EV-002,38,48.2,29.32,False,2026-10-03 03:30,optimized
EV-002,39,48.2,29.32,False,2026-10-03 03:45,optimized
EV-002,40,48.2,29.32,False,2026-10-03 04:00,optimized
EV-002,41,48.2,29.32,False,2026-10-03 04:15,optimized
EV-002,42,48.2,29.32,False,2026-10-03 04:30,optimized
EV-002,43,48.2,29.32,False,2026-10-03 04:45,optimized
EV-002,44,48.2,29.32,False,2026-10-03 05:00,optimized
EV-002,45,48.2,29.32,False,2026-10-03 05:15,optimized
EV-002,46,48.2,29.32,False,2026-10-03 05:30,optimized
EV-002,47,48.2,29.32,False,2026-10-03 05:45,optimized
EV-002,48,48.2,29.32,False,2026-10-03 06:00,optimized
EV-002,49,48.2,29.32,False,2026-10-03 06:15,optimized
EV-002,50,48.2,29.32,False,2026-10-03 06:30,optimized
EV-002,51,48.2,29.32,False,2026-10-03 06:45,optimized
EV-002,52,48.2,29.32,False,2026-10-03 07:00,optimized
EV-002,53,48.2,29.32,False,2026-10-03 07:15,optimized
EV-002,54,48.2,29.32,False,2026-10-03 07:30,optimized
EV-002,55,48.2,29.32,False,2026-10-03 07:45,optimized
EV-002,56,48.2,29.32,False,2026-10-03 08:00,optimized
EV-002,57,48.2,29.32,False,2026-10-03 08:15,optimized
EV-002,58,48.2,29.32,False,2026-10-03 08:30,optimized
EV-002,59,48.2,29.32,False,2026-10-03 08:45,optimized
EV-002,60,48.2,29.32,False,2026-10-03 09:00,optimized
EV-002,61,48.2,29.32,False,2026-10-03 09:15,optimized
EV-002,62,48.2,29.32,False,2026-10-03 09:30,optimized
EV-002,63,48.2,29.32,False,2026-10-03 09:45,optimized
EV-002,64,48.2,29.32,False,2026-10-03 10:00,optimized
EV-002,65,48.2,29.32,False,2026-10-03 10:15,optimized
EV-002,66,48.2,29.32,False,2026-10-03 10:30,optimized
EV-002,67,48.2,29.32,False,2026-10-03 10:45,optimized
EV-002,68,48.2,29.32,False,2026-10-03 11:00,optimized
EV-002,69,48.2,29.32,False,2026-10-03 11:15,optimized
EV-002,70,48.2,29.32,False,2026-10-03 11:30,optimized
EV-002,71,48.2,29.32,False,2026-10-03 11:45,optimized
EV-002,72,48.2,29.32,False,2026-10-03 12:00,optimized
EV-002,73,48.2,29.32,False,2026-10-03 12:15,optimized
EV-002,74,48.2,29.32,False,2026-10-03 12:30,optimized
EV-002,75,48.2,29.32,False,2026-10-03 12:45,optimized
EV-002,76,48.2,29.32,False,2026-10-03 13:00,optimized
EV-002,77,48.2,29.32,False,2026-10-03 13:15,optimized
EV-002,78,48.2,29.32,False,2026-10-03 13:30,optimized
EV-002,79,48.2,29.32,False,2026-10-03 13:45,optimized
EV-002,80,48.2,29.32,False,2026-10-03 14:00,optimized
EV-002,81,48.2,29.32,False,2026-10-03 14:15,optimized
EV-002,82,48.2,29.32,False,2026-10-03 14:30,optimized
EV-002,83,48.2,29.32,False,2026-10-03 14:45,optimized
EV-002,84,48.2,29.32,False,2026-10-03 15:00,optimized
EV-002,85,48.2,29.32,False,2026-10-03 15:15,optimized
EV-002,86,48.2,29.32,False,2026-10-03 15:30,optimized
EV-002,87,48.2,29.32,False,2026-10-03 15:45,optimized
EV-002,88,48.2,29.32,False,2026-10-03 16:00,optimized
EV-002,89,48.2,29.32,False,2026-10-03 16:15,optimized
EV-002,90,48.2,29.32,False,2026-10-03 16:30,optimized
EV-002,91,48.2,29.32,False,2026-10-03 16:45,optimized
EV-002,92,48.2,29.32,False,2026-10-03 17:00,optimized
EV-002,93,48.2,29.32,False,2026-10-03 17:15,optimized
EV-002,94,48.2,29.32,False,2026-10-03 17:30,optimized
EV-002,95,48.2,29.32,False,2026-10-03 17:45,optimized
EV-004,0,24.8,28.123,False,2026-10-02 18:00,optimized
EV-004,1,24.8,28.123,False,2026-10-02 18:15,optimized
EV-004,2,24.8,28.123,False,2026-10-02 18:30,optimized
EV-004,3,24.8,28.123,False,2026-10-02 18:45,optimized
EV-004,4,24.8,28.123,False,2026-10-02 19:00,optimized
EV-004,5,24.8,28.123,False,2026-10-02 19:15,optimized
EV-004,6,24.8,28.123,False,2026-10-02 19:30,optimized
EV-004,7,24.8,28.123,False,2026-10-02 19:45,optimized
EV-004,8,24.8,28.123,False,2026-10-02 20:00,optimized
EV-004,9,30.0,33.969,False,2026-10-02 20:15,optimized
EV-004,10,32.6,36.934,False,2026-10-02 20:30,optimized
EV-004,11,37.7,42.78,False,2026-10-02 20:45,optimized
EV-004,12,42.9,48.625,False,2026-10-02 21:00,optimized
EV-004,13,48.0,54.471,True,2026-10-02 21:15,optimized
EV-004,14,48.0,54.471,True,2026-10-02 21:30,optimized
EV-004,15,48.0,54.471,True,2026-10-02 21:45,optimized
EV-004,16,48.0,54.471,True,2026-10-02 22:00,optimized
EV-004,17,48.0,54.471,True,2026-10-02 22:15,optimized
EV-004,18,48.0,54.471,True,2026-10-02 22:30,optimized
EV-004,19,48.0,54.471,True,2026-10-02 22:45,optimized
EV-004,20,48.0,54.471,True,2026-10-02 23:00,optimized
EV-004,21,15.0,17.01,False,2026-10-02 23:15,optimized
EV-004,22,20.2,22.856,False,2026-10-02 23:30,optimized
EV-004,23,25.3,28.701,False,2026-10-02 23:45,optimized
EV-004,24,30.5,34.547,False,2026-10-03 00:00,optimized
EV-004,25,35.6,40.393,False,2026-10-03 00:15,optimized
EV-004,26,40.8,46.238,False,2026-10-03 00:30,optimized
EV-004,27,45.9,52.084,False,2026-10-03 00:45,optimized
EV-004,28,51.1,57.93,False,2026-10-03 01:00,optimized
EV-004,29,54.0,61.19,False,2026-10-03 01:15,optimized
EV-004,30,57.6,65.31,False,2026-10-03 01:30,optimized
EV-004,31,57.6,65.31,False,2026-10-03 01:45,optimized
EV-004,32,57.6,65.31,False,2026-10-03 02:00,optimized
EV-004,33,57.6,65.31,False,2026-10-03 02:15,optimized
EV-004,34,57.6,65.31,False,2026-10-03 02:30,optimized
EV-004,35,57.6,65.31,False,2026-10-03 02:45,optimized
EV-004,36,57.6,65.31,False,2026-10-03 03:00,optimized
EV-004,37,57.6,65.31,False,2026-10-03 03:15,optimized
EV-004,38,60.5,68.571,False,2026-10-03 03:30,optimized
EV-004,39,63.3,71.832,False,2026-10-03 03:45,optimized
EV-004,40,66.2,75.092,False,2026-10-03 04:00,optimized
EV-004,41,66.2,75.092,False,2026-10-03 04:15,optimized
EV-004,42,66.2,75.092,False,2026-10-03 04:30,optimized
EV-004,43,66.2,75.092,False,2026-10-03 04:45,optimized
EV-004,44,69.1,78.353,False,2026-10-03 05:00,optimized
EV-004,45,69.1,78.353,False,2026-10-03 05:15,optimized
EV-004,46,69.1,78.353,False,2026-10-03 05:30,optimized
EV-004,47,74.2,84.199,False,2026-10-03 05:45,optimized
EV-004,48,74.2,84.199,False,2026-10-03 06:00,optimized
EV-004,49,77.1,87.459,False,2026-10-03 06:15,optimized
EV-004,50,80.0,90.72,False,2026-10-03 06:30,optimized
EV-004,51,83.3,94.411,True,2026-10-03 06:45,optimized
EV-004,52,83.3,94.411,True,2026-10-03 07:00,optimized
EV-004,53,83.3,94.411,True,2026-10-03 07:15,optimized
EV-004,54,83.3,94.411,True,2026-10-03 07:30,optimized
EV-004,55,83.3,94.411,True,2026-10-03 07:45,optimized
EV-004,56,83.3,94.411,True,2026-10-03 08:00,optimized
EV-004,57,83.3,94.411,True,2026-10-03 08:15,optimized
EV-004,58,83.3,94.411,True,2026-10-03 08:30,optimized
EV-004,59,49.1,55.736,False,2026-10-03 08:45,optimized
EV-004,60,54.3,61.582,False,2026-10-03 09:00,optimized
EV-004,61,59.5,67.427,False,2026-10-03 09:15,optimized
EV-004,62,64.6,73.273,True,2026-10-03 09:30,optimized
EV-004,63,64.6,73.273,True,2026-10-03 09:45,optimized
EV-004,64,64.6,73.273,True,2026-10-03 10:00,optimized
EV-004,65,64.6,73.273,True,2026-10-03 10:15,optimized
EV-004,66,64.6,73.273,True,2026-10-03 10:30,optimized
EV-004,67,64.6,73.273,True,2026-10-03 10:45,optimized
EV-004,68,64.6,73.273,True,2026-10-03 11:00,optimized
EV-004,69,64.6,73.273,True,2026-10-03 11:15,optimized
EV-004,70,34.3,38.894,False,2026-10-03 11:30,optimized
EV-004,71,34.3,38.894,False,2026-10-03 11:45,optimized
EV-004,72,39.2,44.429,False,2026-10-03 12:00,optimized
EV-004,73,39.2,44.429,False,2026-10-03 12:15,optimized
EV-004,74,39.2,44.429,False,2026-10-03 12:30,optimized
EV-004,75,39.2,44.429,False,2026-10-03 12:45,optimized
EV-004,76,44.3,50.275,True,2026-10-03 13:00,optimized
EV-004,77,44.3,50.275,True,2026-10-03 13:15,optimized
EV-004,78,44.3,50.275,True,2026-10-03 13:30,optimized
EV-004,79,44.3,50.275,True,2026-10-03 13:45,optimized
EV-004,80,44.3,50.275,True,2026-10-03 14:00,optimized
EV-004,81,44.3,50.275,True,2026-10-03 14:15,optimized
EV-004,82,44.3,50.275,True,2026-10-03 14:30,optimized
EV-004,83,44.3,50.275,True,2026-10-03 14:45,optimized
EV-004,84,15.0,17.01,False,2026-10-03 15:00,optimized
EV-004,85,15.0,17.01,False,2026-10-03 15:15,optimized
EV-004,86,15.0,17.01,False,2026-10-03 15:30,optimized
EV-004,87,15.0,17.01,False,2026-10-03 15:45,optimized
EV-004,88,15.0,17.01,False,2026-10-03 16:00,optimized
EV-004,89,15.0,17.01,False,2026-10-03 16:15,optimized
EV-004,90,15.0,17.01,False,2026-10-03 16:30,optimized
EV-004,91,15.0,17.01,False,2026-10-03 16:45,optimized
EV-004,92,15.0,17.01,False,2026-10-03 17:00,optimized
EV-004,93,15.0,17.01,False,2026-10-03 17:15,optimized
EV-004,94,15.0,17.01,False,2026-10-03 17:30,optimized
EV-004,95,15.0,17.01,False,2026-10-03 17:45,optimized
EV-005,0,43.0,49.897,False,2026-10-02 18:00,optimized
EV-005,1,45.2,52.427,False,2026-10-02 18:15,optimized
EV-005,2,47.4,54.957,False,2026-10-02 18:30,optimized
EV-005,3,49.5,57.487,False,2026-10-02 18:45,optimized
EV-005,4,51.7,60.017,False,2026-10-02 19:00,optimized
EV-005,5,53.9,62.547,False,2026-10-02 19:15,optimized
EV-005,6,56.1,65.077,True,2026-10-02 19:30,optimized
EV-005,7,56.1,65.077,True,2026-10-02 19:45,optimized
EV-005,8,56.1,65.077,True,2026-10-02 20:00,optimized
EV-005,9,56.1,65.077,True,2026-10-02 20:15,optimized
EV-005,10,56.1,65.077,True,2026-10-02 20:30,optimized
EV-005,11,56.1,65.077,True,2026-10-02 20:45,optimized
EV-005,12,56.1,65.077,True,2026-10-02 21:00,optimized
EV-005,13,56.1,65.077,True,2026-10-02 21:15,optimized
EV-005,14,33.5,38.822,False,2026-10-02 21:30,optimized
EV-005,15,35.6,41.352,False,2026-10-02 21:45,optimized
EV-005,16,37.8,43.882,False,2026-10-02 22:00,optimized
EV-005,17,37.8,43.882,False,2026-10-02 22:15,optimized
EV-005,18,40.0,46.412,False,2026-10-02 22:30,optimized
EV-005,19,41.4,48.082,True,2026-10-02 22:45,optimized
EV-005,20,41.4,48.082,True,2026-10-02 23:00,optimized
EV-005,21,41.4,48.082,True,2026-10-02 23:15,optimized
EV-005,22,41.4,48.082,True,2026-10-02 23:30,optimized
EV-005,23,41.4,48.082,True,2026-10-02 23:45,optimized
EV-005,24,41.4,48.082,True,2026-10-03 00:00,optimized
EV-005,25,41.4,48.082,True,2026-10-03 00:15,optimized
EV-005,26,41.4,48.082,True,2026-10-03 00:30,optimized
EV-005,27,15.0,17.406,False,2026-10-03 00:45,optimized
EV-005,28,15.0,17.406,False,2026-10-03 01:00,optimized
EV-005,29,17.2,19.936,False,2026-10-03 01:15,optimized
EV-005,30,18.6,21.625,False,2026-10-03 01:30,optimized
EV-005,31,18.6,21.625,False,2026-10-03 01:45,optimized
EV-005,32,18.6,21.625,False,2026-10-03 02:00,optimized
EV-005,33,18.6,21.625,False,2026-10-03 02:15,optimized
EV-005,34,18.6,21.625,False,2026-10-03 02:30,optimized
EV-005,35,18.6,21.625,False,2026-10-03 02:45,optimized
EV-005,36,18.6,21.625,False,2026-10-03 03:00,optimized
EV-005,37,18.6,21.625,False,2026-10-03 03:15,optimized
EV-005,38,20.8,24.155,False,2026-10-03 03:30,optimized
EV-005,39,23.0,26.685,False,2026-10-03 03:45,optimized
EV-005,40,25.2,29.215,False,2026-10-03 04:00,optimized
EV-005,41,27.4,31.745,False,2026-10-03 04:15,optimized
EV-005,42,29.5,34.275,False,2026-10-03 04:30,optimized
EV-005,43,31.7,36.805,False,2026-10-03 04:45,optimized
EV-005,44,33.9,39.335,False,2026-10-03 05:00,optimized
EV-005,45,33.9,39.335,False,2026-10-03 05:15,optimized
EV-005,46,33.9,39.335,False,2026-10-03 05:30,optimized
EV-005,47,33.9,39.335,False,2026-10-03 05:45,optimized
EV-005,48,33.9,39.335,False,2026-10-03 06:00,optimized
EV-005,49,36.1,41.865,False,2026-10-03 06:15,optimized
EV-005,50,38.3,44.395,False,2026-10-03 06:30,optimized
EV-005,51,40.1,46.504,False,2026-10-03 06:45,optimized
EV-005,52,42.3,49.034,True,2026-10-03 07:00,optimized
EV-005,53,42.3,49.034,True,2026-10-03 07:15,optimized
EV-005,54,42.3,49.034,True,2026-10-03 07:30,optimized
EV-005,55,42.3,49.034,True,2026-10-03 07:45,optimized
EV-005,56,42.3,49.034,True,2026-10-03 08:00,optimized
EV-005,57,42.3,49.034,True,2026-10-03 08:15,optimized
EV-005,58,42.3,49.034,True,2026-10-03 08:30,optimized
EV-005,59,42.3,49.034,True,2026-10-03 08:45,optimized
EV-005,60,15.0,17.406,False,2026-10-03 09:00,optimized
EV-005,61,15.0,17.406,False,2026-10-03 09:15,optimized
EV-005,62,15.0,17.406,False,2026-10-03 09:30,optimized
EV-005,63,17.2,19.936,False,2026-10-03 09:45,optimized
EV-005,64,19.4,22.466,False,2026-10-03 10:00,optimized
EV-005,65,21.5,24.996,False,2026-10-03 10:15,optimized
EV-005,66,21.5,24.996,False,2026-10-03 10:30,optimized
EV-005,67,23.7,27.526,False,2026-10-03 10:45,optimized
EV-005,68,23.8,27.67,False,2026-10-03 11:00,optimized
EV-005,69,26.0,30.2,False,2026-10-03 11:15,optimized
EV-005,70,26.0,30.2,False,2026-10-03 11:30,optimized
EV-005,71,26.0,30.2,True,2026-10-03 11:45,optimized
EV-005,72,26.0,30.2,True,2026-10-03 12:00,optimized
EV-005,73,26.0,30.2,True,2026-10-03 12:15,optimized
EV-005,74,26.0,30.2,True,2026-10-03 12:30,optimized
EV-005,75,26.0,30.2,True,2026-10-03 12:45,optimized
EV-005,76,26.0,30.2,True,2026-10-03 13:00,optimized
EV-005,77,26.0,30.2,True,2026-10-03 13:15,optimized
EV-005,78,26.0,30.2,True,2026-10-03 13:30,optimized
EV-005,79,15.0,17.406,False,2026-10-03 13:45,optimized
EV-005,80,15.0,17.406,False,2026-10-03 14:00,optimized
EV-005,81,15.0,17.406,False,2026-10-03 14:15,optimized
EV-005,82,15.0,17.406,False,2026-10-03 14:30,optimized
EV-005,83,15.0,17.406,False,2026-10-03 14:45,optimized
EV-005,84,15.0,17.406,False,2026-10-03 15:00,optimized
EV-005,85,15.0,17.406,False,2026-10-03 15:15,optimized
EV-005,86,15.0,17.406,False,2026-10-03 15:30,optimized
EV-005,87,15.0,17.406,False,2026-10-03 15:45,optimized
EV-005,88,15.0,17.406,False,2026-10-03 16:00,optimized
EV-005,89,15.0,17.406,False,2026-10-03 16:15,optimized
EV-005,90,15.0,17.406,False,2026-10-03 16:30,optimized
EV-005,91,15.0,17.406,False,2026-10-03 16:45,optimized
EV-005,92,15.0,17.406,False,2026-10-03 17:00,optimized
EV-005,93,15.0,17.406,False,2026-10-03 17:15,optimized
EV-005,94,15.0,17.406,False,2026-10-03 17:30,optimized
EV-005,95,15.0,17.406,False,2026-10-03 17:45,optimized
EV-006,0,28.9,11.005,False,2026-10-02 18:00,optimized
EV-006,1,28.9,11.005,False,2026-10-02 18:15,optimized
EV-006,2,28.9,11.005,False,2026-10-02 18:30,optimized
EV-006,3,28.9,11.005,False,2026-10-02 18:45,optimized
EV-006,4,28.9,11.005,False,2026-10-02 19:00,optimized
EV-006,5,28.9,11.005,False,2026-10-02 19:15,optimized
EV-006,6,28.9,11.005,False,2026-10-02 19:30,optimized
EV-006,7,28.9,11.005,False,2026-10-02 19:45,optimized
EV-006,8,28.9,11.005,False,2026-10-02 20:00,optimized
EV-006,9,28.9,11.005,False,2026-10-02 20:15,optimized
EV-006,10,28.9,11.005,False,2026-10-02 20:30,optimized
EV-006,11,28.9,11.005,False,2026-10-02 20:45,optimized
EV-006,12,28.9,11.005,False,2026-10-02 21:00,optimized
EV-006,13,28.9,11.005,False,2026-10-02 21:15,optimized
EV-006,14,28.9,11.005,False,2026-10-02 21:30,optimized
EV-006,15,28.9,11.005,False,2026-10-02 21:45,optimized
EV-006,16,28.9,11.005,False,2026-10-02 22:00,optimized
EV-006,17,28.9,11.005,False,2026-10-02 22:15,optimized
EV-006,18,28.9,11.005,False,2026-10-02 22:30,optimized
EV-006,19,28.9,11.005,False,2026-10-02 22:45,optimized
EV-006,20,28.9,11.005,False,2026-10-02 23:00,optimized
EV-006,21,28.9,11.005,False,2026-10-02 23:15,optimized
EV-006,22,28.9,11.005,False,2026-10-02 23:30,optimized
EV-006,23,28.9,11.005,False,2026-10-02 23:45,optimized
EV-006,24,28.9,11.005,False,2026-10-03 00:00,optimized
EV-006,25,28.9,11.005,False,2026-10-03 00:15,optimized
EV-006,26,28.9,11.005,False,2026-10-03 00:30,optimized
EV-006,27,28.9,11.005,False,2026-10-03 00:45,optimized
EV-006,28,28.9,11.005,False,2026-10-03 01:00,optimized
EV-006,29,28.9,11.005,False,2026-10-03 01:15,optimized
EV-006,30,28.9,11.005,False,2026-10-03 01:30,optimized
EV-006,31,28.9,11.005,False,2026-10-03 01:45,optimized
EV-006,32,28.9,11.005,False,2026-10-03 02:00,optimized
EV-006,33,28.9,11.005,False,2026-10-03 02:15,optimized
EV-006,34,28.9,11.005,False,2026-10-03 02:30,optimized
EV-006,35,28.9,11.005,False,2026-10-03 02:45,optimized
EV-006,36,28.9,11.005,False,2026-10-03 03:00,optimized
EV-006,37,28.9,11.005,False,2026-10-03 03:15,optimized
EV-006,38,28.9,11.005,False,2026-10-03 03:30,optimized
EV-006,39,28.9,11.005,False,2026-10-03 03:45,optimized
EV-006,40,28.9,11.005,False,2026-10-03 04:00,optimized
EV-006,41,28.9,11.005,False,2026-10-03 04:15,optimized
EV-006,42,28.9,11.005,False,2026-10-03 04:30,optimized
EV-006,43,28.9,11.005,False,2026-10-03 04:45,optimized
EV-006,44,28.9,11.005,False,2026-10-03 05:00,optimized
EV-006,45,28.9,11.005,False,2026-10-03 05:15,optimized
EV-006,46,28.9,11.005,False,2026-10-03 05:30,optimized
EV-006,47,28.9,11.005,False,2026-10-03 05:45,optimized
EV-006,48,28.9,11.005,False,2026-10-03 06:00,optimized
EV-006,49,28.9,11.005,False,2026-10-03 06:15,optimized
EV-006,50,28.9,11.005,False,2026-10-03 06:30,optimized
EV-006,51,28.9,11.005,False,2026-10-03 06:45,optimized
EV-006,52,28.9,11.005,False,2026-10-03 07:00,optimized
EV-006,53,28.9,11.005,False,2026-10-03 07:15,optimized
EV-006,54,28.9,11.005,False,2026-10-03 07:30,optimized
EV-006,55,28.9,11.005,False,2026-10-03 07:45,optimized
EV-006,56,28.9,11.005,False,2026-10-03 08:00,optimized
EV-006,57,28.9,11.005,False,2026-10-03 08:15,optimized
EV-006,58,28.9,11.005,False,2026-10-03 08:30,optimized
EV-006,59,28.9,11.005,False,2026-10-03 08:45,optimized
EV-006,60,28.9,11.005,False,2026-10-03 09:00,optimized
EV-006,61,28.9,11.005,False,2026-10-03 09:15,optimized
EV-006,62,28.9,11.005,False,2026-10-03 09:30,optimized
EV-006,63,28.9,11.005,False,2026-10-03 09:45,optimized
EV-006,64,28.9,11.005,False,2026-10-03 10:00,optimized
EV-006,65,28.9,11.005,False,2026-10-03 10:15,optimized
EV-006,66,28.9,11.005,False,2026-10-03 10:30,optimized
EV-006,67,28.9,11.005,False,2026-10-03 10:45,optimized
EV-006,68,28.9,11.005,False,2026-10-03 11:00,optimized
EV-006,69,28.9,11.005,False,2026-10-03 11:15,optimized
EV-006,70,28.9,11.005,False,2026-10-03 11:30,optimized
EV-006,71,28.9,11.005,False,2026-10-03 11:45,optimized
EV-006,72,28.9,11.005,False,2026-10-03 12:00,optimized
EV-006,73,28.9,11.005,False,2026-10-03 12:15,optimized
EV-006,74,28.9,11.005,False,2026-10-03 12:30,optimized
EV-006,75,28.9,11.005,False,2026-10-03 12:45,optimized
EV-006,76,28.9,11.005,False,2026-10-03 13:00,optimized
EV-006,77,28.9,11.005,False,2026-10-03 13:15,optimized
EV-006,78,28.9,11.005,False,2026-10-03 13:30,optimized
EV-006,79,28.9,11.005,False,2026-10-03 13:45,optimized
EV-006,80,28.9,11.005,False,2026-10-03 14:00,optimized
EV-006,81,28.9,11.005,False,2026-10-03 14:15,optimized
EV-006,82,28.9,11.005,False,2026-10-03 14:30,optimized
EV-006,83,28.9,11.005,False,2026-10-03 14:45,optimized
EV-006,84,28.9,11.005,False,2026-10-03 15:00,optimized
EV-006,85,28.9,11.005,False,2026-10-03 15:15,optimized
EV-006,86,28.9,11.005,False,2026-10-03 15:30,optimized
EV-006,87,28.9,11.005,False,2026-10-03 15:45,optimized
EV-006,88,28.9,11.005,False,2026-10-03 16:00,optimized
EV-006,89,28.9,11.005,False,2026-10-03 16:15,optimized
EV-006,90,28.9,11.005,False,2026-10-03 16:30,optimized
EV-006,91,28.9,11.005,False,2026-10-03 16:45,optimized
EV-006,92,28.9,11.005,False,2026-10-03 17:00,optimized
EV-006,93,28.9,11.005,False,2026-10-03 17:15,optimized
EV-006,94,28.9,11.005,False,2026-10-03 17:30,optimized
EV-006,95,28.9,11.005,False,2026-10-03 17:45,optimized
EV-007,0,33.3,12.254,False,2026-10-02 18:00,optimized
EV-007,1,33.3,12.254,False,2026-10-02 18:15,optimized
EV-007,2,33.3,12.254,False,2026-10-02 18:30,optimized
EV-007,3,33.3,12.254,False,2026-10-02 18:45,optimized
EV-007,4,33.3,12.254,False,2026-10-02 19:00,optimized
EV-007,5,33.3,12.254,False,2026-10-02 19:15,optimized
EV-007,6,33.3,12.254,False,2026-10-02 19:30,optimized
EV-007,7,33.3,12.254,False,2026-10-02 19:45,optimized
EV-007,8,33.3,12.254,False,2026-10-02 20:00,optimized
EV-007,9,33.3,12.254,False,2026-10-02 20:15,optimized
EV-007,10,33.3,12.254,False,2026-10-02 20:30,optimized
EV-007,11,33.3,12.254,False,2026-10-02 20:45,optimized
EV-007,12,33.3,12.254,False,2026-10-02 21:00,optimized
EV-007,13,33.3,12.254,False,2026-10-02 21:15,optimized
EV-007,14,33.3,12.254,False,2026-10-02 21:30,optimized
EV-007,15,33.3,12.254,False,2026-10-02 21:45,optimized
EV-007,16,33.3,12.254,False,2026-10-02 22:00,optimized
EV-007,17,33.3,12.254,False,2026-10-02 22:15,optimized
EV-007,18,33.3,12.254,False,2026-10-02 22:30,optimized
EV-007,19,33.3,12.254,False,2026-10-02 22:45,optimized
EV-007,20,33.3,12.254,False,2026-10-02 23:00,optimized
EV-007,21,33.3,12.254,False,2026-10-02 23:15,optimized
EV-007,22,33.3,12.254,False,2026-10-02 23:30,optimized
EV-007,23,33.3,12.254,False,2026-10-02 23:45,optimized
EV-007,24,33.3,12.254,False,2026-10-03 00:00,optimized
EV-007,25,33.3,12.254,False,2026-10-03 00:15,optimized
EV-007,26,33.3,12.254,False,2026-10-03 00:30,optimized
EV-007,27,33.3,12.254,False,2026-10-03 00:45,optimized
EV-007,28,33.3,12.254,False,2026-10-03 01:00,optimized
EV-007,29,33.3,12.254,False,2026-10-03 01:15,optimized
EV-007,30,33.3,12.254,False,2026-10-03 01:30,optimized
EV-007,31,33.3,12.254,False,2026-10-03 01:45,optimized
EV-007,32,33.3,12.254,False,2026-10-03 02:00,optimized
EV-007,33,33.3,12.254,False,2026-10-03 02:15,optimized
EV-007,34,33.3,12.254,False,2026-10-03 02:30,optimized
EV-007,35,33.3,12.254,False,2026-10-03 02:45,optimized
EV-007,36,33.3,12.254,False,2026-10-03 03:00,optimized
EV-007,37,33.3,12.254,False,2026-10-03 03:15,optimized
EV-007,38,33.3,12.254,False,2026-10-03 03:30,optimized
EV-007,39,33.3,12.254,False,2026-10-03 03:45,optimized
EV-007,40,33.3,12.254,False,2026-10-03 04:00,optimized
EV-007,41,33.3,12.254,False,2026-10-03 04:15,optimized
EV-007,42,33.3,12.254,False,2026-10-03 04:30,optimized
EV-007,43,33.3,12.254,False,2026-10-03 04:45,optimized
EV-007,44,33.3,12.254,False,2026-10-03 05:00,optimized
EV-007,45,33.3,12.254,False,2026-10-03 05:15,optimized
EV-007,46,33.3,12.254,False,2026-10-03 05:30,optimized
EV-007,47,33.3,12.254,False,2026-10-03 05:45,optimized
EV-007,48,33.3,12.254,False,2026-10-03 06:00,optimized
EV-007,49,33.3,12.254,False,2026-10-03 06:15,optimized
EV-007,50,33.3,12.254,False,2026-10-03 06:30,optimized
EV-007,51,33.3,12.254,False,2026-10-03 06:45,optimized
EV-007,52,33.3,12.254,False,2026-10-03 07:00,optimized
EV-007,53,33.3,12.254,False,2026-10-03 07:15,optimized
EV-007,54,33.3,12.254,False,2026-10-03 07:30,optimized
EV-007,55,33.3,12.254,False,2026-10-03 07:45,optimized
EV-007,56,33.3,12.254,False,2026-10-03 08:00,optimized
EV-007,57,33.3,12.254,False,2026-10-03 08:15,optimized
EV-007,58,33.3,12.254,False,2026-10-03 08:30,optimized
EV-007,59,33.3,12.254,False,2026-10-03 08:45,optimized
EV-007,60,33.3,12.254,False,2026-10-03 09:00,optimized
EV-007,61,33.3,12.254,False,2026-10-03 09:15,optimized
EV-007,62,33.3,12.254,False,2026-10-03 09:30,optimized
EV-007,63,33.3,12.254,False,2026-10-03 09:45,optimized
EV-007,64,33.3,12.254,False,2026-10-03 10:00,optimized
EV-007,65,33.3,12.254,False,2026-10-03 10:15,optimized
EV-007,66,33.3,12.254,False,2026-10-03 10:30,optimized
EV-007,67,33.3,12.254,False,2026-10-03 10:45,optimized
EV-007,68,33.3,12.254,False,2026-10-03 11:00,optimized
EV-007,69,33.3,12.254,False,2026-10-03 11:15,optimized
EV-007,70,33.3,12.254,False,2026-10-03 11:30,optimized
EV-007,71,33.3,12.254,False,2026-10-03 11:45,optimized
EV-007,72,33.3,12.254,False,2026-10-03 12:00,optimized
EV-007,73,33.3,12.254,False,2026-10-03 12:15,optimized
EV-007,74,33.3,12.254,False,2026-10-03 12:30,optimized
EV-007,75,33.3,12.254,False,2026-10-03 12:45,optimized
EV-007,76,33.3,12.254,False,2026-10-03 13:00,optimized
EV-007,77,33.3,12.254,False,2026-10-03 13:15,optimized
EV-007,78,33.3,12.254,False,2026-10-03 13:30,optimized
EV-007,79,33.3,12.254,False,2026-10-03 13:45,optimized
EV-007,80,33.3,12.254,False,2026-10-03 14:00,optimized
EV-007,81,33.3,12.254,False,2026-10-03 14:15,optimized
EV-007,82,33.3,12.254,False,2026-10-03 14:30,optimized
EV-007,83,33.3,12.254,False,2026-10-03 14:45,optimized
EV-007,84,33.3,12.254,False,2026-10-03 15:00,optimized
EV-007,85,33.3,12.254,False,2026-10-03 15:15,optimized
EV-007,86,33.3,12.254,False,2026-10-03 15:30,optimized
EV-007,87,33.3,12.254,False,2026-10-03 15:45,optimized
EV-007,88,33.3,12.254,False,2026-10-03 16:00,optimized
EV-007,89,33.3,12.254,False,2026-10-03 16:15,optimized
EV-007,90,33.3,12.254,False,2026-10-03 16:30,optimized
EV-007,91,33.3,12.254,False,2026-10-03 16:45,optimized
EV-007,92,33.3,12.254,False,2026-10-03 17:00,optimized
EV-007,93,33.3,12.254,False,2026-10-03 17:15,optimized
EV-007,94,33.3,12.254,False,2026-10-03 17:30,optimized
EV-007,95,33.3,12.254,False,2026-10-03 17:45,optimized
EV-008,0,43.1,16.378,False,2026-10-02 18:00,optimized
EV-008,1,43.1,16.378,False,2026-10-02 18:15,optimized
EV-008,2,43.1,16.378,False,2026-10-02 18:30,optimized
EV-008,3,43.1,16.378,False,2026-10-02 18:45,optimized
EV-008,4,43.1,16.378,False,2026-10-02 19:00,optimized
EV-008,5,43.1,16.378,False,2026-10-02 19:15,optimized
EV-008,6,43.1,16.378,False,2026-10-02 19:30,optimized
EV-008,7,43.1,16.378,False,2026-10-02 19:45,optimized
EV-008,8,43.1,16.378,False,2026-10-02 20:00,optimized
EV-008,9,43.1,16.378,False,2026-10-02 20:15,optimized
EV-008,10,43.1,16.378,False,2026-10-02 20:30,optimized
EV-008,11,43.1,16.378,False,2026-10-02 20:45,optimized
EV-008,12,43.1,16.378,False,2026-10-02 21:00,optimized
EV-008,13,43.1,16.378,False,2026-10-02 21:15,optimized
EV-008,14,43.1,16.378,False,2026-10-02 21:30,optimized
EV-008,15,43.1,16.378,False,2026-10-02 21:45,optimized
EV-008,16,43.1,16.378,False,2026-10-02 22:00,optimized
EV-008,17,43.1,16.378,False,2026-10-02 22:15,optimized
EV-008,18,43.1,16.378,False,2026-10-02 22:30,optimized
EV-008,19,43.1,16.378,False,2026-10-02 22:45,optimized
EV-008,20,43.1,16.378,False,2026-10-02 23:00,optimized
EV-008,21,43.1,16.378,False,2026-10-02 23:15,optimized
EV-008,22,43.1,16.378,False,2026-10-02 23:30,optimized
EV-008,23,43.1,16.378,False,2026-10-02 23:45,optimized
EV-008,24,43.1,16.378,False,2026-10-03 00:00,optimized
EV-008,25,43.1,16.378,False,2026-10-03 00:15,optimized
EV-008,26,43.1,16.378,False,2026-10-03 00:30,optimized
EV-008,27,43.1,16.378,False,2026-10-03 00:45,optimized
EV-008,28,43.1,16.378,False,2026-10-03 01:00,optimized
EV-008,29,43.1,16.378,False,2026-10-03 01:15,optimized
EV-008,30,43.1,16.378,False,2026-10-03 01:30,optimized
EV-008,31,43.1,16.378,False,2026-10-03 01:45,optimized
EV-008,32,43.1,16.378,False,2026-10-03 02:00,optimized
EV-008,33,43.1,16.378,False,2026-10-03 02:15,optimized
EV-008,34,43.1,16.378,False,2026-10-03 02:30,optimized
EV-008,35,43.1,16.378,False,2026-10-03 02:45,optimized
EV-008,36,43.1,16.378,False,2026-10-03 03:00,optimized
EV-008,37,43.1,16.378,False,2026-10-03 03:15,optimized
EV-008,38,43.1,16.378,False,2026-10-03 03:30,optimized
EV-008,39,43.1,16.378,False,2026-10-03 03:45,optimized
EV-008,40,43.1,16.378,False,2026-10-03 04:00,optimized
EV-008,41,43.1,16.378,False,2026-10-03 04:15,optimized
EV-008,42,43.1,16.378,False,2026-10-03 04:30,optimized
EV-008,43,43.1,16.378,False,2026-10-03 04:45,optimized
EV-008,44,43.1,16.378,False,2026-10-03 05:00,optimized
EV-008,45,43.1,16.378,False,2026-10-03 05:15,optimized
EV-008,46,43.1,16.378,False,2026-10-03 05:30,optimized
EV-008,47,43.1,16.378,False,2026-10-03 05:45,optimized
EV-008,48,43.1,16.378,False,2026-10-03 06:00,optimized
EV-008,49,43.1,16.378,False,2026-10-03 06:15,optimized
EV-008,50,43.1,16.378,False,2026-10-03 06:30,optimized
EV-008,51,43.1,16.378,False,2026-10-03 06:45,optimized
EV-008,52,43.1,16.378,False,2026-10-03 07:00,optimized
EV-008,53,43.1,16.378,False,2026-10-03 07:15,optimized
EV-008,54,43.1,16.378,False,2026-10-03 07:30,optimized
EV-008,55,43.1,16.378,False,2026-10-03 07:45,optimized
EV-008,56,43.1,16.378,False,2026-10-03 08:00,optimized
EV-008,57,43.1,16.378,False,2026-10-03 08:15,optimized
EV-008,58,43.1,16.378,False,2026-10-03 08:30,optimized
EV-008,59,43.1,16.378,False,2026-10-03 08:45,optimized
EV-008,60,43.1,16.378,False,2026-10-03 09:00,optimized
EV-008,61,43.1,16.378,False,2026-10-03 09:15,optimized
EV-008,62,43.1,16.378,False,2026-10-03 09:30,optimized
EV-008,63,43.1,16.378,False,2026-10-03 09:45,optimized
EV-008,64,43.1,16.378,False,2026-10-03 10:00,optimized
EV-008,65,43.1,16.378,False,2026-10-03 10:15,optimized
EV-008,66,43.1,16.378,False,2026-10-03 10:30,optimized
EV-008,67,43.1,16.378,False,2026-10-03 10:45,optimized
EV-008,68,43.1,16.378,False,2026-10-03 11:00,optimized
EV-008,69,43.1,16.378,False,2026-10-03 11:15,optimized
EV-008,70,43.1,16.378,False,2026-10-03 11:30,optimized
EV-008,71,43.1,16.378,False,2026-10-03 11:45,optimized
EV-008,72,43.1,16.378,False,2026-10-03 12:00,optimized
EV-008,73,43.1,16.378,False,2026-10-03 12:15,optimized
EV-008,74,43.1,16.378,False,2026-10-03 12:30,optimized
EV-008,75,43.1,16.378,False,2026-10-03 12:45,optimized
EV-008,76,43.1,16.378,False,2026-10-03 13:00,optimized
EV-008,77,43.1,16.378,False,2026-10-03 13:15,optimized
EV-008,78,43.1,16.378,False,2026-10-03 13:30,optimized
EV-008,79,43.1,16.378,False,2026-10-03 13:45,optimized
EV-008,80,43.1,16.378,False,2026-10-03 14:00,optimized
EV-008,81,43.1,16.378,False,2026-10-03 14:15,optimized
EV-008,82,43.1,16.378,False,2026-10-03 14:30,optimized
EV-008,83,43.1,16.378,False,2026-10-03 14:45,optimized
EV-008,84,43.1,16.378,False,2026-10-03 15:00,optimized
EV-008,85,43.1,16.378,False,2026-10-03 15:15,optimized
EV-008,86,43.1,16.378,False,2026-10-03 15:30,optimized
EV-008,87,43.1,16.378,False,2026-10-03 15:45,optimized
EV-008,88,43.1,16.378,False,2026-10-03 16:00,optimized
EV-008,89,43.1,16.378,False,2026-10-03 16:15,optimized
EV-008,90,43.1,16.378,False,2026-10-03 16:30,optimized
EV-008,91,43.1,16.378,False,2026-10-03 16:45,optimized
EV-008,92,43.1,16.378,False,2026-10-03 17:00,optimized
EV-008,93,43.1,16.378,False,2026-10-03 17:15,optimized
EV-008,94,43.1,16.378,False,2026-10-03 17:30,optimized
EV-008,95,43.1,16.378,False,2026-10-03 17:45,optimized
EV-009,0,38.4,13.716,False,2026-10-02 18:00,optimized
EV-009,1,38.4,13.716,False,2026-10-02 18:15,optimized
EV-009,2,38.4,13.716,False,2026-10-02 18:30,optimized
EV-009,3,38.4,13.716,False,2026-10-02 18:45,optimized
EV-009,4,38.4,13.716,False,2026-10-02 19:00,optimized
EV-009,5,38.4,13.716,False,2026-10-02 19:15,optimized
EV-009,6,38.4,13.716,False,2026-10-02 19:30,optimized
EV-009,7,38.4,13.716,False,2026-10-02 19:45,optimized
EV-009,8,38.4,13.716,False,2026-10-02 20:00,optimized
EV-009,9,38.4,13.716,False,2026-10-02 20:15,optimized
EV-009,10,38.4,13.716,False,2026-10-02 20:30,optimized
EV-009,11,38.4,13.716,False,2026-10-02 20:45,optimized
EV-009,12,38.4,13.716,False,2026-10-02 21:00,optimized
EV-009,13,38.4,13.716,False,2026-10-02 21:15,optimized
EV-009,14,38.4,13.716,False,2026-10-02 21:30,optimized
EV-009,15,38.4,13.716,False,2026-10-02 21:45,optimized
EV-009,16,38.4,13.716,False,2026-10-02 22:00,optimized
EV-009,17,38.4,13.716,False,2026-10-02 22:15,optimized
EV-009,18,38.4,13.716,False,2026-10-02 22:30,optimized
EV-009,19,38.4,13.716,False,2026-10-02 22:45,optimized
EV-009,20,38.4,13.716,False,2026-10-02 23:00,optimized
EV-009,21,38.4,13.716,False,2026-10-02 23:15,optimized
EV-009,22,38.4,13.716,False,2026-10-02 23:30,optimized
EV-009,23,38.4,13.716,False,2026-10-02 23:45,optimized
EV-009,24,38.4,13.716,False,2026-10-03 00:00,optimized
EV-009,25,38.4,13.716,False,2026-10-03 00:15,optimized
EV-009,26,38.4,13.716,False,2026-10-03 00:30,optimized
EV-009,27,38.4,13.716,False,2026-10-03 00:45,optimized
EV-009,28,38.4,13.716,False,2026-10-03 01:00,optimized
EV-009,29,38.4,13.716,False,2026-10-03 01:15,optimized
EV-009,30,38.4,13.716,False,2026-10-03 01:30,optimized
EV-009,31,38.4,13.716,False,2026-10-03 01:45,optimized
EV-009,32,38.4,13.716,False,2026-10-03 02:00,optimized
EV-009,33,38.4,13.716,False,2026-10-03 02:15,optimized
EV-009,34,38.4,13.716,False,2026-10-03 02:30,optimized
EV-009,35,38.4,13.716,False,2026-10-03 02:45,optimized
EV-009,36,38.4,13.716,False,2026-10-03 03:00,optimized
EV-009,37,38.4,13.716,False,2026-10-03 03:15,optimized
EV-009,38,38.4,13.716,False,2026-10-03 03:30,optimized
EV-009,39,38.4,13.716,False,2026-10-03 03:45,optimized
EV-009,40,38.4,13.716,False,2026-10-03 04:00,optimized
EV-009,41,38.4,13.716,False,2026-10-03 04:15,optimized
EV-009,42,38.4,13.716,False,2026-10-03 04:30,optimized
EV-009,43,38.4,13.716,False,2026-10-03 04:45,optimized
EV-009,44,38.4,13.716,False,2026-10-03 05:00,optimized
EV-009,45,38.4,13.716,False,2026-10-03 05:15,optimized
EV-009,46,38.4,13.716,False,2026-10-03 05:30,optimized
EV-009,47,38.4,13.716,False,2026-10-03 05:45,optimized
EV-009,48,38.4,13.716,False,2026-10-03 06:00,optimized
EV-009,49,38.4,13.716,False,2026-10-03 06:15,optimized
EV-009,50,38.4,13.716,False,2026-10-03 06:30,optimized
EV-009,51,38.4,13.716,False,2026-10-03 06:45,optimized
EV-009,52,38.4,13.716,False,2026-10-03 07:00,optimized
EV-009,53,38.4,13.716,False,2026-10-03 07:15,optimized
EV-009,54,38.4,13.716,False,2026-10-03 07:30,optimized
EV-009,55,38.4,13.716,False,2026-10-03 07:45,optimized
EV-009,56,38.4,13.716,False,2026-10-03 08:00,optimized
EV-009,57,38.4,13.716,False,2026-10-03 08:15,optimized
EV-009,58,38.4,13.716,False,2026-10-03 08:30,optimized
EV-009,59,38.4,13.716,False,2026-10-03 08:45,optimized
EV-009,60,38.4,13.716,False,2026-10-03 09:00,optimized
EV-009,61,38.4,13.716,False,2026-10-03 09:15,optimized
EV-009,62,38.4,13.716,False,2026-10-03 09:30,optimized
EV-009,63,38.4,13.716,False,2026-10-03 09:45,optimized
EV-009,64,38.4,13.716,False,2026-10-03 10:00,optimized
EV-009,65,38.4,13.716,False,2026-10-03 10:15,optimized
EV-009,66,38.4,13.716,False,2026-10-03 10:30,optimized
EV-009,67,38.4,13.716,False,2026-10-03 10:45,optimized
EV-009,68,38.4,13.716,False,2026-10-03 11:00,optimized
EV-009,69,38.4,13.716,False,2026-10-03 11:15,optimized
EV-009,70,38.4,13.716,False,2026-10-03 11:30,optimized
EV-009,71,38.4,13.716,False,2026-10-03 11:45,optimized
EV-009,72,38.4,13.716,False,2026-10-03 12:00,optimized
EV-009,73,38.4,13.716,False,2026-10-03 12:15,optimized
EV-009,74,38.4,13.716,False,2026-10-03 12:30,optimized
EV-009,75,38.4,13.716,False,2026-10-03 12:45,optimized
EV-009,76,38.4,13.716,False,2026-10-03 13:00,optimized
EV-009,77,38.4,13.716,False,2026-10-03 13:15,optimized
EV-009,78,38.4,13.716,False,2026-10-03 13:30,optimized
EV-009,79,38.4,13.716,False,2026-10-03 13:45,optimized
EV-009,80,38.4,13.716,False,2026-10-03 14:00,optimized
EV-009,81,38.4,13.716,False,2026-10-03 14:15,optimized
EV-009,82,38.4,13.716,False,2026-10-03 14:30,optimized
EV-009,83,38.4,13.716,False,2026-10-03 14:45,optimized
EV-009,84,38.4,13.716,False,2026-10-03 15:00,optimized
EV-009,85,38.4,13.716,False,2026-10-03 15:15,optimized
EV-009,86,38.4,13.716,False,2026-10-03 15:30,optimized
EV-009,87,38.4,13.716,False,2026-10-03 15:45,optimized
EV-009,88,38.4,13.716,False,2026-10-03 16:00,optimized
EV-009,89,38.4,13.716,False,2026-10-03 16:15,optimized
EV-009,90,38.4,13.716,False,2026-10-03 16:30,optimized
EV-009,91,38.4,13.716,False,2026-10-03 16:45,optimized
EV-009,92,38.4,13.716,False,2026-10-03 17:00,optimized
EV-009,93,38.4,13.716,False,2026-10-03 17:15,optimized
EV-009,94,38.4,13.716,False,2026-10-03 17:30,optimized
EV-009,95,38.4,13.716,False,2026-10-03 17:45,optimized
EV-010,0,13.1,5.072,False,2026-10-02 18:00,optimized
EV-010,1,13.1,5.072,False,2026-10-02 18:15,optimized
EV-010,2,13.1,5.072,False,2026-10-02 18:30,optimized
EV-010,3,13.1,5.072,False,2026-10-02 18:45,optimized
EV-010,4,13.1,5.072,False,2026-10-02 19:00,optimized
EV-010,5,13.1,5.072,False,2026-10-02 19:15,optimized
EV-010,6,13.1,5.072,False,2026-10-02 19:30,optimized
EV-010,7,13.1,5.072,False,2026-10-02 19:45,optimized
EV-010,8,13.1,5.072,False,2026-10-02 20:00,optimized
EV-010,9,13.1,5.072,False,2026-10-02 20:15,optimized
EV-010,10,13.1,5.072,False,2026-10-02 20:30,optimized
EV-010,11,13.1,5.072,False,2026-10-02 20:45,optimized
EV-010,12,13.1,5.072,False,2026-10-02 21:00,optimized
EV-010,13,13.1,5.072,False,2026-10-02 21:15,optimized
EV-010,14,13.1,5.072,False,2026-10-02 21:30,optimized
EV-010,15,13.1,5.072,False,2026-10-02 21:45,optimized
EV-010,16,13.1,5.072,False,2026-10-02 22:00,optimized
EV-010,17,13.1,5.072,False,2026-10-02 22:15,optimized
EV-010,18,13.1,5.072,False,2026-10-02 22:30,optimized
EV-010,19,13.1,5.072,False,2026-10-02 22:45,optimized
EV-010,20,13.1,5.072,False,2026-10-02 23:00,optimized
EV-010,21,13.1,5.072,False,2026-10-02 23:15,optimized
EV-010,22,13.1,5.072,False,2026-10-02 23:30,optimized
EV-010,23,13.1,5.072,False,2026-10-02 23:45,optimized
EV-010,24,13.1,5.072,False,2026-10-03 00:00,optimized
EV-010,25,13.1,5.072,False,2026-10-03 00:15,optimized
EV-010,26,13.1,5.072,False,2026-10-03 00:30,optimized
EV-010,27,13.1,5.072,False,2026-10-03 00:45,optimized
EV-010,28,13.1,5.072,False,2026-10-03 01:00,optimized
EV-010,29,13.1,5.072,False,2026-10-03 01:15,optimized
EV-010,30,13.1,5.072,False,2026-10-03 01:30,optimized
EV-010,31,13.1,5.072,False,2026-10-03 01:45,optimized
EV-010,32,13.1,5.072,False,2026-10-03 02:00,optimized
EV-010,33,13.1,5.072,False,2026-10-03 02:15,optimized
EV-010,34,13.1,5.072,False,2026-10-03 02:30,optimized
EV-010,35,13.1,5.072,False,2026-10-03 02:45,optimized
EV-010,36,13.1,5.072,False,2026-10-03 03:00,optimized
EV-010,37,13.1,5.072,False,2026-10-03 03:15,optimized
EV-010,38,13.1,5.072,False,2026-10-03 03:30,optimized
EV-010,39,13.1,5.072,False,2026-10-03 03:45,optimized
EV-010,40,13.1,5.072,False,2026-10-03 04:00,optimized
EV-010,41,13.1,5.072,False,2026-10-03 04:15,optimized
EV-010,42,13.1,5.072,False,2026-10-03 04:30,optimized
EV-010,43,13.1,5.072,False,2026-10-03 04:45,optimized
EV-010,44,13.1,5.072,False,2026-10-03 05:00,optimized
EV-010,45,13.1,5.072,False,2026-10-03 05:15,optimized
EV-010,46,13.1,5.072,False,2026-10-03 05:30,optimized
EV-010,47,13.1,5.072,False,2026-10-03 05:45,optimized
EV-010,48,13.1,5.072,False,2026-10-03 06:00,optimized
EV-010,49,13.1,5.072,False,2026-10-03 06:15,optimized
EV-010,50,13.1,5.072,False,2026-10-03 06:30,optimized
EV-010,51,13.1,5.072,False,2026-10-03 06:45,optimized
EV-010,52,13.1,5.072,False,2026-10-03 07:00,optimized
EV-010,53,13.1,5.072,False,2026-10-03 07:15,optimized
EV-010,54,13.1,5.072,False,2026-10-03 07:30,optimized
EV-010,55,13.1,5.072,False,2026-10-03 07:45,optimized
EV-010,56,13.1,5.072,False,2026-10-03 08:00,optimized
EV-010,57,13.1,5.072,False,2026-10-03 08:15,optimized
EV-010,58,13.1,5.072,False,2026-10-03 08:30,optimized
EV-010,59,13.1,5.072,False,2026-10-03 08:45,optimized
EV-010,60,13.1,5.072,False,2026-10-03 09:00,optimized
EV-010,61,13.1,5.072,False,2026-10-03 09:15,optimized
EV-010,62,13.1,5.072,False,2026-10-03 09:30,optimized
EV-010,63,13.1,5.072,False,2026-10-03 09:45,optimized
EV-010,64,13.1,5.072,False,2026-10-03 10:00,optimized
EV-010,65,13.1,5.072,False,2026-10-03 10:15,optimized
EV-010,66,13.1,5.072,False,2026-10-03 10:30,optimized
EV-010,67,13.1,5.072,False,2026-10-03 10:45,optimized
EV-010,68,13.1,5.072,False,2026-10-03 11:00,optimized
EV-010,69,13.1,5.072,False,2026-10-03 11:15,optimized
EV-010,70,13.1,5.072,False,2026-10-03 11:30,optimized
EV-010,71,13.1,5.072,False,2026-10-03 11:45,optimized
EV-010,72,13.1,5.072,False,2026-10-03 12:00,optimized
EV-010,73,13.1,5.072,False,2026-10-03 12:15,optimized
EV-010,74,13.1,5.072,False,2026-10-03 12:30,optimized
EV-010,75,13.1,5.072,False,2026-10-03 12:45,optimized
EV-010,76,13.1,5.072,False,2026-10-03 13:00,optimized
EV-010,77,13.1,5.072,False,2026-10-03 13:15,optimized
EV-010,78,13.1,5.072,False,2026-10-03 13:30,optimized
EV-010,79,13.1,5.072,False,2026-10-03 13:45,optimized
EV-010,80,13.1,5.072,False,2026-10-03 14:00,optimized
EV-010,81,13.1,5.072,False,2026-10-03 14:15,optimized
EV-010,82,13.1,5.072,False,2026-10-03 14:30,optimized
EV-010,83,13.1,5.072,False,2026-10-03 14:45,optimized
EV-010,84,13.1,5.072,False,2026-10-03 15:00,optimized
EV-010,85,13.1,5.072,False,2026-10-03 15:15,optimized
EV-010,86,13.1,5.072,False,2026-10-03 15:30,optimized
EV-010,87,13.1,5.072,False,2026-10-03 15:45,optimized
EV-010,88,13.1,5.072,False,2026-10-03 16:00,optimized
EV-010,89,13.1,5.072,False,2026-10-03 16:15,optimized
EV-010,90,13.1,5.072,False,2026-10-03 16:30,optimized
EV-010,91,13.1,5.072,False,2026-10-03 16:45,optimized
EV-010,92,13.1,5.072,False,2026-10-03 17:00,optimized
EV-010,93,13.1,5.072,False,2026-10-03 17:15,optimized
EV-010,94,13.1,5.072,False,2026-10-03 17:30,optimized
EV-010,95,13.1,5.072,False,2026-10-03 17:45,optimized
EV-011,0,57.4,37.568,False,2026-10-02 18:00,optimized
EV-011,1,57.4,37.568,False,2026-10-02 18:15,optimized
EV-011,2,57.4,37.568,False,2026-10-02 18:30,optimized
EV-011,3,57.4,37.568,False,2026-10-02 18:45,optimized
EV-011,4,57.4,37.568,False,2026-10-02 19:00,optimized
EV-011,5,57.4,37.568,False,2026-10-02 19:15,optimized
EV-011,6,57.4,37.568,False,2026-10-02 19:30,optimized
EV-011,7,57.4,37.568,False,2026-10-02 19:45,optimized
EV-011,8,57.4,37.568,False,2026-10-02 20:00,optimized
EV-011,9,57.4,37.568,False,2026-10-02 20:15,optimized
EV-011,10,57.4,37.568,False,2026-10-02 20:30,optimized
EV-011,11,57.4,37.568,False,2026-10-02 20:45,optimized
EV-011,12,57.4,37.568,False,2026-10-02 21:00,optimized
EV-011,13,57.4,37.568,False,2026-10-02 21:15,optimized
EV-011,14,57.4,37.568,False,2026-10-02 21:30,optimized
EV-011,15,57.4,37.568,False,2026-10-02 21:45,optimized
EV-011,16,57.4,37.568,False,2026-10-02 22:00,optimized
EV-011,17,57.4,37.568,False,2026-10-02 22:15,optimized
EV-011,18,57.4,37.568,False,2026-10-02 22:30,optimized
EV-011,19,57.4,37.568,False,2026-10-02 22:45,optimized
EV-011,20,57.4,37.568,False,2026-10-02 23:00,optimized
EV-011,21,57.4,37.568,False,2026-10-02 23:15,optimized
EV-011,22,57.4,37.568,False,2026-10-02 23:30,optimized
EV-011,23,57.4,37.568,False,2026-10-02 23:45,optimized
EV-011,24,57.4,37.568,False,2026-10-03 00:00,optimized
EV-011,25,57.4,37.568,False,2026-10-03 00:15,optimized
EV-011,26,57.4,37.568,False,2026-10-03 00:30,optimized
EV-011,27,57.4,37.568,False,2026-10-03 00:45,optimized
EV-011,28,57.4,37.568,False,2026-10-03 01:00,optimized
EV-011,29,57.4,37.568,False,2026-10-03 01:15,optimized
EV-011,30,57.4,37.568,False,2026-10-03 01:30,optimized
EV-011,31,57.4,37.568,False,2026-10-03 01:45,optimized
EV-011,32,57.4,37.568,False,2026-10-03 02:00,optimized
EV-011,33,57.4,37.568,False,2026-10-03 02:15,optimized
EV-011,34,57.4,37.568,False,2026-10-03 02:30,optimized
EV-011,35,57.4,37.568,False,2026-10-03 02:45,optimized
EV-011,36,57.4,37.568,False,2026-10-03 03:00,optimized
EV-011,37,57.4,37.568,False,2026-10-03 03:15,optimized
EV-011,38,57.4,37.568,False,2026-10-03 03:30,optimized
EV-011,39,57.4,37.568,False,2026-10-03 03:45,optimized
EV-011,40,57.4,37.568,False,2026-10-03 04:00,optimized
EV-011,41,57.4,37.568,False,2026-10-03 04:15,optimized
EV-011,42,57.4,37.568,False,2026-10-03 04:30,optimized
EV-011,43,57.4,37.568,False,2026-10-03 04:45,optimized
EV-011,44,57.4,37.568,False,2026-10-03 05:00,optimized
EV-011,45,57.4,37.568,False,2026-10-03 05:15,optimized
EV-011,46,57.4,37.568,False,2026-10-03 05:30,optimized
EV-011,47,57.4,37.568,False,2026-10-03 05:45,optimized
EV-011,48,57.4,37.568,False,2026-10-03 06:00,optimized
EV-011,49,57.4,37.568,False,2026-10-03 06:15,optimized
EV-011,50,57.4,37.568,False,2026-10-03 06:30,optimized
EV-011,51,57.4,37.568,False,2026-10-03 06:45,optimized
EV-011,52,57.4,37.568,False,2026-10-03 07:00,optimized
EV-011,53,57.4,37.568,False,2026-10-03 07:15,optimized
EV-011,54,57.4,37.568,False,2026-10-03 07:30,optimized
EV-011,55,57.4,37.568,False,2026-10-03 07:45,optimized
EV-011,56,57.4,37.568,False,2026-10-03 08:00,optimized
EV-011,57,57.4,37.568,False,2026-10-03 08:15,optimized
EV-011,58,57.4,37.568,False,2026-10-03 08:30,optimized
EV-011,59,57.4,37.568,False,2026-10-03 08:45,optimized
EV-011,60,57.4,37.568,False,2026-10-03 09:00,optimized
EV-011,61,57.4,37.568,False,2026-10-03 09:15,optimized
EV-011,62,57.4,37.568,False,2026-10-03 09:30,optimized
EV-011,63,57.4,37.568,False,2026-10-03 09:45,optimized
EV-011,64,57.4,37.568,False,2026-10-03 10:00,optimized
EV-011,65,57.4,37.568,False,2026-10-03 10:15,optimized
EV-011,66,57.4,37.568,False,2026-10-03 10:30,optimized
EV-011,67,57.4,37.568,False,2026-10-03 10:45,optimized
EV-011,68,57.4,37.568,False,2026-10-03 11:00,optimized
EV-011,69,57.4,37.568,False,2026-10-03 11:15,optimized
EV-011,70,57.4,37.568,False,2026-10-03 11:30,optimized
EV-011,71,57.4,37.568,False,2026-10-03 11:45,optimized
EV-011,72,57.4,37.568,False,2026-10-03 12:00,optimized
EV-011,73,57.4,37.568,False,2026-10-03 12:15,optimized
EV-011,74,57.4,37.568,False,2026-10-03 12:30,optimized
EV-011,75,57.4,37.568,False,2026-10-03 12:45,optimized
EV-011,76,57.4,37.568,False,2026-10-03 13:00,optimized
EV-011,77,57.4,37.568,False,2026-10-03 13:15,optimized
EV-011,78,57.4,37.568,False,2026-10-03 13:30,optimized
EV-011,79,57.4,37.568,False,2026-10-03 13:45,optimized
EV-011,80,57.4,37.568,False,2026-10-03 14:00,optimized
EV-011,81,57.4,37.568,False,2026-10-03 14:15,optimized
EV-011,82,57.4,37.568,False,2026-10-03 14:30,optimized
EV-011,83,57.4,37.568,False,2026-10-03 14:45,optimized
EV-011,84,57.4,37.568,False,2026-10-03 15:00,optimized
EV-011,85,57.4,37.568,False,2026-10-03 15:15,optimized
EV-011,86,57.4,37.568,False,2026-10-03 15:30,optimized
EV-011,87,57.4,37.568,False,2026-10-03 15:45,optimized
EV-011,88,57.4,37.568,False,2026-10-03 16:00,optimized
EV-011,89,57.4,37.568,False,2026-10-03 16:15,optimized
EV-011,90,57.4,37.568,False,2026-10-03 16:30,optimized
EV-011,91,57.4,37.568,False,2026-10-03 16:45,optimized
EV-011,92,57.4,37.568,False,2026-10-03 17:00,optimized
EV-011,93,57.4,37.568,False,2026-10-03 17:15,optimized
EV-011,94,57.4,37.568,False,2026-10-03 17:30,optimized
EV-011,95,57.4,37.568,False,2026-10-03 17:45,optimized
EV-012,0,37.4,24.478,False,2026-10-02 18:00,optimized
EV-012,1,37.4,24.478,False,2026-10-02 18:15,optimized
EV-012,2,37.4,24.478,False,2026-10-02 18:30,optimized
EV-012,3,37.4,24.478,False,2026-10-02 18:45,optimized
EV-012,4,37.4,24.478,False,2026-10-02 19:00,optimized
EV-012,5,37.4,24.478,False,2026-10-02 19:15,optimized
EV-012,6,37.4,24.478,False,2026-10-02 19:30,optimized
EV-012,7,37.4,24.478,False,2026-10-02 19:45,optimized
EV-012,8,37.4,24.478,False,2026-10-02 20:00,optimized
EV-012,9,37.4,24.478,False,2026-10-02 20:15,optimized
EV-012,10,37.4,24.478,False,2026-10-02 20:30,optimized
EV-012,11,37.4,24.478,False,2026-10-02 20:45,optimized
EV-012,12,37.4,24.478,False,2026-10-02 21:00,optimized
EV-012,13,37.4,24.478,False,2026-10-02 21:15,optimized
EV-012,14,37.4,24.478,False,2026-10-02 21:30,optimized
EV-012,15,37.4,24.478,False,2026-10-02 21:45,optimized
EV-012,16,37.4,24.478,False,2026-10-02 22:00,optimized
EV-012,17,37.4,24.478,False,2026-10-02 22:15,optimized
EV-012,18,37.4,24.478,False,2026-10-02 22:30,optimized
EV-012,19,37.4,24.478,False,2026-10-02 22:45,optimized
EV-012,20,37.4,24.478,False,2026-10-02 23:00,optimized
EV-012,21,37.4,24.478,False,2026-10-02 23:15,optimized
EV-012,22,37.4,24.478,False,2026-10-02 23:30,optimized
EV-012,23,37.4,24.478,False,2026-10-02 23:45,optimized
EV-012,24,37.4,24.478,False,2026-10-03 00:00,optimized
EV-012,25,37.4,24.478,False,2026-10-03 00:15,optimized
EV-012,26,37.4,24.478,False,2026-10-03 00:30,optimized
EV-012,27,37.4,24.478,False,2026-10-03 00:45,optimized
EV-012,28,37.4,24.478,False,2026-10-03 01:00,optimized
EV-012,29,37.4,24.478,False,2026-10-03 01:15,optimized
EV-012,30,37.4,24.478,False,2026-10-03 01:30,optimized
EV-012,31,37.4,24.478,False,2026-10-03 01:45,optimized
EV-012,32,37.4,24.478,False,2026-10-03 02:00,optimized
EV-012,33,37.4,24.478,False,2026-10-03 02:15,optimized
EV-012,34,37.4,24.478,False,2026-10-03 02:30,optimized
EV-012,35,37.4,24.478,False,2026-10-03 02:45,optimized
EV-012,36,37.4,24.478,False,2026-10-03 03:00,optimized
EV-012,37,37.4,24.478,False,2026-10-03 03:15,optimized
EV-012,38,37.4,24.478,False,2026-10-03 03:30,optimized
EV-012,39,37.4,24.478,False,2026-10-03 03:45,optimized
EV-012,40,37.4,24.478,False,2026-10-03 04:00,optimized
EV-012,41,37.4,24.478,False,2026-10-03 04:15,optimized
EV-012,42,37.4,24.478,False,2026-10-03 04:30,optimized
EV-012,43,37.4,24.478,False,2026-10-03 04:45,optimized
EV-012,44,37.4,24.478,False,2026-10-03 05:00,optimized
EV-012,45,37.4,24.478,False,2026-10-03 05:15,optimized
EV-012,46,37.4,24.478,False,2026-10-03 05:30,optimized
EV-012,47,37.4,24.478,False,2026-10-03 05:45,optimized
EV-012,48,37.4,24.478,False,2026-10-03 06:00,optimized
EV-012,49,37.4,24.478,False,2026-10-03 06:15,optimized
EV-012,50,37.4,24.478,False,2026-10-03 06:30,optimized
EV-012,51,37.4,24.478,False,2026-10-03 06:45,optimized
EV-012,52,37.4,24.478,False,2026-10-03 07:00,optimized
EV-012,53,37.4,24.478,False,2026-10-03 07:15,optimized
EV-012,54,37.4,24.478,False,2026-10-03 07:30,optimized
EV-012,55,37.4,24.478,False,2026-10-03 07:45,optimized
EV-012,56,37.4,24.478,False,2026-10-03 08:00,optimized
EV-012,57,37.4,24.478,False,2026-10-03 08:15,optimized
EV-012,58,37.4,24.478,False,2026-10-03 08:30,optimized
EV-012,59,37.4,24.478,False,2026-10-03 08:45,optimized
EV-012,60,37.4,24.478,False,2026-10-03 09:00,optimized
EV-012,61,37.4,24.478,False,2026-10-03 09:15,optimized
EV-012,62,37.4,24.478,False,2026-10-03 09:30,optimized
EV-012,63,37.4,24.478,False,2026-10-03 09:45,optimized
EV-012,64,37.4,24.478,False,2026-10-03 10:00,optimized
EV-012,65,37.4,24.478,False,2026-10-03 10:15,optimized
EV-012,66,37.4,24.478,False,2026-10-03 10:30,optimized
EV-012,67,37.4,24.478,False,2026-10-03 10:45,optimized
EV-012,68,37.4,24.478,False,2026-10-03 11:00,optimized
EV-012,69,37.4,24.478,False,2026-10-03 11:15,optimized
EV-012,70,37.4,24.478,False,2026-10-03 11:30,optimized
EV-012,71,37.4,24.478,False,2026-10-03 11:45,optimized
EV-012,72,37.4,24.478,False,2026-10-03 12:00,optimized
EV-012,73,37.4,24.478,False,2026-10-03 12:15,optimized
EV-012,74,37.4,24.478,False,2026-10-03 12:30,optimized
EV-012,75,37.4,24.478,False,2026-10-03 12:45,optimized
EV-012,76,37.4,24.478,False,2026-10-03 13:00,optimized
EV-012,77,37.4,24.478,False,2026-10-03 13:15,optimized
EV-012,78,37.4,24.478,False,2026-10-03 13:30,optimized
EV-012,79,37.4,24.478,False,2026-10-03 13:45,optimized
EV-012,80,37.4,24.478,False,2026-10-03 14:00,optimized
EV-012,81,37.4,24.478,False,2026-10-03 14:15,optimized
EV-012,82,37.4,24.478,False,2026-10-03 14:30,optimized
EV-012,83,37.4,24.478,False,2026-10-03 14:45,optimized
EV-012,84,37.4,24.478,False,2026-10-03 15:00,optimized
EV-012,85,37.4,24.478,False,2026-10-03 15:15,optimized
EV-012,86,37.4,24.478,False,2026-10-03 15:30,optimized
EV-012,87,37.4,24.478,False,2026-10-03 15:45,optimized
EV-012,88,37.4,24.478,False,2026-10-03 16:00,optimized
EV-012,89,37.4,24.478,False,2026-10-03 16:15,optimized
EV-012,90,37.4,24.478,False,2026-10-03 16:30,optimized
EV-012,91,37.4,24.478,False,2026-10-03 16:45,optimized
EV-012,92,37.4,24.478,False,2026-10-03 17:00,optimized
EV-012,93,37.4,24.478,False,2026-10-03 17:15,optimized
EV-012,94,37.4,24.478,False,2026-10-03 17:30,optimized
EV-012,95,37.4,24.478,False,2026-10-03 17:45,optimized
EV-013,0,28.1,17.624,False,2026-10-02 18:00,optimized
EV-013,1,28.1,17.624,False,2026-10-02 18:15,optimized
EV-013,2,28.1,17.624,False,2026-10-02 18:30,optimized
EV-013,3,28.1,17.624,False,2026-10-02 18:45,optimized
EV-013,4,28.1,17.624,False,2026-10-02 19:00,optimized
EV-013,5,28.1,17.624,False,2026-10-02 19:15,optimized
EV-013,6,28.1,17.624,False,2026-10-02 19:30,optimized
EV-013,7,28.1,17.624,False,2026-10-02 19:45,optimized
EV-013,8,28.1,17.624,False,2026-10-02 20:00,optimized
EV-013,9,28.1,17.624,False,2026-10-02 20:15,optimized
EV-013,10,28.1,17.624,False,2026-10-02 20:30,optimized
EV-013,11,28.1,17.624,False,2026-10-02 20:45,optimized
EV-013,12,28.1,17.624,False,2026-10-02 21:00,optimized
EV-013,13,28.1,17.624,False,2026-10-02 21:15,optimized
EV-013,14,28.1,17.624,False,2026-10-02 21:30,optimized
EV-013,15,28.1,17.624,False,2026-10-02 21:45,optimized
EV-013,16,28.1,17.624,False,2026-10-02 22:00,optimized
EV-013,17,28.1,17.624,False,2026-10-02 22:15,optimized
EV-013,18,28.1,17.624,False,2026-10-02 22:30,optimized
EV-013,19,28.1,17.624,False,2026-10-02 22:45,optimized
EV-013,20,28.1,17.624,False,2026-10-02 23:00,optimized
EV-013,21,28.1,17.624,False,2026-10-02 23:15,optimized
EV-013,22,28.1,17.624,False,2026-10-02 23:30,optimized
EV-013,23,28.1,17.624,False,2026-10-02 23:45,optimized
EV-013,24,28.1,17.624,False,2026-10-03 00:00,optimized
EV-013,25,28.1,17.624,False,2026-10-03 00:15,optimized
EV-013,26,28.1,17.624,False,2026-10-03 00:30,optimized
EV-013,27,28.1,17.624,False,2026-10-03 00:45,optimized
EV-013,28,28.1,17.624,False,2026-10-03 01:00,optimized
EV-013,29,28.1,17.624,False,2026-10-03 01:15,optimized
EV-013,30,28.1,17.624,False,2026-10-03 01:30,optimized
EV-013,31,28.1,17.624,False,2026-10-03 01:45,optimized
EV-013,32,28.1,17.624,False,2026-10-03 02:00,optimized
EV-013,33,28.1,17.624,False,2026-10-03 02:15,optimized
EV-013,34,28.1,17.624,False,2026-10-03 02:30,optimized
EV-013,35,28.1,17.624,False,2026-10-03 02:45,optimized
EV-013,36,28.1,17.624,False,2026-10-03 03:00,optimized
EV-013,37,28.1,17.624,False,2026-10-03 03:15,optimized
EV-013,38,28.1,17.624,False,2026-10-03 03:30,optimized
EV-013,39,28.1,17.624,False,2026-10-03 03:45,optimized
EV-013,40,28.1,17.624,False,2026-10-03 04:00,optimized
EV-013,41,28.1,17.624,False,2026-10-03 04:15,optimized
EV-013,42,28.1,17.624,False,2026-10-03 04:30,optimized
EV-013,43,28.1,17.624,False,2026-10-03 04:45,optimized
EV-013,44,28.1,17.624,False,2026-10-03 05:00,optimized
EV-013,45,28.1,17.624,False,2026-10-03 05:15,optimized
EV-013,46,28.1,17.624,False,2026-10-03 05:30,optimized
EV-013,47,28.1,17.624,False,2026-10-03 05:45,optimized
EV-013,48,28.1,17.624,False,2026-10-03 06:00,optimized
EV-013,49,28.1,17.624,False,2026-10-03 06:15,optimized
EV-013,50,28.1,17.624,False,2026-10-03 06:30,optimized
EV-013,51,28.1,17.624,False,2026-10-03 06:45,optimized
EV-013,52,28.1,17.624,False,2026-10-03 07:00,optimized
EV-013,53,28.1,17.624,False,2026-10-03 07:15,optimized
EV-013,54,28.1,17.624,False,2026-10-03 07:30,optimized
EV-013,55,28.1,17.624,False,2026-10-03 07:45,optimized
EV-013,56,28.1,17.624,False,2026-10-03 08:00,optimized
EV-013,57,28.1,17.624,False,2026-10-03 08:15,optimized
EV-013,58,28.1,17.624,False,2026-10-03 08:30,optimized
EV-013,59,28.1,17.624,False,2026-10-03 08:45,optimized
EV-013,60,28.1,17.624,False,2026-10-03 09:00,optimized
EV-013,61,28.1,17.624,False,2026-10-03 09:15,optimized
EV-013,62,28.1,17.624,False,2026-10-03 09:30,optimized
EV-013,63,28.1,17.624,False,2026-10-03 09:45,optimized
EV-013,64,28.1,17.624,False,2026-10-03 10:00,optimized
EV-013,65,28.1,17.624,False,2026-10-03 10:15,optimized
EV-013,66,28.1,17.624,False,2026-10-03 10:30,optimized
EV-013,67,28.1,17.624,False,2026-10-03 10:45,optimized
EV-013,68,28.1,17.624,False,2026-10-03 11:00,optimized
EV-013,69,28.1,17.624,False,2026-10-03 11:15,optimized
EV-013,70,28.1,17.624,False,2026-10-03 11:30,optimized
EV-013,71,28.1,17.624,False,2026-10-03 11:45,optimized
EV-013,72,28.1,17.624,False,2026-10-03 12:00,optimized
EV-013,73,28.1,17.624,False,2026-10-03 12:15,optimized
EV-013,74,28.1,17.624,False,2026-10-03 12:30,optimized
EV-013,75,28.1,17.624,False,2026-10-03 12:45,optimized
EV-013,76,28.1,17.624,False,2026-10-03 13:00,optimized
EV-013,77,28.1,17.624,False,2026-10-03 13:15,optimized
EV-013,78,28.1,17.624,False,2026-10-03 13:30,optimized
EV-013,79,28.1,17.624,False,2026-10-03 13:45,optimized
EV-013,80,28.1,17.624,False,2026-10-03 14:00,optimized
EV-013,81,28.1,17.624,False,2026-10-03 14:15,optimized
EV-013,82,28.1,17.624,False,2026-10-03 14:30,optimized
EV-013,83,28.1,17.624,False,2026-10-03 14:45,optimized
EV-013,84,28.1,17.624,False,2026-10-03 15:00,optimized
EV-013,85,28.1,17.624,False,2026-10-03 15:15,optimized
EV-013,86,28.1,17.624,False,2026-10-03 15:30,optimized
EV-013,87,28.1,17.624,False,2026-10-03 15:45,optimized
EV-013,88,28.1,17.624,False,2026-10-03 16:00,optimized
EV-013,89,28.1,17.624,False,2026-10-03 16:15,optimized
EV-013,90,28.1,17.624,False,2026-10-03 16:30,optimized
EV-013,91,28.1,17.624,False,2026-10-03 16:45,optimized
EV-013,92,28.1,17.624,False,2026-10-03 17:00,optimized
EV-013,93,28.1,17.624,False,2026-10-03 17:15,optimized
EV-013,94,28.1,17.624,False,2026-10-03 17:30,optimized
EV-013,95,28.1,17.624,False,2026-10-03 17:45,optimized
EV-014,0,21.2,14.514,False,2026-10-02 18:00,optimized
EV-014,1,21.2,14.514,False,2026-10-02 18:15,optimized
EV-014,2,21.2,14.514,False,2026-10-02 18:30,optimized
EV-014,3,21.2,14.514,False,2026-10-02 18:45,optimized
EV-014,4,21.2,14.514,False,2026-10-02 19:00,optimized
EV-014,5,21.2,14.514,False,2026-10-02 19:15,optimized
EV-014,6,21.2,14.514,False,2026-10-02 19:30,optimized
EV-014,7,21.2,14.514,False,2026-10-02 19:45,optimized
EV-014,8,21.2,14.514,False,2026-10-02 20:00,optimized
EV-014,9,21.2,14.514,False,2026-10-02 20:15,optimized
EV-014,10,21.2,14.514,False,2026-10-02 20:30,optimized
EV-014,11,21.2,14.514,False,2026-10-02 20:45,optimized
EV-014,12,21.2,14.514,False,2026-10-02 21:00,optimized
EV-014,13,21.2,14.514,False,2026-10-02 21:15,optimized
EV-014,14,21.2,14.514,False,2026-10-02 21:30,optimized
EV-014,15,21.2,14.514,False,2026-10-02 21:45,optimized
EV-014,16,21.2,14.514,False,2026-10-02 22:00,optimized
EV-014,17,21.2,14.514,False,2026-10-02 22:15,optimized
EV-014,18,21.2,14.514,False,2026-10-02 22:30,optimized
EV-014,19,21.2,14.514,False,2026-10-02 22:45,optimized
EV-014,20,21.2,14.514,False,2026-10-02 23:00,optimized
EV-014,21,21.2,14.514,False,2026-10-02 23:15,optimized
EV-014,22,21.2,14.514,False,2026-10-02 23:30,optimized
EV-014,23,21.2,14.514,False,2026-10-02 23:45,optimized
EV-014,24,21.2,14.514,False,2026-10-03 00:00,optimized
EV-014,25,21.2,14.514,False,2026-10-03 00:15,optimized
EV-014,26,21.2,14.514,False,2026-10-03 00:30,optimized
EV-014,27,21.2,14.514,False,2026-10-03 00:45,optimized
EV-014,28,21.2,14.514,False,2026-10-03 01:00,optimized
EV-014,29,21.2,14.514,False,2026-10-03 01:15,optimized
EV-014,30,21.2,14.514,False,2026-10-03 01:30,optimized
EV-014,31,21.2,14.514,False,2026-10-03 01:45,optimized
EV-014,32,21.2,14.514,False,2026-10-03 02:00,optimized
EV-014,33,21.2,14.514,False,2026-10-03 02:15,optimized
EV-014,34,21.2,14.514,False,2026-10-03 02:30,optimized
EV-014,35,21.2,14.514,False,2026-10-03 02:45,optimized
EV-014,36,21.2,14.514,False,2026-10-03 03:00,optimized
EV-014,37,21.2,14.514,False,2026-10-03 03:15,optimized
EV-014,38,21.2,14.514,False,2026-10-03 03:30,optimized
EV-014,39,21.2,14.514,False,2026-10-03 03:45,optimized
EV-014,40,21.2,14.514,False,2026-10-03 04:00,optimized
EV-014,41,21.2,14.514,False,2026-10-03 04:15,optimized
EV-014,42,21.2,14.514,False,2026-10-03 04:30,optimized
EV-014,43,21.2,14.514,False,2026-10-03 04:45,optimized
EV-014,44,21.2,14.514,False,2026-10-03 05:00,optimized
EV-014,45,21.2,14.514,False,2026-10-03 05:15,optimized
EV-014,46,21.2,14.514,False,2026-10-03 05:30,optimized
EV-014,47,21.2,14.514,False,2026-10-03 05:45,optimized
EV-014,48,21.2,14.514,False,2026-10-03 06:00,optimized
EV-014,49,21.2,14.514,False,2026-10-03 06:15,optimized
EV-014,50,21.2,14.514,False,2026-10-03 06:30,optimized
EV-014,51,21.2,14.514,False,2026-10-03 06:45,optimized
EV-014,52,21.2,14.514,False,2026-10-03 07:00,optimized
EV-014,53,21.2,14.514,False,2026-10-03 07:15,optimized
EV-014,54,21.2,14.514,False,2026-10-03 07:30,optimized
EV-014,55,21.2,14.514,False,2026-10-03 07:45,optimized
EV-014,56,21.2,14.514,False,2026-10-03 08:00,optimized
EV-014,57,21.2,14.514,False,2026-10-03 08:15,optimized
EV-014,58,21.2,14.514,False,2026-10-03 08:30,optimized
EV-014,59,21.2,14.514,False,2026-10-03 08:45,optimized
EV-014,60,21.2,14.514,False,2026-10-03 09:00,optimized
EV-014,61,21.2,14.514,False,2026-10-03 09:15,optimized
EV-014,62,21.2,14.514,False,2026-10-03 09:30,optimized
EV-014,63,21.2,14.514,False,2026-10-03 09:45,optimized
EV-014,64,21.2,14.514,False,2026-10-03 10:00,optimized
EV-014,65,21.2,14.514,False,2026-10-03 10:15,optimized
EV-014,66,21.2,14.514,False,2026-10-03 10:30,optimized
EV-014,67,21.2,14.514,False,2026-10-03 10:45,optimized
EV-014,68,21.2,14.514,False,2026-10-03 11:00,optimized
EV-014,69,21.2,14.514,False,2026-10-03 11:15,optimized
EV-014,70,21.2,14.514,False,2026-10-03 11:30,optimized
EV-014,71,21.2,14.514,False,2026-10-03 11:45,optimized
EV-014,72,21.2,14.514,False,2026-10-03 12:00,optimized
EV-014,73,21.2,14.514,False,2026-10-03 12:15,optimized
EV-014,74,21.2,14.514,False,2026-10-03 12:30,optimized
EV-014,75,21.2,14.514,False,2026-10-03 12:45,optimized
EV-014,76,21.2,14.514,False,2026-10-03 13:00,optimized
EV-014,77,21.2,14.514,False,2026-10-03 13:15,optimized
EV-014,78,21.2,14.514,False,2026-10-03 13:30,optimized
EV-014,79,21.2,14.514,False,2026-10-03 13:45,optimized
EV-014,80,21.2,14.514,False,2026-10-03 14:00,optimized
EV-014,81,21.2,14.514,False,2026-10-03 14:15,optimized
EV-014,82,21.2,14.514,False,2026-10-03 14:30,optimized
EV-014,83,21.2,14.514,False,2026-10-03 14:45,optimized
EV-014,84,21.2,14.514,False,2026-10-03 15:00,optimized
EV-014,85,21.2,14.514,False,2026-10-03 15:15,optimized
EV-014,86,21.2,14.514,False,2026-10-03 15:30,optimized
EV-014,87,21.2,14.514,False,2026-10-03 15:45,optimized
EV-014,88,21.2,14.514,False,2026-10-03 16:00,optimized
EV-014,89,21.2,14.514,False,2026-10-03 16:15,optimized
EV-014,90,21.2,14.514,False,2026-10-03 16:30,optimized
EV-014,91,21.2,14.514,False,2026-10-03 16:45,optimized
EV-014,92,21.2,14.514,False,2026-10-03 17:00,optimized
EV-014,93,21.2,14.514,False,2026-10-03 17:15,optimized
EV-014,94,21.2,14.514,False,2026-10-03 17:30,optimized
EV-014,95,21.2,14.514,False,2026-10-03 17:45,optimized
EV-015,0,37.4,14.197,False,2026-10-02 18:00,optimized
EV-015,1,37.4,14.197,False,2026-10-02 18:15,optimized
EV-015,2,37.4,14.197,False,2026-10-02 18:30,optimized
EV-015,3,37.4,14.197,False,2026-10-02 18:45,optimized
EV-015,4,37.4,14.197,False,2026-10-02 19:00,optimized
EV-015,5,37.4,14.197,False,2026-10-02 19:15,optimized
EV-015,6,37.4,14.197,False,2026-10-02 19:30,optimized
EV-015,7,37.4,14.197,False,2026-10-02 19:45,optimized
EV-015,8,37.4,14.197,False,2026-10-02 20:00,optimized
EV-015,9,37.4,14.197,False,2026-10-02 20:15,optimized
EV-015,10,37.4,14.197,False,2026-10-02 20:30,optimized
EV-015,11,37.4,14.197,False,2026-10-02 20:45,optimized
EV-015,12,37.4,14.197,False,2026-10-02 21:00,optimized
EV-015,13,37.4,14.197,False,2026-10-02 21:15,optimized
EV-015,14,37.4,14.197,False,2026-10-02 21:30,optimized
EV-015,15,37.4,14.197,False,2026-10-02 21:45,optimized
EV-015,16,37.4,14.197,False,2026-10-02 22:00,optimized
EV-015,17,37.4,14.197,False,2026-10-02 22:15,optimized
EV-015,18,37.4,14.197,False,2026-10-02 22:30,optimized
EV-015,19,37.4,14.197,False,2026-10-02 22:45,optimized
EV-015,20,37.4,14.197,False,2026-10-02 23:00,optimized
EV-015,21,37.4,14.197,False,2026-10-02 23:15,optimized
EV-015,22,37.4,14.197,False,2026-10-02 23:30,optimized
EV-015,23,37.4,14.197,False,2026-10-02 23:45,optimized
EV-015,24,37.4,14.197,False,2026-10-03 00:00,optimized
EV-015,25,37.4,14.197,False,2026-10-03 00:15,optimized
EV-015,26,37.4,14.197,False,2026-10-03 00:30,optimized
EV-015,27,37.4,14.197,False,2026-10-03 00:45,optimized
EV-015,28,37.4,14.197,False,2026-10-03 01:00,optimized
EV-015,29,37.4,14.197,False,2026-10-03 01:15,optimized
EV-015,30,37.4,14.197,False,2026-10-03 01:30,optimized
EV-015,31,37.4,14.197,False,2026-10-03 01:45,optimized
EV-015,32,37.4,14.197,False,2026-10-03 02:00,optimized
EV-015,33,37.4,14.197,False,2026-10-03 02:15,optimized
EV-015,34,37.4,14.197,False,2026-10-03 02:30,optimized
EV-015,35,37.4,14.197,False,2026-10-03 02:45,optimized
EV-015,36,37.4,14.197,False,2026-10-03 03:00,optimized
EV-015,37,37.4,14.197,False,2026-10-03 03:15,optimized
EV-015,38,37.4,14.197,False,2026-10-03 03:30,optimized
EV-015,39,37.4,14.197,False,2026-10-03 03:45,optimized
EV-015,40,37.4,14.197,False,2026-10-03 04:00,optimized
EV-015,41,37.4,14.197,False,2026-10-03 04:15,optimized
EV-015,42,37.4,14.197,False,2026-10-03 04:30,optimized
EV-015,43,37.4,14.197,False,2026-10-03 04:45,optimized
EV-015,44,37.4,14.197,False,2026-10-03 05:00,optimized
EV-015,45,37.4,14.197,False,2026-10-03 05:15,optimized
EV-015,46,37.4,14.197,False,2026-10-03 05:30,optimized
EV-015,47,37.4,14.197,False,2026-10-03 05:45,optimized
EV-015,48,37.4,14.197,False,2026-10-03 06:00,optimized
EV-015,49,37.4,14.197,False,2026-10-03 06:15,optimized
EV-015,50,37.4,14.197,False,2026-10-03 06:30,optimized
EV-015,51,37.4,14.197,False,2026-10-03 06:45,optimized
EV-015,52,37.4,14.197,False,2026-10-03 07:00,optimized
EV-015,53,37.4,14.197,False,2026-10-03 07:15,optimized
EV-015,54,37.4,14.197,False,2026-10-03 07:30,optimized
EV-015,55,37.4,14.197,False,2026-10-03 07:45,optimized
EV-015,56,37.4,14.197,False,2026-10-03 08:00,optimized
EV-015,57,37.4,14.197,False,2026-10-03 08:15,optimized
EV-015,58,37.4,14.197,False,2026-10-03 08:30,optimized
EV-015,59,37.4,14.197,False,2026-10-03 08:45,optimized
EV-015,60,37.4,14.197,False,2026-10-03 09:00,optimized
EV-015,61,37.4,14.197,False,2026-10-03 09:15,optimized
EV-015,62,37.4,14.197,False,2026-10-03 09:30,optimized
EV-015,63,37.4,14.197,False,2026-10-03 09:45,optimized
EV-015,64,37.4,14.197,False,2026-10-03 10:00,optimized
EV-015,65,37.4,14.197,False,2026-10-03 10:15,optimized
EV-015,66,37.4,14.197,False,2026-10-03 10:30,optimized
EV-015,67,37.4,14.197,False,2026-10-03 10:45,optimized
EV-015,68,37.4,14.197,False,2026-10-03 11:00,optimized
EV-015,69,37.4,14.197,False,2026-10-03 11:15,optimized
EV-015,70,37.4,14.197,False,2026-10-03 11:30,optimized
EV-015,71,37.4,14.197,False,2026-10-03 11:45,optimized
EV-015,72,37.4,14.197,False,2026-10-03 12:00,optimized
EV-015,73,37.4,14.197,False,2026-10-03 12:15,optimized
EV-015,74,37.4,14.197,False,2026-10-03 12:30,optimized
EV-015,75,37.4,14.197,False,2026-10-03 12:45,optimized
EV-015,76,37.4,14.197,False,2026-10-03 13:00,optimized
EV-015,77,37.4,14.197,False,2026-10-03 13:15,optimized
EV-015,78,37.4,14.197,False,2026-10-03 13:30,optimized
EV-015,79,37.4,14.197,False,2026-10-03 13:45,optimized
EV-015,80,37.4,14.197,False,2026-10-03 14:00,optimized
EV-015,81,37.4,14.197,False,2026-10-03 14:15,optimized
EV-015,82,37.4,14.197,False,2026-10-03 14:30,optimized
EV-015,83,37.4,14.197,False,2026-10-03 14:45,optimized
EV-015,84,37.4,14.197,False,2026-10-03 15:00,optimized
EV-015,85,37.4,14.197,False,2026-10-03 15:15,optimized
EV-015,86,37.4,14.197,False,2026-10-03 15:30,optimized
EV-015,87,37.4,14.197,False,2026-10-03 15:45,optimized
EV-015,88,37.4,14.197,False,2026-10-03 16:00,optimized
EV-015,89,37.4,14.197,False,2026-10-03 16:15,optimized
EV-015,90,37.4,14.197,False,2026-10-03 16:30,optimized
EV-015,91,37.4,14.197,False,2026-10-03 16:45,optimized
EV-015,92,37.4,14.197,False,2026-10-03 17:00,optimized
EV-015,93,37.4,14.197,False,2026-10-03 17:15,optimized
EV-015,94,37.4,14.197,False,2026-10-03 17:30,optimized
EV-015,95,37.4,14.197,False,2026-10-03 17:45,optimized
EV-016,0,29.6,20.14,False,2026-10-02 18:00,optimized
EV-016,1,29.6,20.14,False,2026-10-02 18:15,optimized
EV-016,2,29.6,20.14,False,2026-10-02 18:30,optimized
EV-016,3,29.6,20.14,False,2026-10-02 18:45,optimized
EV-016,4,29.6,20.14,False,2026-10-02 19:00,optimized
EV-016,5,29.6,20.14,False,2026-10-02 19:15,optimized
EV-016,6,29.6,20.14,False,2026-10-02 19:30,optimized
EV-016,7,29.6,20.14,False,2026-10-02 19:45,optimized
EV-016,8,29.6,20.14,False,2026-10-02 20:00,optimized
EV-016,9,29.6,20.14,False,2026-10-02 20:15,optimized
EV-016,10,29.6,20.14,False,2026-10-02 20:30,optimized
EV-016,11,29.6,20.14,False,2026-10-02 20:45,optimized
EV-016,12,29.6,20.14,False,2026-10-02 21:00,optimized
EV-016,13,29.6,20.14,False,2026-10-02 21:15,optimized
EV-016,14,29.6,20.14,False,2026-10-02 21:30,optimized
EV-016,15,29.6,20.14,False,2026-10-02 21:45,optimized
EV-016,16,29.6,20.14,False,2026-10-02 22:00,optimized
EV-016,17,29.6,20.14,False,2026-10-02 22:15,optimized
EV-016,18,29.6,20.14,False,2026-10-02 22:30,optimized
EV-016,19,29.6,20.14,False,2026-10-02 22:45,optimized
EV-016,20,29.6,20.14,False,2026-10-02 23:00,optimized
EV-016,21,29.6,20.14,False,2026-10-02 23:15,optimized
EV-016,22,29.6,20.14,False,2026-10-02 23:30,optimized
EV-016,23,29.6,20.14,False,2026-10-02 23:45,optimized
EV-016,24,29.6,20.14,False,2026-10-03 00:00,optimized
EV-016,25,29.6,20.14,False,2026-10-03 00:15,optimized
EV-016,26,29.6,20.14,False,2026-10-03 00:30,optimized
EV-016,27,29.6,20.14,False,2026-10-03 00:45,optimized
EV-016,28,29.6,20.14,False,2026-10-03 01:00,optimized
EV-016,29,29.6,20.14,False,2026-10-03 01:15,optimized
EV-016,30,29.6,20.14,False,2026-10-03 01:30,optimized
EV-016,31,29.6,20.14,False,2026-10-03 01:45,optimized
EV-016,32,29.6,20.14,False,2026-10-03 02:00,optimized
EV-016,33,29.6,20.14,False,2026-10-03 02:15,optimized
EV-016,34,29.6,20.14,False,2026-10-03 02:30,optimized
EV-016,35,29.6,20.14,False,2026-10-03 02:45,optimized
EV-016,36,29.6,20.14,False,2026-10-03 03:00,optimized
EV-016,37,29.6,20.14,False,2026-10-03 03:15,optimized
EV-016,38,29.6,20.14,False,2026-10-03 03:30,optimized
EV-016,39,29.6,20.14,False,2026-10-03 03:45,optimized
EV-016,40,29.6,20.14,False,2026-10-03 04:00,optimized
EV-016,41,29.6,20.14,False,2026-10-03 04:15,optimized
EV-016,42,29.6,20.14,False,2026-10-03 04:30,optimized
EV-016,43,29.6,20.14,False,2026-10-03 04:45,optimized
EV-016,44,29.6,20.14,False,2026-10-03 05:00,optimized
EV-016,45,29.6,20.14,False,2026-10-03 05:15,optimized
EV-016,46,29.6,20.14,False,2026-10-03 05:30,optimized
EV-016,47,29.6,20.14,False,2026-10-03 05:45,optimized
EV-016,48,29.6,20.14,True,2026-10-03 06:00,optimized
EV-016,49,29.6,20.14,True,2026-10-03 06:15,optimized
EV-016,50,29.6,20.14,True,2026-10-03 06:30,optimized
EV-016,51,29.6,20.14,True,2026-10-03 06:45,optimized
EV-016,52,29.6,20.14,True,2026-10-03 07:00,optimized
EV-016,53,29.6,20.14,True,2026-10-03 07:15,optimized
EV-016,54,29.6,20.14,True,2026-10-03 07:30,optimized
EV-016,55,29.6,20.14,True,2026-10-03 07:45,optimized
EV-016,56,22.2,15.122,False,2026-10-03 08:00,optimized
EV-016,57,22.2,15.122,False,2026-10-03 08:15,optimized
EV-016,58,22.2,15.122,False,2026-10-03 08:30,optimized
EV-016,59,22.2,15.122,False,2026-10-03 08:45,optimized
EV-016,60,22.2,15.122,False,2026-10-03 09:00,optimized
EV-016,61,22.2,15.122,False,2026-10-03 09:15,optimized
EV-016,62,22.2,15.122,False,2026-10-03 09:30,optimized
EV-016,63,22.2,15.122,False,2026-10-03 09:45,optimized
EV-016,64,22.2,15.122,False,2026-10-03 10:00,optimized
EV-016,65,22.2,15.122,False,2026-10-03 10:15,optimized
EV-016,66,22.2,15.122,False,2026-10-03 10:30,optimized
EV-016,67,22.2,15.122,False,2026-10-03 10:45,optimized
EV-016,68,22.2,15.122,False,2026-10-03 11:00,optimized
EV-016,69,22.2,15.122,False,2026-10-03 11:15,optimized
EV-016,70,22.2,15.122,False,2026-10-03 11:30,optimized
EV-016,71,22.2,15.122,False,2026-10-03 11:45,optimized
EV-016,72,22.2,15.122,False,2026-10-03 12:00,optimized
EV-016,73,22.2,15.122,False,2026-10-03 12:15,optimized
EV-016,74,22.2,15.122,False,2026-10-03 12:30,optimized
EV-016,75,22.2,15.122,False,2026-10-03 12:45,optimized
EV-016,76,22.2,15.122,False,2026-10-03 13:00,optimized
EV-016,77,22.2,15.122,False,2026-10-03 13:15,optimized
EV-016,78,22.2,15.122,False,2026-10-03 13:30,optimized
EV-016,79,22.2,15.122,False,2026-10-03 13:45,optimized
EV-016,80,22.2,15.122,False,2026-10-03 14:00,optimized
EV-016,81,22.2,15.122,False,2026-10-03 14:15,optimized
EV-016,82,22.2,15.122,False,2026-10-03 14:30,optimized
EV-016,83,22.2,15.122,False,2026-10-03 14:45,optimized
EV-016,84,22.2,15.122,False,2026-10-03 15:00,optimized
EV-016,85,22.2,15.122,False,2026-10-03 15:15,optimized
EV-016,86,22.2,15.122,False,2026-10-03 15:30,optimized
EV-016,87,22.2,15.122,False,2026-10-03 15:45,optimized
EV-016,88,22.2,15.122,False,2026-10-03 16:00,optimized
EV-016,89,22.2,15.122,False,2026-10-03 16:15,optimized
EV-016,90,22.2,15.122,False,2026-10-03 16:30,optimized
EV-016,91,22.2,15.122,False,2026-10-03 16:45,optimized
EV-016,92,22.2,15.122,False,2026-10-03 17:00,optimized
EV-016,93,22.2,15.122,False,2026-10-03 17:15,optimized
EV-016,94,22.2,15.122,False,2026-10-03 17:30,optimized
EV-016,95,22.2,15.122,False,2026-10-03 17:45,optimized
EV-017,0,35.2,22.644,False,2026-10-02 18:00,optimized
EV-017,1,35.2,22.644,False,2026-10-02 18:15,optimized
EV-017,2,35.2,22.644,False,2026-10-02 18:30,optimized
EV-017,3,35.2,22.644,False,2026-10-02 18:45,optimized
EV-017,4,35.2,22.644,False,2026-10-02 19:00,optimized
EV-017,5,35.2,22.644,False,2026-10-02 19:15,optimized
EV-017,6,35.2,22.644,False,2026-10-02 19:30,optimized
EV-017,7,35.2,22.644,False,2026-10-02 19:45,optimized
EV-017,8,35.2,22.644,False,2026-10-02 20:00,optimized
EV-017,9,35.2,22.644,False,2026-10-02 20:15,optimized
EV-017,10,35.2,22.644,False,2026-10-02 20:30,optimized
EV-017,11,35.2,22.644,False,2026-10-02 20:45,optimized
EV-017,12,35.2,22.644,False,2026-10-02 21:00,optimized
EV-017,13,35.2,22.644,False,2026-10-02 21:15,optimized
EV-017,14,35.2,22.644,False,2026-10-02 21:30,optimized
EV-017,15,35.2,22.644,False,2026-10-02 21:45,optimized
EV-017,16,35.2,22.644,False,2026-10-02 22:00,optimized
EV-017,17,35.2,22.644,False,2026-10-02 22:15,optimized
EV-017,18,35.2,22.644,False,2026-10-02 22:30,optimized
EV-017,19,35.2,22.644,False,2026-10-02 22:45,optimized
EV-017,20,35.2,22.644,False,2026-10-02 23:00,optimized
EV-017,21,35.2,22.644,False,2026-10-02 23:15,optimized
EV-017,22,35.2,22.644,False,2026-10-02 23:30,optimized
EV-017,23,35.2,22.644,False,2026-10-02 23:45,optimized
EV-017,24,35.2,22.644,False,2026-10-03 00:00,optimized
EV-017,25,35.2,22.644,False,2026-10-03 00:15,optimized
EV-017,26,35.2,22.644,False,2026-10-03 00:30,optimized
EV-017,27,35.2,22.644,False,2026-10-03 00:45,optimized
EV-017,28,35.2,22.644,False,2026-10-03 01:00,optimized
EV-017,29,35.2,22.644,False,2026-10-03 01:15,optimized
EV-017,30,35.2,22.644,False,2026-10-03 01:30,optimized
EV-017,31,35.2,22.644,False,2026-10-03 01:45,optimized
EV-017,32,35.2,22.644,False,2026-10-03 02:00,optimized
EV-017,33,35.2,22.644,False,2026-10-03 02:15,optimized
EV-017,34,35.2,22.644,False,2026-10-03 02:30,optimized
EV-017,35,35.2,22.644,False,2026-10-03 02:45,optimized
EV-017,36,35.2,22.644,False,2026-10-03 03:00,optimized
EV-017,37,35.2,22.644,False,2026-10-03 03:15,optimized
EV-017,38,35.2,22.644,False,2026-10-03 03:30,optimized
EV-017,39,35.2,22.644,False,2026-10-03 03:45,optimized
EV-017,40,35.2,22.644,False,2026-10-03 04:00,optimized
EV-017,41,35.2,22.644,False,2026-10-03 04:15,optimized
EV-017,42,35.2,22.644,False,2026-10-03 04:30,optimized
EV-017,43,35.2,22.644,False,2026-10-03 04:45,optimized
EV-017,44,35.2,22.644,False,2026-10-03 05:00,optimized
EV-017,45,35.2,22.644,False,2026-10-03 05:15,optimized
EV-017,46,35.2,22.644,False,2026-10-03 05:30,optimized
EV-017,47,35.2,22.644,False,2026-10-03 05:45,optimized
EV-017,48,35.2,22.644,False,2026-10-03 06:00,optimized
EV-017,49,35.2,22.644,False,2026-10-03 06:15,optimized
EV-017,50,35.2,22.644,False,2026-10-03 06:30,optimized
EV-017,51,35.2,22.644,False,2026-10-03 06:45,optimized
EV-017,52,35.2,22.644,False,2026-10-03 07:00,optimized
EV-017,53,35.2,22.644,False,2026-10-03 07:15,optimized
EV-017,54,35.2,22.644,False,2026-10-03 07:30,optimized
EV-017,55,35.2,22.644,False,2026-10-03 07:45,optimized
EV-017,56,35.2,22.644,False,2026-10-03 08:00,optimized
EV-017,57,35.2,22.644,False,2026-10-03 08:15,optimized
EV-017,58,35.2,22.644,False,2026-10-03 08:30,optimized
EV-017,59,35.2,22.644,False,2026-10-03 08:45,optimized
EV-017,60,35.2,22.644,False,2026-10-03 09:00,optimized
EV-017,61,35.2,22.644,False,2026-10-03 09:15,optimized
EV-017,62,35.2,22.644,False,2026-10-03 09:30,optimized
EV-017,63,35.2,22.644,False,2026-10-03 09:45,optimized
EV-017,64,35.2,22.644,False,2026-10-03 10:00,optimized
EV-017,65,35.2,22.644,False,2026-10-03 10:15,optimized
EV-017,66,35.2,22.644,False,2026-10-03 10:30,optimized
EV-017,67,35.2,22.644,False,2026-10-03 10:45,optimized
EV-017,68,35.2,22.644,False,2026-10-03 11:00,optimized
EV-017,69,35.2,22.644,False,2026-10-03 11:15,optimized
EV-017,70,35.2,22.644,False,2026-10-03 11:30,optimized
EV-017,71,35.2,22.644,False,2026-10-03 11:45,optimized
EV-017,72,35.2,22.644,False,2026-10-03 12:00,optimized
EV-017,73,35.2,22.644,False,2026-10-03 12:15,optimized
EV-017,74,35.2,22.644,False,2026-10-03 12:30,optimized
EV-017,75,35.2,22.644,False,2026-10-03 12:45,optimized
EV-017,76,35.2,22.644,False,2026-10-03 13:00,optimized
EV-017,77,35.2,22.644,False,2026-10-03 13:15,optimized
EV-017,78,35.2,22.644,False,2026-10-03 13:30,optimized
EV-017,79,35.2,22.644,False,2026-10-03 13:45,optimized
EV-017,80,35.2,22.644,False,2026-10-03 14:00,optimized
EV-017,81,35.2,22.644,False,2026-10-03 14:15,optimized
EV-017,82,35.2,22.644,False,2026-10-03 14:30,optimized
EV-017,83,35.2,22.644,False,2026-10-03 14:45,optimized
EV-017,84,35.2,22.644,False,2026-10-03 15:00,optimized
EV-017,85,35.2,22.644,False,2026-10-03 15:15,optimized
EV-017,86,35.2,22.644,False,2026-10-03 15:30,optimized
EV-017,87,35.2,22.644,False,2026-10-03 15:45,optimized
EV-017,88,35.2,22.644,False,2026-10-03 16:00,optimized
EV-017,89,35.2,22.644,False,2026-10-03 16:15,optimized
EV-017,90,35.2,22.644,False,2026-10-03 16:30,optimized
EV-017,91,35.2,22.644,False,2026-10-03 16:45,optimized
EV-017,92,35.2,22.644,False,2026-10-03 17:00,optimized
EV-017,93,35.2,22.644,False,2026-10-03 17:15,optimized
EV-017,94,35.2,22.644,False,2026-10-03 17:30,optimized
EV-017,95,35.2,22.644,False,2026-10-03 17:45,optimized
EV-018,0,28.7,18.423,False,2026-10-02 18:00,optimized
EV-018,1,28.7,18.423,False,2026-10-02 18:15,optimized
EV-018,2,28.7,18.423,False,2026-10-02 18:30,optimized
EV-018,3,28.7,18.423,False,2026-10-02 18:45,optimized
EV-018,4,28.7,18.423,False,2026-10-02 19:00,optimized
EV-018,5,28.7,18.423,False,2026-10-02 19:15,optimized
EV-018,6,28.7,18.423,False,2026-10-02 19:30,optimized
EV-018,7,28.7,18.423,False,2026-10-02 19:45,optimized
EV-018,8,28.7,18.423,False,2026-10-02 20:00,optimized
EV-018,9,28.7,18.423,False,2026-10-02 20:15,optimized
EV-018,10,28.7,18.423,False,2026-10-02 20:30,optimized
EV-018,11,28.7,18.423,False,2026-10-02 20:45,optimized
EV-018,12,28.7,18.423,False,2026-10-02 21:00,optimized
EV-018,13,28.7,18.423,False,2026-10-02 21:15,optimized
EV-018,14,28.7,18.423,False,2026-10-02 21:30,optimized
EV-018,15,28.7,18.423,False,2026-10-02 21:45,optimized
EV-018,16,28.7,18.423,False,2026-10-02 22:00,optimized
EV-018,17,28.7,18.423,False,2026-10-02 22:15,optimized
EV-018,18,28.7,18.423,False,2026-10-02 22:30,optimized
EV-018,19,28.7,18.423,False,2026-10-02 22:45,optimized
EV-018,20,28.7,18.423,False,2026-10-02 23:00,optimized
EV-018,21,28.7,18.423,False,2026-10-02 23:15,optimized
EV-018,22,28.7,18.423,False,2026-10-02 23:30,optimized
EV-018,23,28.7,18.423,False,2026-10-02 23:45,optimized
EV-018,24,28.7,18.423,False,2026-10-03 00:00,optimized
EV-018,25,28.7,18.423,False,2026-10-03 00:15,optimized
EV-018,26,28.7,18.423,False,2026-10-03 00:30,optimized
EV-018,27,28.7,18.423,False,2026-10-03 00:45,optimized
EV-018,28,28.7,18.423,False,2026-10-03 01:00,optimized
EV-018,29,28.7,18.423,False,2026-10-03 01:15,optimized
EV-018,30,28.7,18.423,False,2026-10-03 01:30,optimized
EV-018,31,28.7,18.423,False,2026-10-03 01:45,optimized
EV-018,32,28.7,18.423,False,2026-10-03 02:00,optimized
EV-018,33,28.7,18.423,False,2026-10-03 02:15,optimized
EV-018,34,28.7,18.423,False,2026-10-03 02:30,optimized
EV-018,35,28.7,18.423,False,2026-10-03 02:45,optimized
EV-018,36,28.7,18.423,False,2026-10-03 03:00,optimized
EV-018,37,28.7,18.423,False,2026-10-03 03:15,optimized
EV-018,38,28.7,18.423,False,2026-10-03 03:30,optimized
EV-018,39,28.7,18.423,False,2026-10-03 03:45,optimized
EV-018,40,28.7,18.423,False,2026-10-03 04:00,optimized
EV-018,41,28.7,18.423,False,2026-10-03 04:15,optimized
EV-018,42,28.7,18.423,False,2026-10-03 04:30,optimized
EV-018,43,28.7,18.423,False,2026-10-03 04:45,optimized
EV-018,44,28.7,18.423,False,2026-10-03 05:00,optimized
EV-018,45,28.7,18.423,False,2026-10-03 05:15,optimized
EV-018,46,28.7,18.423,False,2026-10-03 05:30,optimized
EV-018,47,28.7,18.423,False,2026-10-03 05:45,optimized
EV-018,48,28.7,18.423,False,2026-10-03 06:00,optimized
EV-018,49,28.7,18.423,False,2026-10-03 06:15,optimized
EV-018,50,28.7,18.423,False,2026-10-03 06:30,optimized
EV-018,51,28.7,18.423,False,2026-10-03 06:45,optimized
EV-018,52,28.7,18.423,False,2026-10-03 07:00,optimized
EV-018,53,28.7,18.423,False,2026-10-03 07:15,optimized
EV-018,54,28.7,18.423,False,2026-10-03 07:30,optimized
EV-018,55,28.7,18.423,False,2026-10-03 07:45,optimized
EV-018,56,28.7,18.423,False,2026-10-03 08:00,optimized
EV-018,57,28.7,18.423,False,2026-10-03 08:15,optimized
EV-018,58,28.7,18.423,False,2026-10-03 08:30,optimized
EV-018,59,28.7,18.423,False,2026-10-03 08:45,optimized
EV-018,60,28.7,18.423,False,2026-10-03 09:00,optimized
EV-018,61,28.7,18.423,False,2026-10-03 09:15,optimized
EV-018,62,28.7,18.423,False,2026-10-03 09:30,optimized
EV-018,63,28.7,18.423,False,2026-10-03 09:45,optimized
EV-018,64,28.7,18.423,False,2026-10-03 10:00,optimized
EV-018,65,28.7,18.423,False,2026-10-03 10:15,optimized
EV-018,66,28.7,18.423,False,2026-10-03 10:30,optimized
EV-018,67,28.7,18.423,False,2026-10-03 10:45,optimized
EV-018,68,28.7,18.423,False,2026-10-03 11:00,optimized
EV-018,69,28.7,18.423,False,2026-10-03 11:15,optimized
EV-018,70,28.7,18.423,False,2026-10-03 11:30,optimized
EV-018,71,28.7,18.423,False,2026-10-03 11:45,optimized
EV-018,72,28.7,18.423,False,2026-10-03 12:00,optimized
EV-018,73,28.7,18.423,False,2026-10-03 12:15,optimized
EV-018,74,28.7,18.423,False,2026-10-03 12:30,optimized
EV-018,75,28.7,18.423,False,2026-10-03 12:45,optimized
EV-018,76,28.7,18.423,False,2026-10-03 13:00,optimized
EV-018,77,28.7,18.423,False,2026-10-03 13:15,optimized
EV-018,78,28.7,18.423,False,2026-10-03 13:30,optimized
EV-018,79,28.7,18.423,False,2026-10-03 13:45,optimized
EV-018,80,28.7,18.423,False,2026-10-03 14:00,optimized
EV-018,81,28.7,18.423,False,2026-10-03 14:15,optimized
EV-018,82,28.7,18.423,False,2026-10-03 14:30,optimized
EV-018,83,28.7,18.423,False,2026-10-03 14:45,optimized
EV-018,84,28.7,18.423,False,2026-10-03 15:00,optimized
EV-018,85,28.7,18.423,False,2026-10-03 15:15,optimized
EV-018,86,28.7,18.423,False,2026-10-03 15:30,optimized
EV-018,87,28.7,18.423,False,2026-10-03 15:45,optimized
EV-018,88,28.7,18.423,False,2026-10-03 16:00,optimized
EV-018,89,28.7,18.423,False,2026-10-03 16:15,optimized
EV-018,90,28.7,18.423,False,2026-10-03 16:30,optimized
EV-018,91,28.7,18.423,False,2026-10-03 16:45,optimized
EV-018,92,28.7,18.423,False,2026-10-03 17:00,optimized
EV-018,93,28.7,18.423,False,2026-10-03 17:15,optimized
EV-018,94,28.7,18.423,False,2026-10-03 17:30,optimized
EV-018,95,28.7,18.423,False,2026-10-03 17:45,optimized
EV-019,0,20.0,6.904,False,2026-10-02 18:00,optimized
EV-019,1,20.0,6.904,False,2026-10-02 18:15,optimized
EV-019,2,20.0,6.904,False,2026-10-02 18:30,optimized
EV-019,3,20.0,6.904,False,2026-10-02 18:45,optimized
EV-019,4,20.0,6.904,False,2026-10-02 19:00,optimized
EV-019,5,20.0,6.904,False,2026-10-02 19:15,optimized
EV-019,6,20.0,6.904,False,2026-10-02 19:30,optimized
EV-019,7,20.0,6.904,False,2026-10-02 19:45,optimized
EV-019,8,20.0,6.904,False,2026-10-02 20:00,optimized
EV-019,9,20.0,6.904,False,2026-10-02 20:15,optimized
EV-019,10,20.0,6.904,False,2026-10-02 20:30,optimized
EV-019,11,20.0,6.904,False,2026-10-02 20:45,optimized
EV-019,12,20.0,6.904,False,2026-10-02 21:00,optimized
EV-019,13,20.0,6.904,False,2026-10-02 21:15,optimized
EV-019,14,20.0,6.904,False,2026-10-02 21:30,optimized
EV-019,15,20.0,6.904,False,2026-10-02 21:45,optimized
EV-019,16,20.0,6.904,False,2026-10-02 22:00,optimized
EV-019,17,20.0,6.904,False,2026-10-02 22:15,optimized
EV-019,18,20.0,6.904,False,2026-10-02 22:30,optimized
EV-019,19,20.0,6.904,False,2026-10-02 22:45,optimized
EV-019,20,20.0,6.904,False,2026-10-02 23:00,optimized
EV-019,21,20.0,6.904,False,2026-10-02 23:15,optimized
EV-019,22,20.0,6.904,False,2026-10-02 23:30,optimized
EV-019,23,20.0,6.904,False,2026-10-02 23:45,optimized
EV-019,24,20.0,6.904,False,2026-10-03 00:00,optimized
EV-019,25,20.0,6.904,False,2026-10-03 00:15,optimized
EV-019,26,20.0,6.904,False,2026-10-03 00:30,optimized
EV-019,27,20.0,6.904,False,2026-10-03 00:45,optimized
EV-019,28,20.0,6.904,False,2026-10-03 01:00,optimized
EV-019,29,20.0,6.904,False,2026-10-03 01:15,optimized
EV-019,30,20.0,6.904,False,2026-10-03 01:30,optimized
EV-019,31,20.0,6.904,False,2026-10-03 01:45,optimized
EV-019,32,20.0,6.904,False,2026-10-03 02:00,optimized
EV-019,33,20.0,6.904,False,2026-10-03 02:15,optimized
EV-019,34,20.0,6.904,False,2026-10-03 02:30,optimized
EV-019,35,20.0,6.904,False,2026-10-03 02:45,optimized
EV-019,36,20.0,6.904,False,2026-10-03 03:00,optimized
EV-019,37,20.0,6.904,False,2026-10-03 03:15,optimized
EV-019,38,20.0,6.904,False,2026-10-03 03:30,optimized
EV-019,39,20.0,6.904,False,2026-10-03 03:45,optimized
EV-019,40,20.0,6.904,False,2026-10-03 04:00,optimized
EV-019,41,20.0,6.904,False,2026-10-03 04:15,optimized
EV-019,42,20.0,6.904,False,2026-10-03 04:30,optimized
EV-019,43,20.0,6.904,False,2026-10-03 04:45,optimized
EV-019,44,20.0,6.904,False,2026-10-03 05:00,optimized
EV-019,45,20.0,6.904,False,2026-10-03 05:15,optimized
EV-019,46,20.0,6.904,False,2026-10-03 05:30,optimized
EV-019,47,20.0,6.904,False,2026-10-03 05:45,optimized
EV-019,48,20.0,6.904,False,2026-10-03 06:00,optimized
EV-019,49,20.0,6.904,False,2026-10-03 06:15,optimized
EV-019,50,20.0,6.904,False,2026-10-03 06:30,optimized
EV-019,51,20.0,6.904,False,2026-10-03 06:45,optimized
EV-019,52,20.0,6.904,False,2026-10-03 07:00,optimized
EV-019,53,20.0,6.904,False,2026-10-03 07:15,optimized
EV-019,54,20.0,6.904,False,2026-10-03 07:30,optimized
EV-019,55,20.0,6.904,False,2026-10-03 07:45,optimized
EV-019,56,20.0,6.904,False,2026-10-03 08:00,optimized
EV-019,57,20.0,6.904,False,2026-10-03 08:15,optimized
EV-019,58,20.0,6.904,False,2026-10-03 08:30,optimized
EV-019,59,20.0,6.904,False,2026-10-03 08:45,optimized
EV-019,60,20.0,6.904,False,2026-10-03 09:00,optimized
EV-019,61,20.0,6.904,False,2026-10-03 09:15,optimized
EV-019,62,20.0,6.904,False,2026-10-03 09:30,optimized
EV-019,63,20.0,6.904,False,2026-10-03 09:45,optimized
EV-019,64,20.0,6.904,False,2026-10-03 10:00,optimized
EV-019,65,20.0,6.904,False,2026-10-03 10:15,optimized
EV-019,66,20.0,6.904,False,2026-10-03 10:30,optimized
EV-019,67,20.0,6.904,False,2026-10-03 10:45,optimized
EV-019,68,20.0,6.904,False,2026-10-03 11:00,optimized
EV-019,69,20.0,6.904,False,2026-10-03 11:15,optimized
EV-019,70,20.0,6.904,False,2026-10-03 11:30,optimized
EV-019,71,20.0,6.904,False,2026-10-03 11:45,optimized
EV-019,72,20.0,6.904,False,2026-10-03 12:00,optimized
EV-019,73,20.0,6.904,False,2026-10-03 12:15,optimized
EV-019,74,20.0,6.904,False,2026-10-03 12:30,optimized
EV-019,75,20.0,6.904,False,2026-10-03 12:45,optimized
EV-019,76,20.0,6.904,False,2026-10-03 13:00,optimized
EV-019,77,20.0,6.904,False,2026-10-03 13:15,optimized
EV-019,78,20.0,6.904,False,2026-10-03 13:30,optimized
EV-019,79,20.0,6.904,False,2026-10-03 13:45,optimized
EV-019,80,20.0,6.904,False,2026-10-03 14:00,optimized
EV-019,81,20.0,6.904,False,2026-10-03 14:15,optimized
EV-019,82,20.0,6.904,False,2026-10-03 14:30,optimized
EV-019,83,20.0,6.904,False,2026-10-03 14:45,optimized
EV-019,84,20.0,6.904,False,2026-10-03 15:00,optimized
EV-019,85,20.0,6.904,False,2026-10-03 15:15,optimized
EV-019,86,20.0,6.904,False,2026-10-03 15:30,optimized
EV-019,87,20.0,6.904,False,2026-10-03 15:45,optimized
EV-019,88,20.0,6.904,False,2026-10-03 16:00,optimized
EV-019,89,20.0,6.904,False,2026-10-03 16:15,optimized
EV-019,90,20.0,6.904,False,2026-10-03 16:30,optimized
EV-019,91,20.0,6.904,False,2026-10-03 16:45,optimized
EV-019,92,20.0,6.904,False,2026-10-03 17:00,optimized
EV-019,93,20.0,6.904,False,2026-10-03 17:15,optimized
EV-019,94,20.0,6.904,False,2026-10-03 17:30,optimized
EV-019,95,20.0,6.904,False,2026-10-03 17:45,optimized
EV-020,0,46.1,18.348,False,2026-10-02 18:00,optimized
EV-020,1,46.1,18.348,False,2026-10-02 18:15,optimized
EV-020,2,46.1,18.348,False,2026-10-02 18:30,optimized
EV-020,3,46.1,18.348,False,2026-10-02 18:45,optimized
EV-020,4,46.1,18.348,False,2026-10-02 19:00,optimized
EV-020,5,46.1,18.348,False,2026-10-02 19:15,optimized
EV-020,6,46.1,18.348,False,2026-10-02 19:30,optimized
EV-020,7,46.1,18.348,False,2026-10-02 19:45,optimized
EV-020,8,46.1,18.348,False,2026-10-02 20:00,optimized
EV-020,9,46.1,18.348,False,2026-10-02 20:15,optimized
EV-020,10,46.1,18.348,False,2026-10-02 20:30,optimized
EV-020,11,46.1,18.348,False,2026-10-02 20:45,optimized
EV-020,12,46.1,18.348,False,2026-10-02 21:00,optimized
EV-020,13,46.1,18.348,False,2026-10-02 21:15,optimized
EV-020,14,46.1,18.348,False,2026-10-02 21:30,optimized
EV-020,15,46.1,18.348,False,2026-10-02 21:45,optimized
EV-020,16,46.1,18.348,False,2026-10-02 22:00,optimized
EV-020,17,46.1,18.348,False,2026-10-02 22:15,optimized
EV-020,18,46.1,18.348,False,2026-10-02 22:30,optimized
EV-020,19,46.1,18.348,False,2026-10-02 22:45,optimized
EV-020,20,46.1,18.348,False,2026-10-02 23:00,optimized
EV-020,21,46.1,18.348,False,2026-10-02 23:15,optimized
EV-020,22,46.1,18.348,False,2026-10-02 23:30,optimized
EV-020,23,46.1,18.348,False,2026-10-02 23:45,optimized
EV-020,24,46.1,18.348,False,2026-10-03 00:00,optimized
EV-020,25,46.1,18.348,False,2026-10-03 00:15,optimized
EV-020,26,46.1,18.348,False,2026-10-03 00:30,optimized
EV-020,27,46.1,18.348,False,2026-10-03 00:45,optimized
EV-020,28,46.1,18.348,False,2026-10-03 01:00,optimized
EV-020,29,46.1,18.348,False,2026-10-03 01:15,optimized
EV-020,30,46.1,18.348,False,2026-10-03 01:30,optimized
EV-020,31,46.1,18.348,False,2026-10-03 01:45,optimized
EV-020,32,46.1,18.348,False,2026-10-03 02:00,optimized
EV-020,33,46.1,18.348,False,2026-10-03 02:15,optimized
EV-020,34,46.1,18.348,False,2026-10-03 02:30,optimized
EV-020,35,46.1,18.348,False,2026-10-03 02:45,optimized
EV-020,36,46.1,18.348,False,2026-10-03 03:00,optimized
EV-020,37,46.1,18.348,False,2026-10-03 03:15,optimized
EV-020,38,46.1,18.348,False,2026-10-03 03:30,optimized
EV-020,39,46.1,18.348,False,2026-10-03 03:45,optimized
EV-020,40,46.1,18.348,False,2026-10-03 04:00,optimized
EV-020,41,46.1,18.348,False,2026-10-03 04:15,optimized
EV-020,42,46.1,18.348,False,2026-10-03 04:30,optimized
EV-020,43,46.1,18.348,False,2026-10-03 04:45,optimized
EV-020,44,46.1,18.348,False,2026-10-03 05:00,optimized
EV-020,45,46.1,18.348,False,2026-10-03 05:15,optimized
EV-020,46,46.1,18.348,False,2026-10-03 05:30,optimized
EV-020,47,46.1,18.348,False,2026-10-03 05:45,optimized
EV-020,48,46.1,18.348,False,2026-10-03 06:00,optimized
EV-020,49,46.1,18.348,False,2026-10-03 06:15,optimized
EV-020,50,46.1,18.348,False,2026-10-03 06:30,optimized
EV-020,51,46.1,18.348,False,2026-10-03 06:45,optimized
EV-020,52,46.1,18.348,False,2026-10-03 07:00,optimized
EV-020,53,46.1,18.348,False,2026-10-03 07:15,optimized
EV-020,54,46.1,18.348,False,2026-10-03 07:30,optimized
EV-020,55,46.1,18.348,False,2026-10-03 07:45,optimized
EV-020,56,46.1,18.348,False,2026-10-03 08:00,optimized
EV-020,57,46.1,18.348,False,2026-10-03 08:15,optimized
EV-020,58,46.1,18.348,False,2026-10-03 08:30,optimized
EV-020,59,46.1,18.348,False,2026-10-03 08:45,optimized
EV-020,60,46.1,18.348,False,2026-10-03 09:00,optimized
EV-020,61,46.1,18.348,False,2026-10-03 09:15,optimized
EV-020,62,46.1,18.348,False,2026-10-03 09:30,optimized
EV-020,63,46.1,18.348,False,2026-10-03 09:45,optimized
EV-020,64,46.1,18.348,False,2026-10-03 10:00,optimized
EV-020,65,46.1,18.348,False,2026-10-03 10:15,optimized
EV-020,66,46.1,18.348,False,2026-10-03 10:30,optimized
EV-020,67,46.1,18.348,False,2026-10-03 10:45,optimized
EV-020,68,46.1,18.348,False,2026-10-03 11:00,optimized
EV-020,69,46.1,18.348,False,2026-10-03 11:15,optimized
EV-020,70,46.1,18.348,False,2026-10-03 11:30,optimized
EV-020,71,46.1,18.348,False,2026-10-03 11:45,optimized
EV-020,72,46.1,18.348,False,2026-10-03 12:00,optimized
EV-020,73,46.1,18.348,False,2026-10-03 12:15,optimized
EV-020,74,46.1,18.348,False,2026-10-03 12:30,optimized
EV-020,75,46.1,18.348,False,2026-10-03 12:45,optimized
EV-020,76,46.1,18.348,False,2026-10-03 13:00,optimized
EV-020,77,46.1,18.348,False,2026-10-03 13:15,optimized
EV-020,78,46.1,18.348,False,2026-10-03 13:30,optimized
EV-020,79,46.1,18.348,False,2026-10-03 13:45,optimized
EV-020,80,46.1,18.348,False,2026-10-03 14:00,optimized
EV-020,81,46.1,18.348,False,2026-10-03 14:15,optimized
EV-020,82,46.1,18.348,False,2026-10-03 14:30,optimized
EV-020,83,46.1,18.348,False,2026-10-03 14:45,optimized
EV-020,84,46.1,18.348,False,2026-10-03 15:00,optimized
EV-020,85,46.1,18.348,False,2026-10-03 15:15,optimized
EV-020,86,46.1,18.348,False,2026-10-03 15:30,optimized
EV-020,87,46.1,18.348,False,2026-10-03 15:45,optimized
EV-020,88,46.1,18.348,False,2026-10-03 16:00,optimized
EV-020,89,46.1,18.348,False,2026-10-03 16:15,optimized
EV-020,90,46.1,18.348,False,2026-10-03 16:30,optimized
EV-020,91,46.1,18.348,False,2026-10-03 16:45,optimized
EV-020,92,46.1,18.348,False,2026-10-03 17:00,optimized
EV-020,93,46.1,18.348,False,2026-10-03 17:15,optimized
EV-020,94,46.1,18.348,False,2026-10-03 17:30,optimized
EV-020,95,46.1,18.348,False,2026-10-03 17:45,optimized
EV-021,0,47.6,16.451,False,2026-10-02 18:00,optimized
EV-021,1,47.6,16.451,False,2026-10-02 18:15,optimized
EV-021,2,47.6,16.451,False,2026-10-02 18:30,optimized
EV-021,3,47.6,16.451,False,2026-10-02 18:45,optimized
EV-021,4,47.6,16.451,False,2026-10-02 19:00,optimized
EV-021,5,47.6,16.451,False,2026-10-02 19:15,optimized
EV-021,6,47.6,16.451,False,2026-10-02 19:30,optimized
EV-021,7,47.6,16.451,False,2026-10-02 19:45,optimized
EV-021,8,47.6,16.451,False,2026-10-02 20:00,optimized
EV-021,9,47.6,16.451,False,2026-10-02 20:15,optimized
EV-021,10,47.6,16.451,False,2026-10-02 20:30,optimized
EV-021,11,47.6,16.451,False,2026-10-02 20:45,optimized
EV-021,12,47.6,16.451,False,2026-10-02 21:00,optimized
EV-021,13,47.6,16.451,False,2026-10-02 21:15,optimized
EV-021,14,47.6,16.451,False,2026-10-02 21:30,optimized
EV-021,15,47.6,16.451,False,2026-10-02 21:45,optimized
EV-021,16,47.6,16.451,False,2026-10-02 22:00,optimized
EV-021,17,47.6,16.451,False,2026-10-02 22:15,optimized
EV-021,18,47.6,16.451,False,2026-10-02 22:30,optimized
EV-021,19,47.6,16.451,False,2026-10-02 22:45,optimized
EV-021,20,47.6,16.451,False,2026-10-02 23:00,optimized
EV-021,21,47.6,16.451,False,2026-10-02 23:15,optimized
EV-021,22,47.6,16.451,False,2026-10-02 23:30,optimized
EV-021,23,47.6,16.451,False,2026-10-02 23:45,optimized
EV-021,24,47.6,16.451,False,2026-10-03 00:00,optimized
EV-021,25,47.6,16.451,False,2026-10-03 00:15,optimized
EV-021,26,47.6,16.451,False,2026-10-03 00:30,optimized
EV-021,27,47.6,16.451,False,2026-10-03 00:45,optimized
EV-021,28,47.6,16.451,False,2026-10-03 01:00,optimized
EV-021,29,47.6,16.451,False,2026-10-03 01:15,optimized
EV-021,30,47.6,16.451,False,2026-10-03 01:30,optimized
EV-021,31,47.6,16.451,False,2026-10-03 01:45,optimized
EV-021,32,47.6,16.451,False,2026-10-03 02:00,optimized
EV-021,33,47.6,16.451,False,2026-10-03 02:15,optimized
EV-021,34,47.6,16.451,False,2026-10-03 02:30,optimized
EV-021,35,47.6,16.451,False,2026-10-03 02:45,optimized
EV-021,36,47.6,16.451,False,2026-10-03 03:00,optimized
EV-021,37,47.6,16.451,False,2026-10-03 03:15,optimized
EV-021,38,47.6,16.451,False,2026-10-03 03:30,optimized
EV-021,39,47.6,16.451,False,2026-10-03 03:45,optimized
EV-021,40,47.6,16.451,False,2026-10-03 04:00,optimized
EV-021,41,47.6,16.451,False,2026-10-03 04:15,optimized
EV-021,42,47.6,16.451,False,2026-10-03 04:30,optimized
EV-021,43,47.6,16.451,False,2026-10-03 04:45,optimized
EV-021,44,47.6,16.451,False,2026-10-03 05:00,optimized
EV-021,45,47.6,16.451,False,2026-10-03 05:15,optimized
EV-021,46,47.6,16.451,False,2026-10-03 05:30,optimized
EV-021,47,47.6,16.451,False,2026-10-03 05:45,optimized
EV-021,48,47.6,16.451,False,2026-10-03 06:00,optimized
EV-021,49,47.6,16.451,False,2026-10-03 06:15,optimized
EV-021,50,47.6,16.451,False,2026-10-03 06:30,optimized
EV-021,51,47.6,16.451,False,2026-10-03 06:45,optimized
EV-021,52,47.6,16.451,False,2026-10-03 07:00,optimized
EV-021,53,47.6,16.451,False,2026-10-03 07:15,optimized
EV-021,54,47.6,16.451,False,2026-10-03 07:30,optimized
EV-021,55,47.6,16.451,False,2026-10-03 07:45,optimized
EV-021,56,47.6,16.451,False,2026-10-03 08:00,optimized
EV-021,57,47.6,16.451,False,2026-10-03 08:15,optimized
EV-021,58,47.6,16.451,False,2026-10-03 08:30,optimized
EV-021,59,47.6,16.451,False,2026-10-03 08:45,optimized
EV-021,60,47.6,16.451,False,2026-10-03 09:00,optimized
EV-021,61,47.6,16.451,False,2026-10-03 09:15,optimized
EV-021,62,47.6,16.451,False,2026-10-03 09:30,optimized
EV-021,63,47.6,16.451,False,2026-10-03 09:45,optimized
EV-021,64,47.6,16.451,False,2026-10-03 10:00,optimized
EV-021,65,47.6,16.451,False,2026-10-03 10:15,optimized
EV-021,66,47.6,16.451,False,2026-10-03 10:30,optimized
EV-021,67,47.6,16.451,False,2026-10-03 10:45,optimized
EV-021,68,47.6,16.451,False,2026-10-03 11:00,optimized
EV-021,69,47.6,16.451,False,2026-10-03 11:15,optimized
EV-021,70,47.6,16.451,False,2026-10-03 11:30,optimized
EV-021,71,47.6,16.451,False,2026-10-03 11:45,optimized
EV-021,72,47.6,16.451,False,2026-10-03 12:00,optimized
EV-021,73,47.6,16.451,False,2026-10-03 12:15,optimized
EV-021,74,47.6,16.451,False,2026-10-03 12:30,optimized
EV-021,75,47.6,16.451,False,2026-10-03 12:45,optimized
EV-021,76,47.6,16.451,False,2026-10-03 13:00,optimized
EV-021,77,47.6,16.451,False,2026-10-03 13:15,optimized
EV-021,78,47.6,16.451,False,2026-10-03 13:30,optimized
EV-021,79,47.6,16.451,False,2026-10-03 13:45,optimized
EV-021,80,47.6,16.451,False,2026-10-03 14:00,optimized
EV-021,81,47.6,16.451,False,2026-10-03 14:15,optimized
EV-021,82,47.6,16.451,False,2026-10-03 14:30,optimized
EV-021,83,47.6,16.451,False,2026-10-03 14:45,optimized
EV-021,84,47.6,16.451,False,2026-10-03 15:00,optimized
EV-021,85,47.6,16.451,False,2026-10-03 15:15,optimized
EV-021,86,47.6,16.451,False,2026-10-03 15:30,optimized
EV-021,87,47.6,16.451,False,2026-10-03 15:45,optimized
EV-021,88,47.6,16.451,False,2026-10-03 16:00,optimized
EV-021,89,47.6,16.451,False,2026-10-03 16:15,optimized
EV-021,90,47.6,16.451,False,2026-10-03 16:30,optimized
EV-021,91,47.6,16.451,False,2026-10-03 16:45,optimized
EV-021,92,47.6,16.451,False,2026-10-03 17:00,optimized
EV-021,93,47.6,16.451,False,2026-10-03 17:15,optimized
EV-021,94,47.6,16.451,False,2026-10-03 17:30,optimized
EV-021,95,47.6,16.451,False,2026-10-03 17:45,optimized
EV-022,0,13.3,4.985,False,2026-10-02 18:00,optimized
EV-022,1,13.3,4.985,False,2026-10-02 18:15,optimized
EV-022,2,13.3,4.985,False,2026-10-02 18:30,optimized
EV-022,3,13.3,4.985,False,2026-10-02 18:45,optimized
EV-022,4,13.3,4.985,False,2026-10-02 19:00,optimized
EV-022,5,13.3,4.985,False,2026-10-02 19:15,optimized
EV-022,6,13.3,4.985,False,2026-10-02 19:30,optimized
EV-022,7,13.3,4.985,False,2026-10-02 19:45,optimized
EV-022,8,13.3,4.985,False,2026-10-02 20:00,optimized
EV-022,9,13.3,4.985,False,2026-10-02 20:15,optimized
EV-022,10,13.3,4.985,False,2026-10-02 20:30,optimized
EV-022,11,13.3,4.985,False,2026-10-02 20:45,optimized
EV-022,12,13.3,4.985,False,2026-10-02 21:00,optimized
EV-022,13,13.3,4.985,False,2026-10-02 21:15,optimized
EV-022,14,13.3,4.985,False,2026-10-02 21:30,optimized
EV-022,15,13.3,4.985,False,2026-10-02 21:45,optimized
EV-022,16,13.3,4.985,False,2026-10-02 22:00,optimized
EV-022,17,13.3,4.985,False,2026-10-02 22:15,optimized
EV-022,18,13.3,4.985,False,2026-10-02 22:30,optimized
EV-022,19,13.3,4.985,False,2026-10-02 22:45,optimized
EV-022,20,13.3,4.985,False,2026-10-02 23:00,optimized
EV-022,21,13.3,4.985,False,2026-10-02 23:15,optimized
EV-022,22,13.3,4.985,False,2026-10-02 23:30,optimized
EV-022,23,13.3,4.985,False,2026-10-02 23:45,optimized
EV-022,24,13.3,4.985,False,2026-10-03 00:00,optimized
EV-022,25,13.3,4.985,False,2026-10-03 00:15,optimized
EV-022,26,13.3,4.985,False,2026-10-03 00:30,optimized
EV-022,27,13.3,4.985,False,2026-10-03 00:45,optimized
EV-022,28,13.3,4.985,False,2026-10-03 01:00,optimized
EV-022,29,13.3,4.985,False,2026-10-03 01:15,optimized
EV-022,30,13.3,4.985,False,2026-10-03 01:30,optimized
EV-022,31,13.3,4.985,False,2026-10-03 01:45,optimized
EV-022,32,13.3,4.985,False,2026-10-03 02:00,optimized
EV-022,33,13.3,4.985,False,2026-10-03 02:15,optimized
EV-022,34,13.3,4.985,False,2026-10-03 02:30,optimized
EV-022,35,13.3,4.985,False,2026-10-03 02:45,optimized
EV-022,36,13.3,4.985,False,2026-10-03 03:00,optimized
EV-022,37,13.3,4.985,False,2026-10-03 03:15,optimized
EV-022,38,13.3,4.985,False,2026-10-03 03:30,optimized
EV-022,39,13.3,4.985,False,2026-10-03 03:45,optimized
EV-022,40,13.3,4.985,False,2026-10-03 04:00,optimized
EV-022,41,13.3,4.985,False,2026-10-03 04:15,optimized
EV-022,42,13.3,4.985,False,2026-10-03 04:30,optimized
EV-022,43,13.3,4.985,False,2026-10-03 04:45,optimized
EV-022,44,13.3,4.985,False,2026-10-03 05:00,optimized
EV-022,45,13.3,4.985,False,2026-10-03 05:15,optimized
EV-022,46,13.3,4.985,False,2026-10-03 05:30,optimized
EV-022,47,13.3,4.985,False,2026-10-03 05:45,optimized
EV-022,48,13.3,4.985,False,2026-10-03 06:00,optimized
EV-022,49,13.3,4.985,False,2026-10-03 06:15,optimized
EV-022,50,13.3,4.985,False,2026-10-03 06:30,optimized
EV-022,51,13.3,4.985,False,2026-10-03 06:45,optimized
EV-022,52,13.3,4.985,False,2026-10-03 07:00,optimized
EV-022,53,13.3,4.985,False,2026-10-03 07:15,optimized
EV-022,54,13.3,4.985,False,2026-10-03 07:30,optimized
EV-022,55,13.3,4.985,False,2026-10-03 07:45,optimized
EV-022,56,13.3,4.985,False,2026-10-03 08:00,optimized
EV-022,57,13.3,4.985,False,2026-10-03 08:15,optimized
EV-022,58,13.3,4.985,False,2026-10-03 08:30,optimized
EV-022,59,13.3,4.985,False,2026-10-03 08:45,optimized
EV-022,60,13.3,4.985,False,2026-10-03 09:00,optimized
EV-022,61,13.3,4.985,False,2026-10-03 09:15,optimized
EV-022,62,13.3,4.985,False,2026-10-03 09:30,optimized
EV-022,63,13.3,4.985,False,2026-10-03 09:45,optimized
EV-022,64,13.3,4.985,False,2026-10-03 10:00,optimized
EV-022,65,13.3,4.985,False,2026-10-03 10:15,optimized
EV-022,66,13.3,4.985,False,2026-10-03 10:30,optimized
EV-022,67,13.3,4.985,False,2026-10-03 10:45,optimized
EV-022,68,13.3,4.985,False,2026-10-03 11:00,optimized
EV-022,69,13.3,4.985,False,2026-10-03 11:15,optimized
EV-022,70,13.3,4.985,False,2026-10-03 11:30,optimized
EV-022,71,13.3,4.985,False,2026-10-03 11:45,optimized
EV-022,72,13.3,4.985,False,2026-10-03 12:00,optimized
EV-022,73,13.3,4.985,False,2026-10-03 12:15,optimized
EV-022,74,13.3,4.985,False,2026-10-03 12:30,optimized
EV-022,75,13.3,4.985,False,2026-10-03 12:45,optimized
EV-022,76,13.3,4.985,False,2026-10-03 13:00,optimized
EV-022,77,13.3,4.985,False,2026-10-03 13:15,optimized
EV-022,78,13.3,4.985,False,2026-10-03 13:30,optimized
EV-022,79,13.3,4.985,False,2026-10-03 13:45,optimized
EV-022,80,13.3,4.985,False,2026-10-03 14:00,optimized
EV-022,81,13.3,4.985,False,2026-10-03 14:15,optimized
EV-022,82,13.3,4.985,False,2026-10-03 14:30,optimized
EV-022,83,13.3,4.985,False,2026-10-03 14:45,optimized
EV-022,84,13.3,4.985,False,2026-10-03 15:00,optimized
EV-022,85,13.3,4.985,False,2026-10-03 15:15,optimized
EV-022,86,13.3,4.985,False,2026-10-03 15:30,optimized
EV-022,87,13.3,4.985,False,2026-10-03 15:45,optimized
EV-022,88,13.3,4.985,False,2026-10-03 16:00,optimized
EV-022,89,13.3,4.985,False,2026-10-03 16:15,optimized
EV-022,90,13.3,4.985,False,2026-10-03 16:30,optimized
EV-022,91,13.3,4.985,False,2026-10-03 16:45,optimized
EV-022,92,13.3,4.985,False,2026-10-03 17:00,optimized
EV-022,93,13.3,4.985,False,2026-10-03 17:15,optimized
EV-022,94,13.3,4.985,False,2026-10-03 17:30,optimized
EV-022,95,13.3,4.985,False,2026-10-03 17:45,optimized
EV-023,0,59.0,37.789,False,2026-10-02 18:00,optimized
EV-023,1,59.0,37.789,False,2026-10-02 18:15,optimized
EV-023,2,59.0,37.789,False,2026-10-02 18:30,optimized
EV-023,3,59.0,37.789,False,2026-10-02 18:45,optimized
EV-023,4,59.0,37.789,False,2026-10-02 19:00,optimized
EV-023,5,59.0,37.789,False,2026-10-02 19:15,optimized
EV-023,6,59.0,37.789,False,2026-10-02 19:30,optimized
EV-023,7,59.0,37.789,False,2026-10-02 19:45,optimized
EV-023,8,59.0,37.789,False,2026-10-02 20:00,optimized
EV-023,9,59.0,37.789,False,2026-10-02 20:15,optimized
EV-023,10,59.0,37.789,False,2026-10-02 20:30,optimized
EV-023,11,59.0,37.789,False,2026-10-02 20:45,optimized
EV-023,12,59.0,37.789,False,2026-10-02 21:00,optimized
EV-023,13,59.0,37.789,False,2026-10-02 21:15,optimized
EV-023,14,59.0,37.789,False,2026-10-02 21:30,optimized
EV-023,15,59.0,37.789,False,2026-10-02 21:45,optimized
EV-023,16,59.0,37.789,False,2026-10-02 22:00,optimized
EV-023,17,59.0,37.789,False,2026-10-02 22:15,optimized
EV-023,18,59.0,37.789,False,2026-10-02 22:30,optimized
EV-023,19,59.0,37.789,False,2026-10-02 22:45,optimized
EV-023,20,59.0,37.789,False,2026-10-02 23:00,optimized
EV-023,21,59.0,37.789,False,2026-10-02 23:15,optimized
EV-023,22,59.0,37.789,False,2026-10-02 23:30,optimized
EV-023,23,59.0,37.789,False,2026-10-02 23:45,optimized
EV-023,24,59.0,37.789,False,2026-10-03 00:00,optimized
EV-023,25,59.0,37.789,False,2026-10-03 00:15,optimized
EV-023,26,59.0,37.789,False,2026-10-03 00:30,optimized
EV-023,27,59.0,37.789,False,2026-10-03 00:45,optimized
EV-023,28,59.0,37.789,False,2026-10-03 01:00,optimized
EV-023,29,59.0,37.789,False,2026-10-03 01:15,optimized
EV-023,30,59.0,37.789,False,2026-10-03 01:30,optimized
EV-023,31,59.0,37.789,False,2026-10-03 01:45,optimized
EV-023,32,59.0,37.789,False,2026-10-03 02:00,optimized
EV-023,33,59.0,37.789,False,2026-10-03 02:15,optimized
EV-023,34,59.0,37.789,False,2026-10-03 02:30,optimized
EV-023,35,59.0,37.789,False,2026-10-03 02:45,optimized
EV-023,36,59.0,37.789,False,2026-10-03 03:00,optimized
EV-023,37,59.0,37.789,False,2026-10-03 03:15,optimized
EV-023,38,59.0,37.789,False,2026-10-03 03:30,optimized
EV-023,39,59.0,37.789,False,2026-10-03 03:45,optimized
EV-023,40,59.0,37.789,False,2026-10-03 04:00,optimized
EV-023,41,59.0,37.789,False,2026-10-03 04:15,optimized
EV-023,42,59.0,37.789,False,2026-10-03 04:30,optimized
EV-023,43,59.0,37.789,False,2026-10-03 04:45,optimized
EV-023,44,59.0,37.789,False,2026-10-03 05:00,optimized
EV-023,45,59.0,37.789,False,2026-10-03 05:15,optimized
EV-023,46,59.0,37.789,False,2026-10-03 05:30,optimized
EV-023,47,59.0,37.789,False,2026-10-03 05:45,optimized
EV-023,48,59.0,37.789,False,2026-10-03 06:00,optimized
EV-023,49,59.0,37.789,False,2026-10-03 06:15,optimized
EV-023,50,59.0,37.789,False,2026-10-03 06:30,optimized
EV-023,51,59.0,37.789,False,2026-10-03 06:45,optimized
EV-023,52,59.0,37.789,False,2026-10-03 07:00,optimized
EV-023,53,59.0,37.789,False,2026-10-03 07:15,optimized
EV-023,54,59.0,37.789,True,2026-10-03 07:30,optimized
EV-023,55,59.0,37.789,True,2026-10-03 07:45,optimized
EV-023,56,59.0,37.789,True,2026-10-03 08:00,optimized
EV-023,57,59.0,37.789,True,2026-10-03 08:15,optimized
EV-023,58,59.0,37.789,True,2026-10-03 08:30,optimized
EV-023,59,59.0,37.789,True,2026-10-03 08:45,optimized
EV-023,60,59.0,37.789,True,2026-10-03 09:00,optimized
EV-023,61,59.0,37.789,True,2026-10-03 09:15,optimized
EV-023,62,59.0,37.789,True,2026-10-03 09:30,optimized
EV-023,63,59.0,37.789,True,2026-10-03 09:45,optimized
EV-023,64,59.0,37.789,True,2026-10-03 10:00,optimized
EV-023,65,59.0,37.789,True,2026-10-03 10:15,optimized
EV-023,66,59.0,37.789,True,2026-10-03 10:30,optimized
EV-023,67,59.0,37.789,True,2026-10-03 10:45,optimized
EV-023,68,19.5,12.461,False,2026-10-03 11:00,optimized
EV-023,69,19.5,12.461,False,2026-10-03 11:15,optimized
EV-023,70,19.5,12.461,False,2026-10-03 11:30,optimized
EV-023,71,19.5,12.461,False,2026-10-03 11:45,optimized
EV-023,72,19.5,12.461,False,2026-10-03 12:00,optimized
EV-023,73,19.5,12.461,False,2026-10-03 12:15,optimized
EV-023,74,19.5,12.461,False,2026-10-03 12:30,optimized
EV-023,75,19.5,12.461,False,2026-10-03 12:45,optimized
EV-023,76,19.5,12.461,False,2026-10-03 13:00,optimized
EV-023,77,19.5,12.461,False,2026-10-03 13:15,optimized
EV-023,78,19.5,12.461,False,2026-10-03 13:30,optimized
EV-023,79,19.5,12.461,False,2026-10-03 13:45,optimized
EV-023,80,19.5,12.461,False,2026-10-03 14:00,optimized
EV-023,81,19.5,12.461,False,2026-10-03 14:15,optimized
EV-023,82,19.5,12.461,False,2026-10-03 14:30,optimized
EV-023,83,19.5,12.461,False,2026-10-03 14:45,optimized
EV-023,84,19.5,12.461,False,2026-10-03 15:00,optimized
EV-023,85,19.5,12.461,False,2026-10-03 15:15,optimized
EV-023,86,19.5,12.461,False,2026-10-03 15:30,optimized
EV-023,87,19.5,12.461,False,2026-10-03 15:45,optimized
EV-023,88,19.5,12.461,False,2026-10-03 16:00,optimized
EV-023,89,19.5,12.461,False,2026-10-03 16:15,optimized
EV-023,90,19.5,12.461,False,2026-10-03 16:30,optimized
EV-023,91,19.5,12.461,False,2026-10-03 16:45,optimized
EV-023,92,19.5,12.461,False,2026-10-03 17:00,optimized
EV-023,93,19.5,12.461,False,2026-10-03 17:15,optimized
EV-023,94,19.5,12.461,False,2026-10-03 17:30,optimized
EV-023,95,19.5,12.461,False,2026-10-03 17:45,optimized
EV-025,0,25.4,8.799,False,2026-10-02 18:00,optimized
EV-025,1,25.4,8.799,False,2026-10-02 18:15,optimized
EV-025,2,25.4,8.799,False,2026-10-02 18:30,optimized
EV-025,3,25.4,8.799,False,2026-10-02 18:45,optimized
EV-025,4,25.4,8.799,False,2026-10-02 19:00,optimized
EV-025,5,25.4,8.799,False,2026-10-02 19:15,optimized
EV-025,6,25.4,8.799,False,2026-10-02 19:30,optimized
EV-025,7,25.4,8.799,False,2026-10-02 19:45,optimized
EV-025,8,25.4,8.799,False,2026-10-02 20:00,optimized
EV-025,9,25.4,8.799,False,2026-10-02 20:15,optimized
EV-025,10,25.4,8.799,False,2026-10-02 20:30,optimized
EV-025,11,25.4,8.799,False,2026-10-02 20:45,optimized
EV-025,12,25.4,8.799,False,2026-10-02 21:00,optimized
EV-025,13,25.4,8.799,False,2026-10-02 21:15,optimized
EV-025,14,25.4,8.799,False,2026-10-02 21:30,optimized
EV-025,15,25.4,8.799,False,2026-10-02 21:45,optimized
EV-025,16,25.4,8.799,False,2026-10-02 22:00,optimized
EV-025,17,25.4,8.799,False,2026-10-02 22:15,optimized
EV-025,18,25.4,8.799,False,2026-10-02 22:30,optimized
EV-025,19,25.4,8.799,False,2026-10-02 22:45,optimized
EV-025,20,25.4,8.799,False,2026-10-02 23:00,optimized
EV-025,21,25.4,8.799,False,2026-10-02 23:15,optimized
EV-025,22,25.4,8.799,False,2026-10-02 23:30,optimized
EV-025,23,25.4,8.799,False,2026-10-02 23:45,optimized
EV-025,24,25.4,8.799,False,2026-10-03 00:00,optimized
EV-025,25,25.4,8.799,False,2026-10-03 00:15,optimized
EV-025,26,25.4,8.799,False,2026-10-03 00:30,optimized
EV-025,27,25.4,8.799,False,2026-10-03 00:45,optimized
EV-025,28,25.4,8.799,False,2026-10-03 01:00,optimized
EV-025,29,25.4,8.799,False,2026-10-03 01:15,optimized
EV-025,30,25.4,8.799,False,2026-10-03 01:30,optimized
EV-025,31,25.4,8.799,False,2026-10-03 01:45,optimized
EV-025,32,25.4,8.799,False,2026-10-03 02:00,optimized
EV-025,33,25.4,8.799,False,2026-10-03 02:15,optimized
EV-025,34,25.4,8.799,False,2026-10-03 02:30,optimized
EV-025,35,25.4,8.799,False,2026-10-03 02:45,optimized
EV-025,36,25.4,8.799,False,2026-10-03 03:00,optimized
EV-025,37,25.4,8.799,False,2026-10-03 03:15,optimized
EV-025,38,25.4,8.799,False,2026-10-03 03:30,optimized
EV-025,39,25.4,8.799,False,2026-10-03 03:45,optimized
EV-025,40,25.4,8.799,False,2026-10-03 04:00,optimized
EV-025,41,25.4,8.799,False,2026-10-03 04:15,optimized
EV-025,42,25.4,8.799,False,2026-10-03 04:30,optimized
EV-025,43,25.4,8.799,False,2026-10-03 04:45,optimized
EV-025,44,25.4,8.799,False,2026-10-03 05:00,optimized
EV-025,45,25.4,8.799,False,2026-10-03 05:15,optimized
EV-025,46,25.4,8.799,False,2026-10-03 05:30,optimized
EV-025,47,25.4,8.799,False,2026-10-03 05:45,optimized
EV-025,48,25.4,8.799,False,2026-10-03 06:00,optimized
EV-025,49,25.4,8.799,False,2026-10-03 06:15,optimized
EV-025,50,25.4,8.799,False,2026-10-03 06:30,optimized
EV-025,51,25.4,8.799,False,2026-10-03 06:45,optimized
EV-025,52,25.4,8.799,False,2026-10-03 07:00,optimized
EV-025,53,25.4,8.799,False,2026-10-03 07:15,optimized
EV-025,54,25.4,8.799,False,2026-10-03 07:30,optimized
EV-025,55,25.4,8.799,False,2026-10-03 07:45,optimized
EV-025,56,25.4,8.799,False,2026-10-03 08:00,optimized
EV-025,57,25.4,8.799,False,2026-10-03 08:15,optimized
EV-025,58,25.4,8.799,False,2026-10-03 08:30,optimized
EV-025,59,25.4,8.799,False,2026-10-03 08:45,optimized
EV-025,60,25.4,8.799,False,2026-10-03 09:00,optimized
EV-025,61,25.4,8.799,False,2026-10-03 09:15,optimized
EV-025,62,25.4,8.799,False,2026-10-03 09:30,optimized
EV-025,63,25.4,8.799,False,2026-10-03 09:45,optimized
EV-025,64,25.4,8.799,False,2026-10-03 10:00,optimized
EV-025,65,25.4,8.799,False,2026-10-03 10:15,optimized
EV-025,66,25.4,8.799,False,2026-10-03 10:30,optimized
EV-025,67,25.4,8.799,False,2026-10-03 10:45,optimized
EV-025,68,25.4,8.799,False,2026-10-03 11:00,optimized
EV-025,69,25.4,8.799,False,2026-10-03 11:15,optimized
EV-025,70,25.4,8.799,False,2026-10-03 11:30,optimized
EV-025,71,25.4,8.799,False,2026-10-03 11:45,optimized
EV-025,72,25.4,8.799,False,2026-10-03 12:00,optimized
EV-025,73,25.4,8.799,False,2026-10-03 12:15,optimized
EV-025,74,25.4,8.799,False,2026-10-03 12:30,optimized
EV-025,75,25.4,8.799,False,2026-10-03 12:45,optimized
EV-025,76,25.4,8.799,False,2026-10-03 13:00,optimized
EV-025,77,25.4,8.799,True,2026-10-03 13:15,optimized
EV-025,78,25.4,8.799,True,2026-10-03 13:30,optimized
EV-025,79,25.4,8.799,True,2026-10-03 13:45,optimized
EV-025,80,25.4,8.799,True,2026-10-03 14:00,optimized
EV-025,81,25.4,8.799,True,2026-10-03 14:15,optimized
EV-025,82,25.4,8.799,True,2026-10-03 14:30,optimized
EV-025,83,25.4,8.799,True,2026-10-03 14:45,optimized
EV-025,84,25.4,8.799,True,2026-10-03 15:00,optimized
EV-025,85,17.3,5.985,False,2026-10-03 15:15,optimized
EV-025,86,17.3,5.985,False,2026-10-03 15:30,optimized
EV-025,87,17.3,5.985,False,2026-10-03 15:45,optimized
EV-025,88,17.3,5.985,False,2026-10-03 16:00,optimized
EV-025,89,17.3,5.985,False,2026-10-03 16:15,optimized
EV-025,90,17.3,5.985,False,2026-10-03 16:30,optimized
EV-025,91,17.3,5.985,False,2026-10-03 16:45,optimized
EV-025,92,17.3,5.985,False,2026-10-03 17:00,optimized
EV-025,93,17.3,5.985,False,2026-10-03 17:15,optimized
EV-025,94,17.3,5.985,False,2026-10-03 17:30,optimized
EV-025,95,17.3,5.985,False,2026-10-03 17:45,optimized
EV-026,0,12.9,4.845,False,2026-10-02 18:00,optimized
EV-026,1,12.9,4.845,False,2026-10-02 18:15,optimized
EV-026,2,12.9,4.845,False,2026-10-02 18:30,optimized
EV-026,3,12.9,4.845,False,2026-10-02 18:45,optimized
EV-026,4,12.9,4.845,False,2026-10-02 19:00,optimized
EV-026,5,12.9,4.845,False,2026-10-02 19:15,optimized
EV-026,6,12.9,4.845,False,2026-10-02 19:30,optimized
EV-026,7,12.9,4.845,False,2026-10-02 19:45,optimized
EV-026,8,12.9,4.845,False,2026-10-02 20:00,optimized
EV-026,9,12.9,4.845,False,2026-10-02 20:15,optimized
EV-026,10,12.9,4.845,False,2026-10-02 20:30,optimized
EV-026,11,12.9,4.845,False,2026-10-02 20:45,optimized
EV-026,12,12.9,4.845,False,2026-10-02 21:00,optimized
EV-026,13,12.9,4.845,False,2026-10-02 21:15,optimized
EV-026,14,12.9,4.845,False,2026-10-02 21:30,optimized
EV-026,15,12.9,4.845,False,2026-10-02 21:45,optimized
EV-026,16,12.9,4.845,False,2026-10-02 22:00,optimized
EV-026,17,12.9,4.845,False,2026-10-02 22:15,optimized
EV-026,18,12.9,4.845,False,2026-10-02 22:30,optimized
EV-026,19,12.9,4.845,False,2026-10-02 22:45,optimized
EV-026,20,12.9,4.845,False,2026-10-02 23:00,optimized
EV-026,21,12.9,4.845,False,2026-10-02 23:15,optimized
EV-026,22,12.9,4.845,False,2026-10-02 23:30,optimized
EV-026,23,12.9,4.845,False,2026-10-02 23:45,optimized
EV-026,24,12.9,4.845,False,2026-10-03 00:00,optimized
EV-026,25,12.9,4.845,False,2026-10-03 00:15,optimized
EV-026,26,12.9,4.845,False,2026-10-03 00:30,optimized
EV-026,27,12.9,4.845,False,2026-10-03 00:45,optimized
EV-026,28,12.9,4.845,False,2026-10-03 01:00,optimized
EV-026,29,12.9,4.845,False,2026-10-03 01:15,optimized
EV-026,30,12.9,4.845,False,2026-10-03 01:30,optimized
EV-026,31,12.9,4.845,False,2026-10-03 01:45,optimized
EV-026,32,12.9,4.845,False,2026-10-03 02:00,optimized
EV-026,33,12.9,4.845,False,2026-10-03 02:15,optimized
EV-026,34,12.9,4.845,False,2026-10-03 02:30,optimized
EV-026,35,12.9,4.845,False,2026-10-03 02:45,optimized
EV-026,36,12.9,4.845,False,2026-10-03 03:00,optimized
EV-026,37,12.9,4.845,False,2026-10-03 03:15,optimized
EV-026,38,12.9,4.845,False,2026-10-03 03:30,optimized
EV-026,39,12.9,4.845,False,2026-10-03 03:45,optimized
EV-026,40,12.9,4.845,False,2026-10-03 04:00,optimized
EV-026,41,12.9,4.845,False,2026-10-03 04:15,optimized
EV-026,42,12.9,4.845,False,2026-10-03 04:30,optimized
EV-026,43,12.9,4.845,False,2026-10-03 04:45,optimized
EV-026,44,12.9,4.845,False,2026-10-03 05:00,optimized
EV-026,45,12.9,4.845,False,2026-10-03 05:15,optimized
EV-026,46,12.9,4.845,False,2026-10-03 05:30,optimized
EV-026,47,12.9,4.845,False,2026-10-03 05:45,optimized
EV-026,48,12.9,4.845,False,2026-10-03 06:00,optimized
EV-026,49,12.9,4.845,False,2026-10-03 06:15,optimized
EV-026,50,12.9,4.845,False,2026-10-03 06:30,optimized
EV-026,51,12.9,4.845,False,2026-10-03 06:45,optimized
EV-026,52,12.9,4.845,False,2026-10-03 07:00,optimized
EV-026,53,12.9,4.845,False,2026-10-03 07:15,optimized
EV-026,54,12.9,4.845,False,2026-10-03 07:30,optimized
EV-026,55,12.9,4.845,False,2026-10-03 07:45,optimized
EV-026,56,12.9,4.845,False,2026-10-03 08:00,optimized
EV-026,57,12.9,4.845,False,2026-10-03 08:15,optimized
EV-026,58,12.9,4.845,False,2026-10-03 08:30,optimized
EV-026,59,12.9,4.845,False,2026-10-03 08:45,optimized
EV-026,60,12.9,4.845,False,2026-10-03 09:00,optimized
EV-026,61,12.9,4.845,False,2026-10-03 09:15,optimized
EV-026,62,12.9,4.845,False,2026-10-03 09:30,optimized
EV-026,63,12.9,4.845,False,2026-10-03 09:45,optimized
EV-026,64,12.9,4.845,False,2026-10-03 10:00,optimized
EV-026,65,12.9,4.845,False,2026-10-03 10:15,optimized
EV-026,66,12.9,4.845,False,2026-10-03 10:30,optimized
EV-026,67,12.9,4.845,False,2026-10-03 10:45,optimized
EV-026,68,12.9,4.845,False,2026-10-03 11:00,optimized
EV-026,69,12.9,4.845,False,2026-10-03 11:15,optimized
EV-026,70,12.9,4.845,False,2026-10-03 11:30,optimized
EV-026,71,12.9,4.845,False,2026-10-03 11:45,optimized
EV-026,72,12.9,4.845,False,2026-10-03 12:00,optimized
EV-026,73,12.9,4.845,False,2026-10-03 12:15,optimized
EV-026,74,12.9,4.845,False,2026-10-03 12:30,optimized
EV-026,75,12.9,4.845,False,2026-10-03 12:45,optimized
EV-026,76,12.9,4.845,False,2026-10-03 13:00,optimized
EV-026,77,12.9,4.845,False,2026-10-03 13:15,optimized
EV-026,78,12.9,4.845,False,2026-10-03 13:30,optimized
EV-026,79,12.9,4.845,False,2026-10-03 13:45,optimized
EV-026,80,12.9,4.845,False,2026-10-03 14:00,optimized
EV-026,81,12.9,4.845,False,2026-10-03 14:15,optimized
EV-026,82,12.9,4.845,False,2026-10-03 14:30,optimized
EV-026,83,12.9,4.845,False,2026-10-03 14:45,optimized
EV-026,84,12.9,4.845,False,2026-10-03 15:00,optimized
EV-026,85,12.9,4.845,False,2026-10-03 15:15,optimized
EV-026,86,12.9,4.845,False,2026-10-03 15:30,optimized
EV-026,87,12.9,4.845,False,2026-10-03 15:45,optimized
EV-026,88,12.9,4.845,False,2026-10-03 16:00,optimized
EV-026,89,12.9,4.845,False,2026-10-03 16:15,optimized
EV-026,90,12.9,4.845,False,2026-10-03 16:30,optimized
EV-026,91,12.9,4.845,False,2026-10-03 16:45,optimized
EV-026,92,12.9,4.845,False,2026-10-03 17:00,optimized
EV-026,93,12.9,4.845,False,2026-10-03 17:15,optimized
EV-026,94,12.9,4.845,False,2026-10-03 17:30,optimized
EV-026,95,12.9,4.845,False,2026-10-03 17:45,optimized
EV-027,0,78.7,47.488,False,2026-10-02 18:00,optimized
EV-027,1,78.7,47.488,False,2026-10-02 18:15,optimized
EV-027,2,78.7,47.488,False,2026-10-02 18:30,optimized
EV-027,3,78.7,47.488,False,2026-10-02 18:45,optimized
EV-027,4,78.7,47.488,False,2026-10-02 19:00,optimized
EV-027,5,78.7,47.488,False,2026-10-02 19:15,optimized
EV-027,6,78.7,47.488,False,2026-10-02 19:30,optimized
EV-027,7,78.7,47.488,False,2026-10-02 19:45,optimized
EV-027,8,78.7,47.488,False,2026-10-02 20:00,optimized
EV-027,9,78.7,47.488,False,2026-10-02 20:15,optimized
EV-027,10,78.7,47.488,False,2026-10-02 20:30,optimized
EV-027,11,78.7,47.488,False,2026-10-02 20:45,optimized
EV-027,12,78.7,47.488,False,2026-10-02 21:00,optimized
EV-027,13,78.7,47.488,False,2026-10-02 21:15,optimized
EV-027,14,78.7,47.488,False,2026-10-02 21:30,optimized
EV-027,15,78.7,47.488,False,2026-10-02 21:45,optimized
EV-027,16,78.7,47.488,False,2026-10-02 22:00,optimized
EV-027,17,78.7,47.488,False,2026-10-02 22:15,optimized
EV-027,18,78.7,47.488,False,2026-10-02 22:30,optimized
EV-027,19,78.7,47.488,False,2026-10-02 22:45,optimized
EV-027,20,78.7,47.488,False,2026-10-02 23:00,optimized
EV-027,21,78.7,47.488,False,2026-10-02 23:15,optimized
EV-027,22,78.7,47.488,False,2026-10-02 23:30,optimized
EV-027,23,78.7,47.488,False,2026-10-02 23:45,optimized
EV-027,24,78.7,47.488,False,2026-10-03 00:00,optimized
EV-027,25,78.7,47.488,False,2026-10-03 00:15,optimized
EV-027,26,78.7,47.488,False,2026-10-03 00:30,optimized
EV-027,27,78.7,47.488,False,2026-10-03 00:45,optimized
EV-027,28,78.7,47.488,False,2026-10-03 01:00,optimized
EV-027,29,78.7,47.488,False,2026-10-03 01:15,optimized
EV-027,30,78.7,47.488,False,2026-10-03 01:30,optimized
EV-027,31,78.7,47.488,False,2026-10-03 01:45,optimized
EV-027,32,78.7,47.488,False,2026-10-03 02:00,optimized
EV-027,33,78.7,47.488,False,2026-10-03 02:15,optimized
EV-027,34,78.7,47.488,False,2026-10-03 02:30,optimized
EV-027,35,78.7,47.488,False,2026-10-03 02:45,optimized
EV-027,36,78.7,47.488,False,2026-10-03 03:00,optimized
EV-027,37,78.7,47.488,False,2026-10-03 03:15,optimized
EV-027,38,78.7,47.488,False,2026-10-03 03:30,optimized
EV-027,39,78.7,47.488,False,2026-10-03 03:45,optimized
EV-027,40,78.7,47.488,False,2026-10-03 04:00,optimized
EV-027,41,78.7,47.488,False,2026-10-03 04:15,optimized
EV-027,42,78.7,47.488,False,2026-10-03 04:30,optimized
EV-027,43,78.7,47.488,False,2026-10-03 04:45,optimized
EV-027,44,78.7,47.488,False,2026-10-03 05:00,optimized
EV-027,45,78.7,47.488,False,2026-10-03 05:15,optimized
EV-027,46,78.7,47.488,False,2026-10-03 05:30,optimized
EV-027,47,78.7,47.488,False,2026-10-03 05:45,optimized
EV-027,48,78.7,47.488,True,2026-10-03 06:00,optimized
EV-027,49,78.7,47.488,True,2026-10-03 06:15,optimized
EV-027,50,78.7,47.488,True,2026-10-03 06:30,optimized
EV-027,51,78.7,47.488,True,2026-10-03 06:45,optimized
EV-027,52,78.7,47.488,True,2026-10-03 07:00,optimized
EV-027,53,78.7,47.488,True,2026-10-03 07:15,optimized
EV-027,54,78.7,47.488,True,2026-10-03 07:30,optimized
EV-027,55,78.7,47.488,True,2026-10-03 07:45,optimized
EV-027,56,62.6,37.803,False,2026-10-03 08:00,optimized
EV-027,57,62.6,37.803,False,2026-10-03 08:15,optimized
EV-027,58,62.6,37.803,False,2026-10-03 08:30,optimized
EV-027,59,62.6,37.803,False,2026-10-03 08:45,optimized
EV-027,60,62.6,37.803,False,2026-10-03 09:00,optimized
EV-027,61,62.6,37.803,False,2026-10-03 09:15,optimized
EV-027,62,62.6,37.803,False,2026-10-03 09:30,optimized
EV-027,63,62.6,37.803,False,2026-10-03 09:45,optimized
EV-027,64,62.6,37.803,False,2026-10-03 10:00,optimized
EV-027,65,62.6,37.803,False,2026-10-03 10:15,optimized
EV-027,66,62.6,37.803,False,2026-10-03 10:30,optimized
EV-027,67,62.6,37.803,False,2026-10-03 10:45,optimized
EV-027,68,62.6,37.803,False,2026-10-03 11:00,optimized
EV-027,69,62.6,37.803,False,2026-10-03 11:15,optimized
EV-027,70,62.6,37.803,False,2026-10-03 11:30,optimized
EV-027,71,62.6,37.803,False,2026-10-03 11:45,optimized
EV-027,72,62.6,37.803,False,2026-10-03 12:00,optimized
EV-027,73,62.6,37.803,False,2026-10-03 12:15,optimized
EV-027,74,62.6,37.803,False,2026-10-03 12:30,optimized
EV-027,75,62.6,37.803,False,2026-10-03 12:45,optimized
EV-027,76,62.6,37.803,False,2026-10-03 13:00,optimized
EV-027,77,62.6,37.803,False,2026-10-03 13:15,optimized
EV-027,78,62.6,37.803,False,2026-10-03 13:30,optimized
EV-027,79,62.6,37.803,False,2026-10-03 13:45,optimized
EV-027,80,62.6,37.803,False,2026-10-03 14:00,optimized
EV-027,81,62.6,37.803,False,2026-10-03 14:15,optimized
EV-027,82,62.6,37.803,False,2026-10-03 14:30,optimized
EV-027,83,62.6,37.803,False,2026-10-03 14:45,optimized
EV-027,84,62.6,37.803,False,2026-10-03 15:00,optimized
EV-027,85,62.6,37.803,False,2026-10-03 15:15,optimized
EV-027,86,62.6,37.803,False,2026-10-03 15:30,optimized
EV-027,87,62.6,37.803,False,2026-10-03 15:45,optimized
EV-027,88,62.6,37.803,False,2026-10-03 16:00,optimized
EV-027,89,62.6,37.803,False,2026-10-03 16:15,optimized
EV-027,90,62.6,37.803,False,2026-10-03 16:30,optimized
EV-027,91,62.6,37.803,False,2026-10-03 16:45,optimized
EV-027,92,62.6,37.803,False,2026-10-03 17:00,optimized
EV-027,93,62.6,37.803,False,2026-10-03 17:15,optimized
EV-027,94,62.6,37.803,False,2026-10-03 17:30,optimized
EV-027,95,62.6,37.803,False,2026-10-03 17:45,optimized
EV-028,0,22.8,14.699,False,2026-10-02 18:00,optimized
EV-028,1,22.8,14.699,False,2026-10-02 18:15,optimized
EV-028,2,22.8,14.699,False,2026-10-02 18:30,optimized
EV-028,3,22.8,14.699,False,2026-10-02 18:45,optimized
EV-028,4,22.8,14.699,False,2026-10-02 19:00,optimized
EV-028,5,22.8,14.699,False,2026-10-02 19:15,optimized
EV-028,6,22.8,14.699,False,2026-10-02 19:30,optimized
EV-028,7,22.8,14.699,False,2026-10-02 19:45,optimized
EV-028,8,22.8,14.699,False,2026-10-02 20:00,optimized
EV-028,9,22.8,14.699,False,2026-10-02 20:15,optimized
EV-028,10,22.8,14.699,False,2026-10-02 20:30,optimized
EV-028,11,22.8,14.699,False,2026-10-02 20:45,optimized
EV-028,12,22.8,14.699,False,2026-10-02 21:00,optimized
EV-028,13,22.8,14.699,False,2026-10-02 21:15,optimized
EV-028,14,22.8,14.699,False,2026-10-02 21:30,optimized
EV-028,15,22.8,14.699,False,2026-10-02 21:45,optimized
EV-028,16,22.8,14.699,False,2026-10-02 22:00,optimized
EV-028,17,22.8,14.699,False,2026-10-02 22:15,optimized
EV-028,18,22.8,14.699,False,2026-10-02 22:30,optimized
EV-028,19,22.8,14.699,False,2026-10-02 22:45,optimized
EV-028,20,22.8,14.699,False,2026-10-02 23:00,optimized
EV-028,21,22.8,14.699,False,2026-10-02 23:15,optimized
EV-028,22,22.8,14.699,False,2026-10-02 23:30,optimized
EV-028,23,22.8,14.699,False,2026-10-02 23:45,optimized
EV-028,24,22.8,14.699,False,2026-10-03 00:00,optimized
EV-028,25,22.8,14.699,False,2026-10-03 00:15,optimized
EV-028,26,22.8,14.699,False,2026-10-03 00:30,optimized
EV-028,27,22.8,14.699,False,2026-10-03 00:45,optimized
EV-028,28,22.8,14.699,False,2026-10-03 01:00,optimized
EV-028,29,22.8,14.699,False,2026-10-03 01:15,optimized
EV-028,30,22.8,14.699,False,2026-10-03 01:30,optimized
EV-028,31,22.8,14.699,False,2026-10-03 01:45,optimized
EV-028,32,22.8,14.699,False,2026-10-03 02:00,optimized
EV-028,33,22.8,14.699,False,2026-10-03 02:15,optimized
EV-028,34,22.8,14.699,False,2026-10-03 02:30,optimized
EV-028,35,22.8,14.699,False,2026-10-03 02:45,optimized
EV-028,36,22.8,14.699,False,2026-10-03 03:00,optimized
EV-028,37,22.8,14.699,False,2026-10-03 03:15,optimized
EV-028,38,22.8,14.699,False,2026-10-03 03:30,optimized
EV-028,39,22.8,14.699,False,2026-10-03 03:45,optimized
EV-028,40,22.8,14.699,False,2026-10-03 04:00,optimized
EV-028,41,22.8,14.699,False,2026-10-03 04:15,optimized
EV-028,42,22.8,14.699,False,2026-10-03 04:30,optimized
EV-028,43,22.8,14.699,False,2026-10-03 04:45,optimized
EV-028,44,22.8,14.699,False,2026-10-03 05:00,optimized
EV-028,45,22.8,14.699,False,2026-10-03 05:15,optimized
EV-028,46,22.8,14.699,False,2026-10-03 05:30,optimized
EV-028,47,22.8,14.699,False,2026-10-03 05:45,optimized
EV-028,48,22.8,14.699,False,2026-10-03 06:00,optimized
EV-028,49,22.8,14.699,False,2026-10-03 06:15,optimized
EV-028,50,22.8,14.699,False,2026-10-03 06:30,optimized
EV-028,51,22.8,14.699,False,2026-10-03 06:45,optimized
EV-028,52,22.8,14.699,False,2026-10-03 07:00,optimized
EV-028,53,22.8,14.699,False,2026-10-03 07:15,optimized
EV-028,54,22.8,14.699,False,2026-10-03 07:30,optimized
EV-028,55,22.8,14.699,False,2026-10-03 07:45,optimized
EV-028,56,22.8,14.699,False,2026-10-03 08:00,optimized
EV-028,57,22.8,14.699,False,2026-10-03 08:15,optimized
EV-028,58,22.8,14.699,False,2026-10-03 08:30,optimized
EV-028,59,22.8,14.699,False,2026-10-03 08:45,optimized
EV-028,60,22.8,14.699,False,2026-10-03 09:00,optimized
EV-028,61,22.8,14.699,False,2026-10-03 09:15,optimized
EV-028,62,22.8,14.699,False,2026-10-03 09:30,optimized
EV-028,63,22.8,14.699,False,2026-10-03 09:45,optimized
EV-028,64,22.8,14.699,False,2026-10-03 10:00,optimized
EV-028,65,22.8,14.699,False,2026-10-03 10:15,optimized
EV-028,66,22.8,14.699,False,2026-10-03 10:30,optimized
EV-028,67,22.8,14.699,False,2026-10-03 10:45,optimized
EV-028,68,22.8,14.699,False,2026-10-03 11:00,optimized
EV-028,69,22.8,14.699,False,2026-10-03 11:15,optimized
EV-028,70,22.8,14.699,False,2026-10-03 11:30,optimized
EV-028,71,22.8,14.699,False,2026-10-03 11:45,optimized
EV-028,72,22.8,14.699,False,2026-10-03 12:00,optimized
EV-028,73,22.8,14.699,False,2026-10-03 12:15,optimized
EV-028,74,22.8,14.699,False,2026-10-03 12:30,optimized
EV-028,75,22.8,14.699,False,2026-10-03 12:45,optimized
EV-028,76,22.8,14.699,False,2026-10-03 13:00,optimized
EV-028,77,22.8,14.699,False,2026-10-03 13:15,optimized
EV-028,78,22.8,14.699,False,2026-10-03 13:30,optimized
EV-028,79,22.8,14.699,False,2026-10-03 13:45,optimized
EV-028,80,22.8,14.699,False,2026-10-03 14:00,optimized
EV-028,81,22.8,14.699,False,2026-10-03 14:15,optimized
EV-028,82,22.8,14.699,False,2026-10-03 14:30,optimized
EV-028,83,22.8,14.699,False,2026-10-03 14:45,optimized
EV-028,84,22.8,14.699,False,2026-10-03 15:00,optimized
EV-028,85,22.8,14.699,False,2026-10-03 15:15,optimized
EV-028,86,22.8,14.699,False,2026-10-03 15:30,optimized
EV-028,87,22.8,14.699,False,2026-10-03 15:45,optimized
EV-028,88,22.8,14.699,False,2026-10-03 16:00,optimized
EV-028,89,22.8,14.699,False,2026-10-03 16:15,optimized
EV-028,90,22.8,14.699,False,2026-10-03 16:30,optimized
EV-028,91,22.8,14.699,False,2026-10-03 16:45,optimized
EV-028,92,22.8,14.699,False,2026-10-03 17:00,optimized
EV-028,93,22.8,14.699,False,2026-10-03 17:15,optimized
EV-028,94,22.8,14.699,False,2026-10-03 17:30,optimized
EV-028,95,22.8,14.699,False,2026-10-03 17:45,optimized
EV-029,0,37.4,22.332,False,2026-10-02 18:00,optimized
EV-029,1,37.4,22.332,False,2026-10-02 18:15,optimized
EV-029,2,37.4,22.332,False,2026-10-02 18:30,optimized
EV-029,3,37.4,22.332,False,2026-10-02 18:45,optimized
EV-029,4,37.4,22.332,False,2026-10-02 19:00,optimized
EV-029,5,37.4,22.332,False,2026-10-02 19:15,optimized
EV-029,6,37.4,22.332,False,2026-10-02 19:30,optimized
EV-029,7,37.4,22.332,False,2026-10-02 19:45,optimized
EV-029,8,37.4,22.332,False,2026-10-02 20:00,optimized
EV-029,9,37.4,22.332,False,2026-10-02 20:15,optimized
EV-029,10,37.4,22.332,False,2026-10-02 20:30,optimized
EV-029,11,37.4,22.332,False,2026-10-02 20:45,optimized
EV-029,12,37.4,22.332,False,2026-10-02 21:00,optimized
EV-029,13,37.4,22.332,False,2026-10-02 21:15,optimized
EV-029,14,37.4,22.332,False,2026-10-02 21:30,optimized
EV-029,15,37.4,22.332,False,2026-10-02 21:45,optimized
EV-029,16,37.4,22.332,False,2026-10-02 22:00,optimized
EV-029,17,37.4,22.332,False,2026-10-02 22:15,optimized
EV-029,18,37.4,22.332,False,2026-10-02 22:30,optimized
EV-029,19,37.4,22.332,False,2026-10-02 22:45,optimized
EV-029,20,37.4,22.332,False,2026-10-02 23:00,optimized
EV-029,21,37.4,22.332,False,2026-10-02 23:15,optimized
EV-029,22,37.4,22.332,False,2026-10-02 23:30,optimized
EV-029,23,37.4,22.332,False,2026-10-02 23:45,optimized
EV-029,24,37.4,22.332,False,2026-10-03 00:00,optimized
EV-029,25,37.4,22.332,False,2026-10-03 00:15,optimized
EV-029,26,37.4,22.332,False,2026-10-03 00:30,optimized
EV-029,27,37.4,22.332,False,2026-10-03 00:45,optimized
EV-029,28,37.4,22.332,False,2026-10-03 01:00,optimized
EV-029,29,37.4,22.332,False,2026-10-03 01:15,optimized
EV-029,30,37.4,22.332,False,2026-10-03 01:30,optimized
EV-029,31,37.4,22.332,False,2026-10-03 01:45,optimized
EV-029,32,37.4,22.332,False,2026-10-03 02:00,optimized
EV-029,33,37.4,22.332,False,2026-10-03 02:15,optimized
EV-029,34,37.4,22.332,False,2026-10-03 02:30,optimized
EV-029,35,37.4,22.332,False,2026-10-03 02:45,optimized
EV-029,36,37.4,22.332,False,2026-10-03 03:00,optimized
EV-029,37,37.4,22.332,False,2026-10-03 03:15,optimized
EV-029,38,37.4,22.332,False,2026-10-03 03:30,optimized
EV-029,39,37.4,22.332,False,2026-10-03 03:45,optimized
EV-029,40,37.4,22.332,False,2026-10-03 04:00,optimized
EV-029,41,37.4,22.332,False,2026-10-03 04:15,optimized
EV-029,42,37.4,22.332,False,2026-10-03 04:30,optimized
EV-029,43,37.4,22.332,False,2026-10-03 04:45,optimized
EV-029,44,37.4,22.332,False,2026-10-03 05:00,optimized
EV-029,45,37.4,22.332,False,2026-10-03 05:15,optimized
EV-029,46,37.4,22.332,False,2026-10-03 05:30,optimized
EV-029,47,37.4,22.332,False,2026-10-03 05:45,optimized
EV-029,48,37.4,22.332,False,2026-10-03 06:00,optimized
EV-029,49,37.4,22.332,False,2026-10-03 06:15,optimized
EV-029,50,37.4,22.332,False,2026-10-03 06:30,optimized
EV-029,51,37.4,22.332,False,2026-10-03 06:45,optimized
EV-029,52,37.4,22.332,False,2026-10-03 07:00,optimized
EV-029,53,37.4,22.332,False,2026-10-03 07:15,optimized
EV-029,54,37.4,22.332,False,2026-10-03 07:30,optimized
EV-029,55,37.4,22.332,False,2026-10-03 07:45,optimized
EV-029,56,37.4,22.332,False,2026-10-03 08:00,optimized
EV-029,57,37.4,22.332,False,2026-10-03 08:15,optimized
EV-029,58,37.4,22.332,False,2026-10-03 08:30,optimized
EV-029,59,37.4,22.332,False,2026-10-03 08:45,optimized
EV-029,60,37.4,22.332,False,2026-10-03 09:00,optimized
EV-029,61,37.4,22.332,False,2026-10-03 09:15,optimized
EV-029,62,37.4,22.332,False,2026-10-03 09:30,optimized
EV-029,63,37.4,22.332,False,2026-10-03 09:45,optimized
EV-029,64,37.4,22.332,False,2026-10-03 10:00,optimized
EV-029,65,37.4,22.332,False,2026-10-03 10:15,optimized
EV-029,66,37.4,22.332,False,2026-10-03 10:30,optimized
EV-029,67,37.4,22.332,False,2026-10-03 10:45,optimized
EV-029,68,37.4,22.332,False,2026-10-03 11:00,optimized
EV-029,69,37.4,22.332,False,2026-10-03 11:15,optimized
EV-029,70,37.4,22.332,False,2026-10-03 11:30,optimized
EV-029,71,37.4,22.332,False,2026-10-03 11:45,optimized
EV-029,72,37.4,22.332,False,2026-10-03 12:00,optimized
EV-029,73,37.4,22.332,False,2026-10-03 12:15,optimized
EV-029,74,37.4,22.332,False,2026-10-03 12:30,optimized
EV-029,75,37.4,22.332,False,2026-10-03 12:45,optimized
EV-029,76,37.4,22.332,False,2026-10-03 13:00,optimized
EV-029,77,37.4,22.332,False,2026-10-03 13:15,optimized
EV-029,78,37.4,22.332,False,2026-10-03 13:30,optimized
EV-029,79,37.4,22.332,False,2026-10-03 13:45,optimized
EV-029,80,37.4,22.332,False,2026-10-03 14:00,optimized
EV-029,81,37.4,22.332,False,2026-10-03 14:15,optimized
EV-029,82,37.4,22.332,False,2026-10-03 14:30,optimized
EV-029,83,37.4,22.332,False,2026-10-03 14:45,optimized
EV-029,84,37.4,22.332,False,2026-10-03 15:00,optimized
EV-029,85,37.4,22.332,False,2026-10-03 15:15,optimized
EV-029,86,37.4,22.332,False,2026-10-03 15:30,optimized
EV-029,87,37.4,22.332,False,2026-10-03 15:45,optimized
EV-029,88,37.4,22.332,False,2026-10-03 16:00,optimized
EV-029,89,37.4,22.332,False,2026-10-03 16:15,optimized
EV-029,90,37.4,22.332,False,2026-10-03 16:30,optimized
EV-029,91,37.4,22.332,False,2026-10-03 16:45,optimized
EV-029,92,37.4,22.332,False,2026-10-03 17:00,optimized
EV-029,93,37.4,22.332,False,2026-10-03 17:15,optimized
EV-029,94,37.4,22.332,False,2026-10-03 17:30,optimized
EV-029,95,37.4,22.332,False,2026-10-03 17:45,optimized
EV-030,0,34.2,20.732,False,2026-10-02 18:00,optimized
EV-030,1,34.2,20.732,False,2026-10-02 18:15,optimized
EV-030,2,34.2,20.732,False,2026-10-02 18:30,optimized
EV-030,3,34.2,20.732,False,2026-10-02 18:45,optimized
EV-030,4,34.2,20.732,False,2026-10-02 19:00,optimized
EV-030,5,34.2,20.732,False,2026-10-02 19:15,optimized
EV-030,6,34.2,20.732,False,2026-10-02 19:30,optimized
EV-030,7,34.2,20.732,False,2026-10-02 19:45,optimized
EV-030,8,34.2,20.732,False,2026-10-02 20:00,optimized
EV-030,9,34.2,20.732,False,2026-10-02 20:15,optimized
EV-030,10,34.2,20.732,False,2026-10-02 20:30,optimized
EV-030,11,34.2,20.732,False,2026-10-02 20:45,optimized
EV-030,12,34.2,20.732,False,2026-10-02 21:00,optimized
EV-030,13,34.2,20.732,False,2026-10-02 21:15,optimized
EV-030,14,34.2,20.732,False,2026-10-02 21:30,optimized
EV-030,15,34.2,20.732,False,2026-10-02 21:45,optimized
EV-030,16,34.2,20.732,False,2026-10-02 22:00,optimized
EV-030,17,34.2,20.732,False,2026-10-02 22:15,optimized
EV-030,18,34.2,20.732,False,2026-10-02 22:30,optimized
EV-030,19,34.2,20.732,False,2026-10-02 22:45,optimized
EV-030,20,34.2,20.732,False,2026-10-02 23:00,optimized
EV-030,21,34.2,20.732,False,2026-10-02 23:15,optimized
EV-030,22,34.2,20.732,False,2026-10-02 23:30,optimized
EV-030,23,34.2,20.732,False,2026-10-02 23:45,optimized
EV-030,24,34.2,20.732,False,2026-10-03 00:00,optimized
EV-030,25,34.2,20.732,False,2026-10-03 00:15,optimized
EV-030,26,34.2,20.732,False,2026-10-03 00:30,optimized
EV-030,27,34.2,20.732,False,2026-10-03 00:45,optimized
EV-030,28,34.2,20.732,False,2026-10-03 01:00,optimized
EV-030,29,34.2,20.732,False,2026-10-03 01:15,optimized
EV-030,30,34.2,20.732,False,2026-10-03 01:30,optimized
EV-030,31,34.2,20.732,False,2026-10-03 01:45,optimized
EV-030,32,34.2,20.732,False,2026-10-03 02:00,optimized
EV-030,33,34.2,20.732,False,2026-10-03 02:15,optimized
EV-030,34,34.2,20.732,False,2026-10-03 02:30,optimized
EV-030,35,34.2,20.732,False,2026-10-03 02:45,optimized
EV-030,36,34.2,20.732,False,2026-10-03 03:00,optimized
EV-030,37,34.2,20.732,False,2026-10-03 03:15,optimized
EV-030,38,34.2,20.732,False,2026-10-03 03:30,optimized
EV-030,39,34.2,20.732,False,2026-10-03 03:45,optimized
EV-030,40,34.2,20.732,False,2026-10-03 04:00,optimized
EV-030,41,34.2,20.732,False,2026-10-03 04:15,optimized
EV-030,42,34.2,20.732,False,2026-10-03 04:30,optimized
EV-030,43,34.2,20.732,False,2026-10-03 04:45,optimized
EV-030,44,34.2,20.732,False,2026-10-03 05:00,optimized
EV-030,45,34.2,20.732,False,2026-10-03 05:15,optimized
EV-030,46,34.2,20.732,False,2026-10-03 05:30,optimized
EV-030,47,34.2,20.732,False,2026-10-03 05:45,optimized
EV-030,48,34.2,20.732,False,2026-10-03 06:00,optimized
EV-030,49,34.2,20.732,False,2026-10-03 06:15,optimized
EV-030,50,34.2,20.732,False,2026-10-03 06:30,optimized
EV-030,51,34.2,20.732,False,2026-10-03 06:45,optimized
EV-030,52,34.2,20.732,False,2026-10-03 07:00,optimized
EV-030,53,34.2,20.732,False,2026-10-03 07:15,optimized
EV-030,54,34.2,20.732,False,2026-10-03 07:30,optimized
EV-030,55,34.2,20.732,False,2026-10-03 07:45,optimized
EV-030,56,34.2,20.732,False,2026-10-03 08:00,optimized
EV-030,57,34.2,20.732,False,2026-10-03 08:15,optimized
EV-030,58,34.2,20.732,False,2026-10-03 08:30,optimized
EV-030,59,34.2,20.732,False,2026-10-03 08:45,optimized
EV-030,60,34.2,20.732,False,2026-10-03 09:00,optimized
EV-030,61,34.2,20.732,False,2026-10-03 09:15,optimized
EV-030,62,34.2,20.732,False,2026-10-03 09:30,optimized
EV-030,63,34.2,20.732,False,2026-10-03 09:45,optimized
EV-030,64,34.2,20.732,False,2026-10-03 10:00,optimized
EV-030,65,34.2,20.732,False,2026-10-03 10:15,optimized
EV-030,66,34.2,20.732,False,2026-10-03 10:30,optimized
EV-030,67,34.2,20.732,False,2026-10-03 10:45,optimized
EV-030,68,34.2,20.732,False,2026-10-03 11:00,optimized
EV-030,69,34.2,20.732,False,2026-10-03 11:15,optimized
EV-030,70,34.2,20.732,False,2026-10-03 11:30,optimized
EV-030,71,34.2,20.732,False,2026-10-03 11:45,optimized
EV-030,72,34.2,20.732,False,2026-10-03 12:00,optimized
EV-030,73,34.2,20.732,False,2026-10-03 12:15,optimized
EV-030,74,34.2,20.732,False,2026-10-03 12:30,optimized
EV-030,75,34.2,20.732,False,2026-10-03 12:45,optimized
EV-030,76,34.2,20.732,False,2026-10-03 13:00,optimized
EV-030,77,34.2,20.732,False,2026-10-03 13:15,optimized
EV-030,78,34.2,20.732,False,2026-10-03 13:30,optimized
EV-030,79,34.2,20.732,False,2026-10-03 13:45,optimized
EV-030,80,34.2,20.732,False,2026-10-03 14:00,optimized
EV-030,81,34.2,20.732,False,2026-10-03 14:15,optimized
EV-030,82,34.2,20.732,False,2026-10-03 14:30,optimized
EV-030,83,34.2,20.732,False,2026-10-03 14:45,optimized
EV-030,84,34.2,20.732,False,2026-10-03 15:00,optimized
EV-030,85,34.2,20.732,False,2026-10-03 15:15,optimized
EV-030,86,34.2,20.732,False,2026-10-03 15:30,optimized
EV-030,87,34.2,20.732,False,2026-10-03 15:45,optimized
EV-030,88,34.2,20.732,False,2026-10-03 16:00,optimized
EV-030,89,34.2,20.732,False,2026-10-03 16:15,optimized
EV-030,90,34.2,20.732,False,2026-10-03 16:30,optimized
EV-030,91,34.2,20.732,False,2026-10-03 16:45,optimized
EV-030,92,34.2,20.732,False,2026-10-03 17:00,optimized
EV-030,93,34.2,20.732,False,2026-10-03 17:15,optimized
EV-030,94,34.2,20.732,False,2026-10-03 17:30,optimized
EV-030,95,34.2,20.732,False,2026-10-03 17:45,optimized
