vehicle_id,slot,soc_pct,energy_kwh,on_trip,timestamp,plan
EV-001,0,8.0,5.482,False,2026-10-02 18:00,baseline
EV-003,0,42.0,47.729,False,2026-10-02 18:00,baseline
EV-004,0,34.3,20.649,False,2026-10-02 18:00,baseline
EV-005,0,29.7,35.07,False,2026-10-02 18:00,baseline
EV-006,0,67.1,23.431,False,2026-10-02 18:00,baseline
EV-007,0,51.9,18.809,False,2026-10-02 18:00,baseline
EV-008,0,46.1,28.527,False,2026-10-02 18:00,baseline
EV-009,0,36.8,14.352,False,2026-10-02 18:00,baseline
EV-010,0,36.0,21.949,False,2026-10-02 18:00,baseline
EV-011,0,27.9,18.671,False,2026-10-02 18:00,baseline
EV-012,0,49.5,17.167,False,2026-10-02 18:00,baseline
EV-013,0,45.7,30.231,False,2026-10-02 18:00,baseline
EV-014,0,32.1,11.761,False,2026-10-02 18:00,baseline
EV-015,0,45.4,16.199,False,2026-10-02 18:00,baseline
EV-016,0,41.9,27.863,False,2026-10-02 18:00,baseline
EV-017,0,42.3,14.619,False,2026-10-02 18:00,baseline
EV-018,0,45.0,27.5,False,2026-10-02 18:00,baseline
EV-019,0,13.3,5.027,False,2026-10-02 18:00,baseline
EV-020,0,29.3,34.668,False,2026-10-02 18:00,baseline
EV-001,1,8.0,5.482,False,2026-10-02 18:15,baseline
EV-003,1,44.2,50.259,False,2026-10-02 18:15,baseline
EV-004,1,34.3,20.649,False,2026-10-02 18:15,baseline
EV-005,1,31.8,37.6,False,2026-10-02 18:15,baseline
EV-006,1,67.1,23.431,False,2026-10-02 18:15,baseline
EV-007,1,56.6,20.511,False,2026-10-02 18:15,baseline
EV-008,1,46.1,28.527,False,2026-10-02 18:15,baseline
EV-009,1,41.2,16.054,False,2026-10-02 18:15,baseline
EV-010,1,36.0,21.949,False,2026-10-02 18:15,baseline
EV-011,1,31.7,21.201,False,2026-10-02 18:15,baseline
EV-012,1,54.4,18.869,False,2026-10-02 18:15,baseline
EV-013,1,54.8,36.224,False,2026-10-02 18:15,baseline
EV-014,1,32.1,11.761,False,2026-10-02 18:15,baseline
EV-015,1,51.5,18.385,False,2026-10-02 18:15,baseline
EV-016,1,41.9,27.863,False,2026-10-02 18:15,baseline
EV-017,1,42.3,14.619,False,2026-10-02 18:15,baseline
EV-018,1,45.0,27.5,False,2026-10-02 18:15,baseline
EV-019,1,13.3,5.027,False,2026-10-02 18:15,baseline
EV-020,1,29.3,34.668,False,2026-10-02 18:15,baseline
EV-001,2,8.0,5.482,False,2026-10-02 18:30,baseline
EV-003,2,46.5,52.789,False,2026-10-02 18:30,baseline
EV-004,2,34.3,20.649,False,2026-10-02 18:30,baseline
EV-005,2,34.0,40.13,False,2026-10-02 18:30,baseline
EV-006,2,67.1,23.431,False,2026-10-02 18:30,baseline
EV-007,2,61.3,22.213,False,2026-10-02 18:30,baseline
EV-008,2,46.1,28.527,False,2026-10-02 18:30,baseline
EV-009,2,45.5,17.756,False,2026-10-02 18:30,baseline
EV-010,2,36.0,21.949,False,2026-10-02 18:30,baseline
EV-011,2,35.5,23.731,False,2026-10-02 18:30,baseline
EV-012,2,59.3,20.571,False,2026-10-02 18:30,baseline
EV-013,2,63.8,42.216,False,2026-10-02 18:30,baseline
EV-014,2,38.1,13.947,False,2026-10-02 18:30,baseline
EV-015,2,51.5,18.385,False,2026-10-02 18:30,baseline
EV-016,2,41.9,27.863,False,2026-10-02 18:30,baseline
EV-017,2,42.3,14.619,False,2026-10-02 18:30,baseline
EV-018,2,45.0,27.5,False,2026-10-02 18:30,baseline
EV-019,2,13.3,5.027,False,2026-10-02 18:30,baseline
EV-020,2,29.3,34.668,False,2026-10-02 18:30,baseline
EV-001,3,8.0,5.482,False,2026-10-02 18:45,baseline
EV-003,3,48.7,55.319,False,2026-10-02 18:45,baseline
EV-004,3,34.3,20.649,False,2026-10-02 18:45,baseline
EV-005,3,36.1,42.66,False,2026-10-02 18:45,baseline
EV-006,3,67.1,23.431,False,2026-10-02 18:45,baseline
EV-007,3,66.0,23.915,False,2026-10-02 18:45,baseline
EV-008,3,46.1,28.527,False,2026-10-02 18:45,baseline
EV-009,3,49.9,19.458,False,2026-10-02 18:45,baseline
EV-010,3,36.0,21.949,False,2026-10-02 18:45,baseline
EV-011,3,39.2,26.261,False,2026-10-02 18:45,baseline
EV-012,3,64.2,22.273,False,2026-10-02 18:45,baseline
EV-013,3,72.9,48.209,False,2026-10-02 18:45,baseline
EV-014,3,44.0,16.132,False,2026-10-02 18:45,baseline
EV-015,3,51.5,18.385,False,2026-10-02 18:45,baseline
EV-016,3,41.9,27.863,False,2026-10-02 18:45,baseline
EV-017,3,42.3,14.619,False,2026-10-02 18:45,baseline
EV-018,3,45.0,27.5,False,2026-10-02 18:45,baseline
EV-019,3,13.3,5.027,False,2026-10-02 18:45,baseline
EV-020,3,29.3,34.668,False,2026-10-02 18:45,baseline
EV-001,4,8.0,5.482,False,2026-10-02 19:00,baseline
EV-003,4,50.9,57.849,False,2026-10-02 19:00,baseline
EV-004,4,34.3,20.649,False,2026-10-02 19:00,baseline
EV-005,4,38.3,45.19,False,2026-10-02 19:00,baseline
EV-006,4,67.1,23.431,False,2026-10-02 19:00,baseline
EV-007,4,70.7,25.617,False,2026-10-02 19:00,baseline
EV-008,4,46.1,28.527,False,2026-10-02 19:00,baseline
EV-009,4,54.3,21.16,False,2026-10-02 19:00,baseline
EV-010,4,36.0,21.949,False,2026-10-02 19:00,baseline
EV-011,4,43.0,28.791,False,2026-10-02 19:00,baseline
EV-012,4,69.1,23.975,False,2026-10-02 19:00,baseline
EV-013,4,81.9,54.201,False,2026-10-02 19:00,baseline
EV-014,4,50.0,18.318,False,2026-10-02 19:00,baseline
EV-015,4,51.5,18.385,False,2026-10-02 19:00,baseline
EV-016,4,41.9,27.863,False,2026-10-02 19:00,baseline
EV-017,4,42.3,14.619,False,2026-10-02 19:00,baseline
EV-018,4,45.0,27.5,False,2026-10-02 19:00,baseline
EV-019,4,13.3,5.027,False,2026-10-02 19:00,baseline
EV-020,4,29.3,34.668,False,2026-10-02 19:00,baseline
EV-001,5,8.0,5.482,False,2026-10-02 19:15,baseline
EV-003,5,53.1,60.379,False,2026-10-02 19:15,baseline
EV-004,5,34.3,20.649,False,2026-10-02 19:15,baseline
EV-005,5,40.4,47.72,False,2026-10-02 19:15,baseline
EV-006,5,67.1,23.431,False,2026-10-02 19:15,baseline
EV-007,5,75.4,27.319,False,2026-10-02 19:15,baseline
EV-008,5,46.1,28.527,False,2026-10-02 19:15,baseline
EV-009,5,58.6,22.862,False,2026-10-02 19:15,baseline
EV-010,5,36.0,21.949,False,2026-10-02 19:15,baseline
EV-011,5,46.8,31.321,False,2026-10-02 19:15,baseline
EV-012,5,74.0,25.677,False,2026-10-02 19:15,baseline
EV-013,5,90.0,59.535,False,2026-10-02 19:15,baseline
EV-014,5,57.8,21.162,False,2026-10-02 19:15,baseline
EV-015,5,51.5,18.385,False,2026-10-02 19:15,baseline
EV-016,5,41.9,27.863,False,2026-10-02 19:15,baseline
EV-017,5,42.3,14.619,False,2026-10-02 19:15,baseline
EV-018,5,45.0,27.5,False,2026-10-02 19:15,baseline
EV-019,5,13.3,5.027,False,2026-10-02 19:15,baseline
EV-020,5,29.3,34.668,False,2026-10-02 19:15,baseline
EV-001,6,8.0,5.482,False,2026-10-02 19:30,baseline
EV-003,6,55.4,62.909,True,2026-10-02 19:30,baseline
EV-004,6,34.3,20.649,False,2026-10-02 19:30,baseline
EV-005,6,42.6,50.25,False,2026-10-02 19:30,baseline
EV-006,6,72.0,25.133,False,2026-10-02 19:30,baseline
EV-007,6,80.1,29.021,False,2026-10-02 19:30,baseline
EV-008,6,46.1,28.527,False,2026-10-02 19:30,baseline
EV-009,6,63.0,24.564,False,2026-10-02 19:30,baseline
EV-010,6,36.0,21.949,False,2026-10-02 19:30,baseline
EV-011,6,50.6,33.851,False,2026-10-02 19:30,baseline
EV-012,6,90.0,31.212,False,2026-10-02 19:30,baseline
EV-013,6,90.0,59.535,False,2026-10-02 19:30,baseline
EV-014,6,65.0,23.805,False,2026-10-02 19:30,baseline
EV-015,6,51.5,18.385,False,2026-10-02 19:30,baseline
EV-016,6,41.9,27.863,False,2026-10-02 19:30,baseline
EV-017,6,42.3,14.619,False,2026-10-02 19:30,baseline
EV-018,6,45.0,27.5,False,2026-10-02 19:30,baseline
EV-019,6,13.3,5.027,False,2026-10-02 19:30,baseline
EV-020,6,29.3,34.668,False,2026-10-02 19:30,baseline
EV-001,7,8.0,5.482,False,2026-10-02 19:45,baseline
EV-003,7,55.4,62.909,True,2026-10-02 19:45,baseline
EV-004,7,34.3,20.649,False,2026-10-02 19:45,baseline
EV-005,7,44.7,52.78,False,2026-10-02 19:45,baseline
EV-006,7,76.8,26.835,False,2026-10-02 19:45,baseline
EV-007,7,84.8,30.723,False,2026-10-02 19:45,baseline
EV-008,7,46.1,28.527,False,2026-10-02 19:45,baseline
EV-009,7,67.3,26.266,False,2026-10-02 19:45,baseline
EV-010,7,36.0,21.949,False,2026-10-02 19:45,baseline
EV-011,7,54.4,36.381,False,2026-10-02 19:45,baseline
EV-012,7,90.0,31.212,False,2026-10-02 19:45,baseline
EV-013,7,90.0,59.535,False,2026-10-02 19:45,baseline
EV-014,7,69.6,25.507,False,2026-10-02 19:45,baseline
EV-015,7,68.3,24.377,False,2026-10-02 19:45,baseline
EV-016,7,46.5,30.895,False,2026-10-02 19:45,baseline
EV-017,7,42.3,14.619,False,2026-10-02 19:45,baseline
EV-018,7,45.0,27.5,False,2026-10-02 19:45,baseline
EV-019,7,13.3,5.027,False,2026-10-02 19:45,baseline
EV-020,7,29.3,34.668,False,2026-10-02 19:45,baseline
EV-001,8,8.0,5.482,False,2026-10-02 20:00,baseline
EV-003,8,55.4,62.909,True,2026-10-02 20:00,baseline
EV-004,8,34.3,20.649,False,2026-10-02 20:00,baseline
EV-005,8,46.8,55.31,False,2026-10-02 20:00,baseline
EV-006,8,81.7,28.537,False,2026-10-02 20:00,baseline
EV-007,8,89.5,32.425,False,2026-10-02 20:00,baseline
EV-008,8,46.1,28.527,False,2026-10-02 20:00,baseline
EV-009,8,71.7,27.968,False,2026-10-02 20:00,baseline
EV-010,8,36.0,21.949,False,2026-10-02 20:00,baseline
EV-011,8,58.1,38.911,False,2026-10-02 20:00,baseline
EV-012,8,90.0,31.212,False,2026-10-02 20:00,baseline
EV-013,8,90.0,59.535,False,2026-10-02 20:00,baseline
EV-014,8,74.3,27.209,False,2026-10-02 20:00,baseline
EV-015,8,85.1,30.37,False,2026-10-02 20:00,baseline
EV-016,8,51.0,33.926,False,2026-10-02 20:00,baseline
EV-017,8,42.3,14.619,False,2026-10-02 20:00,baseline
EV-018,8,45.0,27.5,False,2026-10-02 20:00,baseline
EV-019,8,13.3,5.027,False,2026-10-02 20:00,baseline
EV-020,8,29.3,34.668,False,2026-10-02 20:00,baseline
EV-001,9,8.0,5.482,False,2026-10-02 20:15,baseline
EV-003,9,55.4,62.909,True,2026-10-02 20:15,baseline
EV-004,9,34.3,20.649,False,2026-10-02 20:15,baseline
EV-005,9,49.0,57.84,False,2026-10-02 20:15,baseline
EV-006,9,86.6,30.239,False,2026-10-02 20:15,baseline
EV-007,9,90.0,32.616,False,2026-10-02 20:15,baseline
EV-008,9,50.2,31.057,False,2026-10-02 20:15,baseline
EV-009,9,76.1,29.67,False,2026-10-02 20:15,baseline
EV-010,9,36.0,21.949,False,2026-10-02 20:15,baseline
EV-011,9,61.9,41.441,False,2026-10-02 20:15,baseline
EV-012,9,90.0,31.212,False,2026-10-02 20:15,baseline
EV-013,9,90.0,59.535,False,2026-10-02 20:15,baseline
EV-014,9,90.0,32.976,False,2026-10-02 20:15,baseline
EV-015,9,90.0,32.112,False,2026-10-02 20:15,baseline
EV-016,9,51.0,33.926,False,2026-10-02 20:15,baseline
EV-017,9,42.3,14.619,False,2026-10-02 20:15,baseline
EV-018,9,45.0,27.5,False,2026-10-02 20:15,baseline
EV-019,9,13.3,5.027,False,2026-10-02 20:15,baseline
EV-020,9,29.3,34.668,False,2026-10-02 20:15,baseline
EV-001,10,8.0,5.482,False,2026-10-02 20:30,baseline
EV-003,10,55.4,62.909,True,2026-10-02 20:30,baseline
EV-004,10,38.5,23.179,False,2026-10-02 20:30,baseline
EV-005,10,51.1,60.37,False,2026-10-02 20:30,baseline
EV-006,10,90.0,31.428,False,2026-10-02 20:30,baseline
EV-007,10,90.0,32.616,False,2026-10-02 20:30,baseline
EV-008,10,54.3,33.587,False,2026-10-02 20:30,baseline
EV-009,10,80.4,31.372,False,2026-10-02 20:30,baseline
EV-010,10,40.1,24.479,False,2026-10-02 20:30,baseline
EV-011,10,70.9,47.434,False,2026-10-02 20:30,baseline
EV-012,10,90.0,31.212,False,2026-10-02 20:30,baseline
EV-013,10,90.0,59.535,False,2026-10-02 20:30,baseline
EV-014,10,90.0,32.976,False,2026-10-02 20:30,baseline
EV-015,10,90.0,32.112,False,2026-10-02 20:30,baseline
EV-016,10,53.8,35.79,False,2026-10-02 20:30,baseline
EV-017,10,42.3,14.619,False,2026-10-02 20:30,baseline
EV-018,10,45.0,27.5,False,2026-10-02 20:30,baseline
EV-019,10,13.3,5.027,False,2026-10-02 20:30,baseline
EV-020,10,29.3,34.668,False,2026-10-02 20:30,baseline
EV-001,11,11.7,8.012,False,2026-10-02 20:45,baseline
EV-003,11,55.4,62.909,True,2026-10-02 20:45,baseline
EV-004,11,42.7,25.709,False,2026-10-02 20:45,baseline
EV-005,11,53.3,62.9,False,2026-10-02 20:45,baseline
EV-006,11,90.0,31.428,False,2026-10-02 20:45,baseline
EV-007,11,90.0,32.616,False,2026-10-02 20:45,baseline
EV-008,11,58.4,36.117,False,2026-10-02 20:45,baseline
EV-009,11,84.8,33.074,False,2026-10-02 20:45,baseline
EV-010,11,44.3,27.009,False,2026-10-02 20:45,baseline
EV-011,11,79.8,53.426,False,2026-10-02 20:45,baseline
EV-012,11,90.0,31.212,False,2026-10-02 20:45,baseline
EV-013,11,90.0,59.535,False,2026-10-02 20:45,baseline
EV-014,11,90.0,32.976,False,2026-10-02 20:45,baseline
EV-015,11,90.0,32.112,False,2026-10-02 20:45,baseline
EV-016,11,54.6,36.283,False,2026-10-02 20:45,baseline
EV-017,11,42.3,14.619,False,2026-10-02 20:45,baseline
EV-018,11,45.0,27.5,False,2026-10-02 20:45,baseline
EV-019,11,13.3,5.027,False,2026-10-02 20:45,baseline
EV-020,11,29.3,34.668,False,2026-10-02 20:45,baseline
EV-001,12,15.4,10.542,False,2026-10-02 21:00,baseline
EV-003,12,55.4,62.909,True,2026-10-02 21:00,baseline
EV-004,12,46.9,28.239,False,2026-10-02 21:00,baseline
EV-005,12,55.4,65.43,False,2026-10-02 21:00,baseline
EV-006,12,90.0,31.428,False,2026-10-02 21:00,baseline
EV-007,12,90.0,32.616,False,2026-10-02 21:00,baseline
EV-008,12,62.5,38.647,False,2026-10-02 21:00,baseline
EV-009,12,89.2,34.776,False,2026-10-02 21:00,baseline
EV-010,12,48.4,29.539,False,2026-10-02 21:00,baseline
EV-011,12,88.8,59.419,False,2026-10-02 21:00,baseline
EV-012,12,90.0,31.212,False,2026-10-02 21:00,baseline
EV-013,12,90.0,59.535,False,2026-10-02 21:00,baseline
EV-014,12,90.0,32.976,False,2026-10-02 21:00,baseline
EV-015,12,90.0,32.112,False,2026-10-02 21:00,baseline
EV-016,12,55.3,36.777,False,2026-10-02 21:00,baseline
EV-017,12,42.3,14.619,False,2026-10-02 21:00,baseline
EV-018,12,45.0,27.5,False,2026-10-02 21:00,baseline
EV-019,12,13.3,5.027,False,2026-10-02 21:00,baseline
EV-020,12,29.3,34.668,False,2026-10-02 21:00,baseline
EV-001,13,19.1,13.072,False,2026-10-02 21:15,baseline
EV-003,13,55.4,62.909,True,2026-10-02 21:15,baseline
EV-004,13,51.1,30.769,False,2026-10-02 21:15,baseline
EV-005,13,57.6,67.96,False,2026-10-02 21:15,baseline
EV-006,13,90.0,31.428,False,2026-10-02 21:15,baseline
EV-007,13,90.0,32.616,False,2026-10-02 21:15,baseline
EV-008,13,66.5,41.177,False,2026-10-02 21:15,baseline
EV-009,13,90.0,35.1,False,2026-10-02 21:15,baseline
EV-010,13,52.6,32.069,False,2026-10-02 21:15,baseline
EV-011,13,90.0,60.228,False,2026-10-02 21:15,baseline
EV-012,13,90.0,31.212,False,2026-10-02 21:15,baseline
EV-013,13,90.0,59.535,False,2026-10-02 21:15,baseline
EV-014,13,90.0,32.976,False,2026-10-02 21:15,baseline
EV-015,13,90.0,32.112,False,2026-10-02 21:15,baseline
EV-016,13,64.3,42.769,False,2026-10-02 21:15,baseline
EV-017,13,42.3,14.619,False,2026-10-02 21:15,baseline
EV-018,13,45.0,27.5,False,2026-10-02 21:15,baseline
EV-019,13,13.3,5.027,False,2026-10-02 21:15,baseline
EV-020,13,29.3,34.668,False,2026-10-02 21:15,baseline
EV-001,14,22.8,15.602,False,2026-10-02 21:30,baseline
EV-003,14,55.4,62.909,True,2026-10-02 21:30,baseline
EV-004,14,55.3,33.299,False,2026-10-02 21:30,baseline
EV-005,14,59.7,70.49,False,2026-10-02 21:30,baseline
EV-006,14,90.0,31.428,False,2026-10-02 21:30,baseline
EV-007,14,90.0,32.616,False,2026-10-02 21:30,baseline
EV-008,14,70.6,43.707,False,2026-10-02 21:30,baseline
EV-009,14,90.0,35.1,False,2026-10-02 21:30,baseline
EV-010,14,56.7,34.599,False,2026-10-02 21:30,baseline
EV-011,14,90.0,60.228,False,2026-10-02 21:30,baseline
EV-012,14,90.0,31.212,False,2026-10-02 21:30,baseline
EV-013,14,90.0,59.535,False,2026-10-02 21:30,baseline
EV-014,14,90.0,32.976,False,2026-10-02 21:30,baseline
EV-015,14,90.0,32.112,False,2026-10-02 21:30,baseline
EV-016,14,68.1,45.299,False,2026-10-02 21:30,baseline
EV-017,14,58.6,20.259,False,2026-10-02 21:30,baseline
EV-018,14,45.0,27.5,False,2026-10-02 21:30,baseline
EV-019,14,13.3,5.027,False,2026-10-02 21:30,baseline
EV-020,14,29.3,34.668,False,2026-10-02 21:30,baseline
EV-001,15,26.5,18.132,False,2026-10-02 21:45,baseline
EV-003,15,55.4,62.909,True,2026-10-02 21:45,baseline
EV-004,15,59.5,35.829,False,2026-10-02 21:45,baseline
EV-005,15,61.8,73.02,False,2026-10-02 21:45,baseline
EV-006,15,90.0,31.428,False,2026-10-02 21:45,baseline
EV-007,15,90.0,32.616,False,2026-10-02 21:45,baseline
EV-008,15,74.7,46.237,False,2026-10-02 21:45,baseline
EV-009,15,90.0,35.1,False,2026-10-02 21:45,baseline
EV-010,15,60.9,37.129,False,2026-10-02 21:45,baseline
EV-011,15,90.0,60.228,False,2026-10-02 21:45,baseline
EV-012,15,90.0,31.212,False,2026-10-02 21:45,baseline
EV-013,15,90.0,59.535,False,2026-10-02 21:45,baseline
EV-014,15,90.0,32.976,False,2026-10-02 21:45,baseline
EV-015,15,90.0,32.112,False,2026-10-02 21:45,baseline
EV-016,15,71.9,47.829,False,2026-10-02 21:45,baseline
EV-017,15,74.9,25.899,False,2026-10-02 21:45,baseline
EV-018,15,45.0,27.5,False,2026-10-02 21:45,baseline
EV-019,15,13.3,5.027,False,2026-10-02 21:45,baseline
EV-020,15,29.3,34.668,False,2026-10-02 21:45,baseline
EV-001,16,30.2,20.662,False,2026-10-02 22:00,baseline
EV-003,16,55.4,62.909,True,2026-10-02 22:00,baseline
EV-004,16,63.7,38.359,False,2026-10-02 22:00,baseline
EV-005,16,64.0,75.55,False,2026-10-02 22:00,baseline
EV-006,16,90.0,31.428,False,2026-10-02 22:00,baseline
EV-007,16,90.0,32.616,False,2026-10-02 22:00,baseline
EV-008,16,78.8,48.767,False,2026-10-02 22:00,baseline
EV-009,16,90.0,35.1,False,2026-10-02 22:00,baseline
EV-010,16,65.0,39.659,False,2026-10-02 22:00,baseline
EV-011,16,90.0,60.228,False,2026-10-02 22:00,baseline
EV-012,16,90.0,31.212,False,2026-10-02 22:00,baseline
EV-013,16,90.0,59.535,False,2026-10-02 22:00,baseline
EV-014,16,90.0,32.976,False,2026-10-02 22:00,baseline
EV-015,16,90.0,32.112,False,2026-10-02 22:00,baseline
EV-016,16,75.7,50.359,False,2026-10-02 22:00,baseline
EV-017,16,90.0,31.104,False,2026-10-02 22:00,baseline
EV-018,16,45.7,27.935,False,2026-10-02 22:00,baseline
EV-019,16,13.3,5.027,False,2026-10-02 22:00,baseline
EV-020,16,29.3,34.668,False,2026-10-02 22:00,baseline
EV-001,17,33.8,23.192,False,2026-10-02 22:15,baseline
EV-003,17,0.0,0.0,False,2026-10-02 22:15,baseline
EV-004,17,67.9,40.889,False,2026-10-02 22:15,baseline
EV-005,17,66.1,78.08,False,2026-10-02 22:15,baseline
EV-006,17,90.0,31.428,False,2026-10-02 22:15,baseline
EV-007,17,90.0,32.616,False,2026-10-02 22:15,baseline
EV-008,17,82.9,51.297,False,2026-10-02 22:15,baseline
EV-009,17,90.0,35.1,False,2026-10-02 22:15,baseline
EV-010,17,69.2,42.189,False,2026-10-02 22:15,baseline
EV-011,17,90.0,60.228,False,2026-10-02 22:15,baseline
EV-012,17,90.0,31.212,False,2026-10-02 22:15,baseline
EV-013,17,90.0,59.535,False,2026-10-02 22:15,baseline
EV-014,17,90.0,32.976,False,2026-10-02 22:15,baseline
EV-015,17,90.0,32.112,False,2026-10-02 22:15,baseline
EV-016,17,79.5,52.889,False,2026-10-02 22:15,baseline
EV-017,17,90.0,31.104,False,2026-10-02 22:15,baseline
EV-018,17,54.9,33.575,False,2026-10-02 22:15,baseline
EV-019,17,13.3,5.027,False,2026-10-02 22:15,baseline
EV-020,17,29.3,34.668,False,2026-10-02 22:15,baseline
EV-001,18,37.5,25.722,False,2026-10-02 22:30,baseline
EV-003,18,2.2,2.53,False,2026-10-02 22:30,baseline
EV-004,18,72.1,43.419,False,2026-10-02 22:30,baseline
EV-005,18,68.3,80.61,False,2026-10-02 22:30,baseline
EV-006,18,90.0,31.428,False,2026-10-02 22:30,baseline
EV-007,18,90.0,32.616,False,2026-10-02 22:30,baseline
EV-008,18,87.0,53.827,False,2026-10-02 22:30,baseline
EV-009,18,90.0,35.1,False,2026-10-02 22:30,baseline
EV-010,18,73.3,44.719,False,2026-10-02 22:30,baseline
EV-011,18,90.0,60.228,False,2026-10-02 22:30,baseline
EV-012,18,90.0,31.212,False,2026-10-02 22:30,baseline
EV-013,18,90.0,59.535,False,2026-10-02 22:30,baseline
EV-014,18,90.0,32.976,False,2026-10-02 22:30,baseline
EV-015,18,90.0,32.112,False,2026-10-02 22:30,baseline
EV-016,18,88.0,58.529,False,2026-10-02 22:30,baseline
EV-017,18,90.0,31.104,False,2026-10-02 22:30,baseline
EV-018,18,54.9,33.575,False,2026-10-02 22:30,baseline
EV-019,18,13.3,5.027,False,2026-10-02 22:30,baseline
EV-020,18,29.3,34.668,False,2026-10-02 22:30,baseline
EV-001,19,41.2,28.252,False,2026-10-02 22:45,baseline
EV-003,19,4.5,5.06,False,2026-10-02 22:45,baseline
EV-004,19,76.3,45.949,False,2026-10-02 22:45,baseline
EV-005,19,70.4,83.14,False,2026-10-02 22:45,baseline
EV-006,19,90.0,31.428,False,2026-10-02 22:45,baseline
EV-007,19,90.0,32.616,False,2026-10-02 22:45,baseline
EV-008,19,90.0,55.692,False,2026-10-02 22:45,baseline
EV-009,19,90.0,35.1,False,2026-10-02 22:45,baseline
EV-010,19,77.5,47.249,False,2026-10-02 22:45,baseline
EV-011,19,90.0,60.228,False,2026-10-02 22:45,baseline
EV-012,19,90.0,31.212,False,2026-10-02 22:45,baseline
EV-013,19,90.0,59.535,False,2026-10-02 22:45,baseline
EV-014,19,90.0,32.976,False,2026-10-02 22:45,baseline
EV-015,19,90.0,32.112,False,2026-10-02 22:45,baseline
EV-016,19,90.0,59.85,False,2026-10-02 22:45,baseline
EV-017,19,90.0,31.104,False,2026-10-02 22:45,baseline
EV-018,19,63.1,38.574,False,2026-10-02 22:45,baseline
EV-019,19,13.3,5.027,False,2026-10-02 22:45,baseline
EV-020,19,29.3,34.668,False,2026-10-02 22:45,baseline
EV-001,20,44.9,30.782,False,2026-10-02 23:00,baseline
EV-003,20,6.7,7.59,False,2026-10-02 23:00,baseline
EV-004,20,80.5,48.479,False,2026-10-02 23:00,baseline
EV-005,20,72.6,85.67,False,2026-10-02 23:00,baseline
EV-006,20,90.0,31.428,False,2026-10-02 23:00,baseline
EV-007,20,90.0,32.616,False,2026-10-02 23:00,baseline
EV-008,20,90.0,55.692,False,2026-10-02 23:00,baseline
EV-009,20,90.0,35.1,False,2026-10-02 23:00,baseline
EV-010,20,81.6,49.779,False,2026-10-02 23:00,baseline
EV-011,20,90.0,60.228,False,2026-10-02 23:00,baseline
EV-012,20,90.0,31.212,False,2026-10-02 23:00,baseline
EV-013,20,90.0,59.535,False,2026-10-02 23:00,baseline
EV-014,20,90.0,32.976,False,2026-10-02 23:00,baseline
EV-015,20,90.0,32.112,False,2026-10-02 23:00,baseline
EV-016,20,90.0,59.85,False,2026-10-02 23:00,baseline
EV-017,20,90.0,31.104,False,2026-10-02 23:00,baseline
EV-018,20,67.3,41.104,False,2026-10-02 23:00,baseline
EV-019,20,28.2,10.667,False,2026-10-02 23:00,baseline
EV-020,20,29.3,34.668,False,2026-10-02 23:00,baseline
EV-001,21,48.6,33.312,False,2026-10-02 23:15,baseline
EV-003,21,8.9,10.12,False,2026-10-02 23:15,baseline
EV-004,21,84.7,51.009,False,2026-10-02 23:15,baseline
EV-005,21,74.7,88.2,False,2026-10-02 23:15,baseline
EV-006,21,90.0,31.428,False,2026-10-02 23:15,baseline
EV-007,21,90.0,32.616,False,2026-10-02 23:15,baseline
EV-008,21,90.0,55.692,False,2026-10-02 23:15,baseline
EV-009,21,90.0,35.1,False,2026-10-02 23:15,baseline
EV-010,21,85.8,52.309,False,2026-10-02 23:15,baseline
EV-011,21,90.0,60.228,False,2026-10-02 23:15,baseline
EV-012,21,90.0,31.212,False,2026-10-02 23:15,baseline
EV-013,21,90.0,59.535,False,2026-10-02 23:15,baseline
EV-014,21,90.0,32.976,False,2026-10-02 23:15,baseline
EV-015,21,90.0,32.112,False,2026-10-02 23:15,baseline
EV-016,21,90.0,59.85,False,2026-10-02 23:15,baseline
EV-017,21,90.0,31.104,False,2026-10-02 23:15,baseline
EV-018,21,71.4,43.634,False,2026-10-02 23:15,baseline
EV-019,21,43.1,16.307,False,2026-10-02 23:15,baseline
EV-020,21,29.3,34.668,False,2026-10-02 23:15,baseline
EV-001,22,52.3,35.842,False,2026-10-02 23:30,baseline
EV-003,22,11.1,12.65,False,2026-10-02 23:30,baseline
EV-004,22,88.9,53.539,False,2026-10-02 23:30,baseline
EV-005,22,76.8,90.73,False,2026-10-02 23:30,baseline
EV-006,22,90.0,31.428,False,2026-10-02 23:30,baseline
EV-007,22,90.0,32.616,False,2026-10-02 23:30,baseline
EV-008,22,90.0,55.692,False,2026-10-02 23:30,baseline
EV-009,22,90.0,35.1,False,2026-10-02 23:30,baseline
EV-010,22,89.9,54.839,False,2026-10-02 23:30,baseline
EV-011,22,90.0,60.228,False,2026-10-02 23:30,baseline
EV-012,22,90.0,31.212,False,2026-10-02 23:30,baseline
EV-013,22,90.0,59.535,False,2026-10-02 23:30,baseline
EV-014,22,90.0,32.976,False,2026-10-02 23:30,baseline
EV-015,22,90.0,32.112,False,2026-10-02 23:30,baseline
EV-016,22,90.0,59.85,False,2026-10-02 23:30,baseline
EV-017,22,90.0,31.104,False,2026-10-02 23:30,baseline
EV-018,22,75.5,46.164,False,2026-10-02 23:30,baseline
EV-019,22,58.1,21.947,False,2026-10-02 23:30,baseline
EV-020,22,29.3,34.668,False,2026-10-02 23:30,baseline
EV-001,23,56.0,38.372,False,2026-10-02 23:45,baseline
EV-003,23,13.4,15.18,False,2026-10-02 23:45,baseline
EV-004,23,90.0,54.18,False,2026-10-02 23:45,baseline
EV-005,23,79.0,93.26,False,2026-10-02 23:45,baseline
EV-006,23,90.0,31.428,False,2026-10-02 23:45,baseline
EV-007,23,90.0,32.616,False,2026-10-02 23:45,baseline
EV-008,23,90.0,55.692,False,2026-10-02 23:45,baseline
EV-009,23,90.0,35.1,False,2026-10-02 23:45,baseline
EV-010,23,90.0,54.873,False,2026-10-02 23:45,baseline
EV-011,23,90.0,60.228,False,2026-10-02 23:45,baseline
EV-012,23,90.0,31.212,False,2026-10-02 23:45,baseline
EV-013,23,90.0,59.535,False,2026-10-02 23:45,baseline
EV-014,23,90.0,32.976,False,2026-10-02 23:45,baseline
EV-015,23,90.0,32.112,False,2026-10-02 23:45,baseline
EV-016,23,90.0,59.85,False,2026-10-02 23:45,baseline
EV-017,23,90.0,31.104,False,2026-10-02 23:45,baseline
EV-018,23,79.7,48.694,False,2026-10-02 23:45,baseline
EV-019,23,73.9,27.939,False,2026-10-02 23:45,baseline
EV-020,23,32.8,38.796,False,2026-10-02 23:45,baseline
EV-001,24,59.7,40.902,False,2026-10-03 00:00,baseline
EV-003,24,15.6,17.71,False,2026-10-03 00:00,baseline
EV-004,24,90.0,54.18,False,2026-10-03 00:00,baseline
EV-005,24,81.1,95.79,False,2026-10-03 00:00,baseline
EV-006,24,90.0,31.428,False,2026-10-03 00:00,baseline
EV-007,24,90.0,32.616,False,2026-10-03 00:00,baseline
EV-008,24,90.0,55.692,False,2026-10-03 00:00,baseline
EV-009,24,90.0,35.1,False,2026-10-03 00:00,baseline
EV-010,24,90.0,54.873,False,2026-10-03 00:00,baseline
EV-011,24,90.0,60.228,False,2026-10-03 00:00,baseline
EV-012,24,90.0,31.212,False,2026-10-03 00:00,baseline
EV-013,24,90.0,59.535,False,2026-10-03 00:00,baseline
EV-014,24,90.0,32.976,False,2026-10-03 00:00,baseline
EV-015,24,90.0,32.112,False,2026-10-03 00:00,baseline
EV-016,24,90.0,59.85,False,2026-10-03 00:00,baseline
EV-017,24,90.0,31.104,False,2026-10-03 00:00,baseline
EV-018,24,83.8,51.224,False,2026-10-03 00:00,baseline
EV-019,24,78.4,29.642,False,2026-10-03 00:00,baseline
EV-020,24,34.9,41.326,False,2026-10-03 00:00,baseline
EV-001,25,63.4,43.432,False,2026-10-03 00:15,baseline
EV-003,25,17.8,20.24,False,2026-10-03 00:15,baseline
EV-004,25,90.0,54.18,False,2026-10-03 00:15,baseline
EV-005,25,83.3,98.32,False,2026-10-03 00:15,baseline
EV-006,25,90.0,31.428,False,2026-10-03 00:15,baseline
EV-007,25,90.0,32.616,False,2026-10-03 00:15,baseline
EV-008,25,90.0,55.692,False,2026-10-03 00:15,baseline
EV-009,25,90.0,35.1,False,2026-10-03 00:15,baseline
EV-010,25,90.0,54.873,False,2026-10-03 00:15,baseline
EV-011,25,90.0,60.228,False,2026-10-03 00:15,baseline
EV-012,25,90.0,31.212,False,2026-10-03 00:15,baseline
EV-013,25,90.0,59.535,False,2026-10-03 00:15,baseline
EV-014,25,90.0,32.976,False,2026-10-03 00:15,baseline
EV-015,25,90.0,32.112,False,2026-10-03 00:15,baseline
EV-016,25,90.0,59.85,False,2026-10-03 00:15,baseline
EV-017,25,90.0,31.104,False,2026-10-03 00:15,baseline
EV-018,25,88.0,53.754,False,2026-10-03 00:15,baseline
EV-019,25,82.9,31.344,False,2026-10-03 00:15,baseline
EV-020,25,37.1,43.856,False,2026-10-03 00:15,baseline
EV-001,26,67.1,45.962,False,2026-10-03 00:30,baseline
EV-003,26,20.0,22.77,False,2026-10-03 00:30,baseline
EV-004,26,90.0,54.18,False,2026-10-03 00:30,baseline
EV-005,26,85.4,100.85,False,2026-10-03 00:30,baseline
EV-006,26,90.0,31.428,False,2026-10-03 00:30,baseline
EV-007,26,90.0,32.616,False,2026-10-03 00:30,baseline
EV-008,26,90.0,55.692,False,2026-10-03 00:30,baseline
EV-009,26,90.0,35.1,False,2026-10-03 00:30,baseline
EV-010,26,90.0,54.873,False,2026-10-03 00:30,baseline
EV-011,26,90.0,60.228,False,2026-10-03 00:30,baseline
EV-012,26,90.0,31.212,False,2026-10-03 00:30,baseline
EV-013,26,90.0,59.535,False,2026-10-03 00:30,baseline
EV-014,26,90.0,32.976,False,2026-10-03 00:30,baseline
EV-015,26,90.0,32.112,False,2026-10-03 00:30,baseline
EV-016,26,90.0,59.85,False,2026-10-03 00:30,baseline
EV-017,26,90.0,31.104,False,2026-10-03 00:30,baseline
EV-018,26,90.0,54.999,False,2026-10-03 00:30,baseline
EV-019,26,87.4,33.046,False,2026-10-03 00:30,baseline
EV-020,26,39.2,46.386,False,2026-10-03 00:30,baseline
EV-001,27,70.8,48.492,False,2026-10-03 00:45,baseline
EV-003,27,22.3,25.3,False,2026-10-03 00:45,baseline
EV-004,27,90.0,54.18,False,2026-10-03 00:45,baseline
EV-005,27,87.6,103.38,False,2026-10-03 00:45,baseline
EV-006,27,90.0,31.428,False,2026-10-03 00:45,baseline
EV-007,27,90.0,32.616,False,2026-10-03 00:45,baseline
EV-008,27,90.0,55.692,False,2026-10-03 00:45,baseline
EV-009,27,90.0,35.1,False,2026-10-03 00:45,baseline
EV-010,27,90.0,54.873,False,2026-10-03 00:45,baseline
EV-011,27,90.0,60.228,False,2026-10-03 00:45,baseline
EV-012,27,90.0,31.212,False,2026-10-03 00:45,baseline
EV-013,27,90.0,59.535,False,2026-10-03 00:45,baseline
EV-014,27,90.0,32.976,False,2026-10-03 00:45,baseline
EV-015,27,90.0,32.112,False,2026-10-03 00:45,baseline
EV-016,27,90.0,59.85,False,2026-10-03 00:45,baseline
EV-017,27,90.0,31.104,False,2026-10-03 00:45,baseline
EV-018,27,90.0,54.999,False,2026-10-03 00:45,baseline
EV-019,27,90.0,34.02,False,2026-10-03 00:45,baseline
EV-020,27,41.3,48.916,False,2026-10-03 00:45,baseline
EV-001,28,74.5,51.022,False,2026-10-03 01:00,baseline
EV-003,28,24.5,27.83,False,2026-10-03 01:00,baseline
EV-004,28,90.0,54.18,False,2026-10-03 01:00,baseline
EV-005,28,89.7,105.91,False,2026-10-03 01:00,baseline
EV-006,28,90.0,31.428,False,2026-10-03 01:00,baseline
EV-007,28,90.0,32.616,False,2026-10-03 01:00,baseline
EV-008,28,90.0,55.692,False,2026-10-03 01:00,baseline
EV-009,28,90.0,35.1,False,2026-10-03 01:00,baseline
EV-010,28,90.0,54.873,False,2026-10-03 01:00,baseline
EV-011,28,90.0,60.228,False,2026-10-03 01:00,baseline
EV-012,28,90.0,31.212,False,2026-10-03 01:00,baseline
EV-013,28,90.0,59.535,False,2026-10-03 01:00,baseline
EV-014,28,90.0,32.976,False,2026-10-03 01:00,baseline
EV-015,28,90.0,32.112,False,2026-10-03 01:00,baseline
EV-016,28,90.0,59.85,False,2026-10-03 01:00,baseline
EV-017,28,90.0,31.104,False,2026-10-03 01:00,baseline
EV-018,28,90.0,54.999,False,2026-10-03 01:00,baseline
EV-019,28,90.0,34.02,False,2026-10-03 01:00,baseline
EV-020,28,43.5,51.446,False,2026-10-03 01:00,baseline
EV-001,29,78.1,53.552,False,2026-10-03 01:15,baseline
EV-003,29,26.7,30.36,False,2026-10-03 01:15,baseline
EV-004,29,90.0,54.18,False,2026-10-03 01:15,baseline
EV-005,29,90.0,106.272,False,2026-10-03 01:15,baseline
EV-006,29,90.0,31.428,False,2026-10-03 01:15,baseline
EV-007,29,90.0,32.616,False,2026-10-03 01:15,baseline
EV-008,29,90.0,55.692,False,2026-10-03 01:15,baseline
EV-009,29,90.0,35.1,False,2026-10-03 01:15,baseline
EV-010,29,90.0,54.873,False,2026-10-03 01:15,baseline
EV-011,29,90.0,60.228,False,2026-10-03 01:15,baseline
EV-012,29,90.0,31.212,False,2026-10-03 01:15,baseline
EV-013,29,90.0,59.535,False,2026-10-03 01:15,baseline
EV-014,29,90.0,32.976,False,2026-10-03 01:15,baseline
EV-015,29,90.0,32.112,False,2026-10-03 01:15,baseline
EV-016,29,90.0,59.85,False,2026-10-03 01:15,baseline
EV-017,29,90.0,31.104,False,2026-10-03 01:15,baseline
EV-018,29,90.0,54.999,False,2026-10-03 01:15,baseline
EV-019,29,90.0,34.02,False,2026-10-03 01:15,baseline
EV-020,29,45.6,53.976,False,2026-10-03 01:15,baseline
EV-001,30,81.8,56.082,False,2026-10-03 01:30,baseline
EV-003,30,28.9,32.89,False,2026-10-03 01:30,baseline
EV-004,30,90.0,54.18,False,2026-10-03 01:30,baseline
EV-005,30,90.0,106.272,False,2026-10-03 01:30,baseline
EV-006,30,90.0,31.428,False,2026-10-03 01:30,baseline
EV-007,30,90.0,32.616,False,2026-10-03 01:30,baseline
EV-008,30,90.0,55.692,False,2026-10-03 01:30,baseline
EV-009,30,90.0,35.1,False,2026-10-03 01:30,baseline
EV-010,30,90.0,54.873,False,2026-10-03 01:30,baseline
EV-011,30,90.0,60.228,False,2026-10-03 01:30,baseline
EV-012,30,90.0,31.212,False,2026-10-03 01:30,baseline
EV-013,30,90.0,59.535,False,2026-10-03 01:30,baseline
EV-014,30,90.0,32.976,False,2026-10-03 01:30,baseline
EV-015,30,90.0,32.112,False,2026-10-03 01:30,baseline
EV-016,30,90.0,59.85,False,2026-10-03 01:30,baseline
EV-017,30,90.0,31.104,False,2026-10-03 01:30,baseline
EV-018,30,90.0,54.999,False,2026-10-03 01:30,baseline
EV-019,30,90.0,34.02,False,2026-10-03 01:30,baseline
EV-020,30,47.8,56.506,False,2026-10-03 01:30,baseline
EV-001,31,85.5,58.612,False,2026-10-03 01:45,baseline
EV-003,31,31.2,35.42,False,2026-10-03 01:45,baseline
EV-004,31,90.0,54.18,False,2026-10-03 01:45,baseline
EV-005,31,90.0,106.272,False,2026-10-03 01:45,baseline
EV-006,31,90.0,31.428,False,2026-10-03 01:45,baseline
EV-007,31,90.0,32.616,False,2026-10-03 01:45,baseline
EV-008,31,90.0,55.692,False,2026-10-03 01:45,baseline
EV-009,31,90.0,35.1,False,2026-10-03 01:45,baseline
EV-010,31,90.0,54.873,False,2026-10-03 01:45,baseline
EV-011,31,90.0,60.228,False,2026-10-03 01:45,baseline
EV-012,31,90.0,31.212,False,2026-10-03 01:45,baseline
EV-013,31,90.0,59.535,False,2026-10-03 01:45,baseline
EV-014,31,90.0,32.976,False,2026-10-03 01:45,baseline
EV-015,31,90.0,32.112,False,2026-10-03 01:45,baseline
EV-016,31,90.0,59.85,False,2026-10-03 01:45,baseline
EV-017,31,90.0,31.104,False,2026-10-03 01:45,baseline
EV-018,31,90.0,54.999,False,2026-10-03 01:45,baseline
EV-019,31,90.0,34.02,False,2026-10-03 01:45,baseline
EV-020,31,49.9,59.036,False,2026-10-03 01:45,baseline
EV-001,32,89.2,61.142,False,2026-10-03 02:00,baseline
EV-003,32,33.4,37.95,False,2026-10-03 02:00,baseline
EV-004,32,90.0,54.18,False,2026-10-03 02:00,baseline
EV-005,32,90.0,106.272,False,2026-10-03 02:00,baseline
EV-006,32,90.0,31.428,False,2026-10-03 02:00,baseline
EV-007,32,90.0,32.616,False,2026-10-03 02:00,baseline
EV-008,32,90.0,55.692,False,2026-10-03 02:00,baseline
EV-009,32,90.0,35.1,False,2026-10-03 02:00,baseline
EV-010,32,90.0,54.873,False,2026-10-03 02:00,baseline
EV-011,32,90.0,60.228,False,2026-10-03 02:00,baseline
EV-012,32,90.0,31.212,False,2026-10-03 02:00,baseline
EV-013,32,90.0,59.535,False,2026-10-03 02:00,baseline
EV-014,32,90.0,32.976,False,2026-10-03 02:00,baseline
EV-015,32,90.0,32.112,False,2026-10-03 02:00,baseline
EV-016,32,90.0,59.85,False,2026-10-03 02:00,baseline
EV-017,32,90.0,31.104,False,2026-10-03 02:00,baseline
EV-018,32,90.0,54.999,False,2026-10-03 02:00,baseline
EV-019,32,90.0,34.02,False,2026-10-03 02:00,baseline
EV-020,32,52.0,61.566,False,2026-10-03 02:00,baseline
EV-001,33,90.0,61.677,False,2026-10-03 02:15,baseline
EV-003,33,35.6,40.48,False,2026-10-03 02:15,baseline
EV-004,33,90.0,54.18,False,2026-10-03 02:15,baseline
EV-005,33,90.0,106.272,False,2026-10-03 02:15,baseline
EV-006,33,90.0,31.428,False,2026-10-03 02:15,baseline
EV-007,33,90.0,32.616,False,2026-10-03 02:15,baseline
EV-008,33,90.0,55.692,False,2026-10-03 02:15,baseline
EV-009,33,90.0,35.1,False,2026-10-03 02:15,baseline
EV-010,33,90.0,54.873,False,2026-10-03 02:15,baseline
EV-011,33,90.0,60.228,False,2026-10-03 02:15,baseline
EV-012,33,90.0,31.212,False,2026-10-03 02:15,baseline
EV-013,33,90.0,59.535,False,2026-10-03 02:15,baseline
EV-014,33,90.0,32.976,False,2026-10-03 02:15,baseline
EV-015,33,90.0,32.112,False,2026-10-03 02:15,baseline
EV-016,33,90.0,59.85,False,2026-10-03 02:15,baseline
EV-017,33,90.0,31.104,False,2026-10-03 02:15,baseline
EV-018,33,90.0,54.999,False,2026-10-03 02:15,baseline
EV-019,33,90.0,34.02,False,2026-10-03 02:15,baseline
EV-020,33,54.2,64.096,False,2026-10-03 02:15,baseline
EV-001,34,90.0,61.677,False,2026-10-03 02:30,baseline
EV-003,34,37.8,43.01,False,2026-10-03 02:30,baseline
EV-004,34,90.0,54.18,False,2026-10-03 02:30,baseline
EV-005,34,90.0,106.272,False,2026-10-03 02:30,baseline
EV-006,34,90.0,31.428,False,2026-10-03 02:30,baseline
EV-007,34,90.0,32.616,False,2026-10-03 02:30,baseline
EV-008,34,90.0,55.692,False,2026-10-03 02:30,baseline
EV-009,34,90.0,35.1,False,2026-10-03 02:30,baseline
EV-010,34,90.0,54.873,False,2026-10-03 02:30,baseline
EV-011,34,90.0,60.228,False,2026-10-03 02:30,baseline
EV-012,34,90.0,31.212,False,2026-10-03 02:30,baseline
EV-013,34,90.0,59.535,False,2026-10-03 02:30,baseline
EV-014,34,90.0,32.976,False,2026-10-03 02:30,baseline
EV-015,34,90.0,32.112,False,2026-10-03 02:30,baseline
EV-016,34,90.0,59.85,False,2026-10-03 02:30,baseline
EV-017,34,90.0,31.104,False,2026-10-03 02:30,baseline
EV-018,34,90.0,54.999,False,2026-10-03 02:30,baseline
EV-019,34,90.0,34.02,False,2026-10-03 02:30,baseline
EV-020,34,56.3,66.626,False,2026-10-03 02:30,baseline
EV-001,35,90.0,61.677,False,2026-10-03 02:45,baseline
EV-003,35,40.1,45.54,False,2026-10-03 02:45,baseline
EV-004,35,90.0,54.18,False,2026-10-03 02:45,baseline
EV-005,35,90.0,106.272,False,2026-10-03 02:45,baseline
EV-006,35,90.0,31.428,False,2026-10-03 02:45,baseline
EV-007,35,90.0,32.616,False,2026-10-03 02:45,baseline
EV-008,35,90.0,55.692,False,2026-10-03 02:45,baseline
EV-009,35,90.0,35.1,False,2026-10-03 02:45,baseline
EV-010,35,90.0,54.873,False,2026-10-03 02:45,baseline
EV-011,35,90.0,60.228,False,2026-10-03 02:45,baseline
EV-012,35,90.0,31.212,False,2026-10-03 02:45,baseline
EV-013,35,90.0,59.535,False,2026-10-03 02:45,baseline
EV-014,35,90.0,32.976,False,2026-10-03 02:45,baseline
EV-015,35,90.0,32.112,False,2026-10-03 02:45,baseline
EV-016,35,90.0,59.85,False,2026-10-03 02:45,baseline
EV-017,35,90.0,31.104,False,2026-10-03 02:45,baseline
EV-018,35,90.0,54.999,False,2026-10-03 02:45,baseline
EV-019,35,90.0,34.02,False,2026-10-03 02:45,baseline
EV-020,35,58.4,69.156,False,2026-10-03 02:45,baseline
EV-001,36,90.0,61.677,False,2026-10-03 03:00,baseline
EV-003,36,42.3,48.07,False,2026-10-03 03:00,baseline
EV-004,36,90.0,54.18,False,2026-10-03 03:00,baseline
EV-005,36,90.0,106.272,False,2026-10-03 03:00,baseline
EV-006,36,90.0,31.428,False,2026-10-03 03:00,baseline
EV-007,36,90.0,32.616,False,2026-10-03 03:00,baseline
EV-008,36,90.0,55.692,False,2026-10-03 03:00,baseline
EV-009,36,90.0,35.1,False,2026-10-03 03:00,baseline
EV-010,36,90.0,54.873,False,2026-10-03 03:00,baseline
EV-011,36,90.0,60.228,False,2026-10-03 03:00,baseline
EV-012,36,90.0,31.212,False,2026-10-03 03:00,baseline
EV-013,36,90.0,59.535,False,2026-10-03 03:00,baseline
EV-014,36,90.0,32.976,False,2026-10-03 03:00,baseline
EV-015,36,90.0,32.112,False,2026-10-03 03:00,baseline
EV-016,36,90.0,59.85,False,2026-10-03 03:00,baseline
EV-017,36,90.0,31.104,False,2026-10-03 03:00,baseline
EV-018,36,90.0,54.999,False,2026-10-03 03:00,baseline
EV-019,36,90.0,34.02,False,2026-10-03 03:00,baseline
EV-020,36,60.6,71.686,False,2026-10-03 03:00,baseline
EV-001,37,90.0,61.677,False,2026-10-03 03:15,baseline
EV-003,37,44.5,50.6,False,2026-10-03 03:15,baseline
EV-004,37,90.0,54.18,False,2026-10-03 03:15,baseline
EV-005,37,90.0,106.272,False,2026-10-03 03:15,baseline
EV-006,37,90.0,31.428,False,2026-10-03 03:15,baseline
EV-007,37,90.0,32.616,False,2026-10-03 03:15,baseline
EV-008,37,90.0,55.692,False,2026-10-03 03:15,baseline
EV-009,37,90.0,35.1,False,2026-10-03 03:15,baseline
EV-010,37,90.0,54.873,False,2026-10-03 03:15,baseline
EV-011,37,90.0,60.228,False,2026-10-03 03:15,baseline
EV-012,37,90.0,31.212,False,2026-10-03 03:15,baseline
EV-013,37,90.0,59.535,False,2026-10-03 03:15,baseline
EV-014,37,90.0,32.976,False,2026-10-03 03:15,baseline
EV-015,37,90.0,32.112,False,2026-10-03 03:15,baseline
EV-016,37,90.0,59.85,False,2026-10-03 03:15,baseline
EV-017,37,90.0,31.104,False,2026-10-03 03:15,baseline
EV-018,37,90.0,54.999,False,2026-10-03 03:15,baseline
EV-019,37,90.0,34.02,False,2026-10-03 03:15,baseline
EV-020,37,62.7,74.216,False,2026-10-03 03:15,baseline
EV-001,38,90.0,61.677,False,2026-10-03 03:30,baseline
EV-003,38,46.8,53.13,False,2026-10-03 03:30,baseline
EV-004,38,90.0,54.18,False,2026-10-03 03:30,baseline
EV-005,38,90.0,106.272,False,2026-10-03 03:30,baseline
EV-006,38,90.0,31.428,False,2026-10-03 03:30,baseline
EV-007,38,90.0,32.616,False,2026-10-03 03:30,baseline
EV-008,38,90.0,55.692,False,2026-10-03 03:30,baseline
EV-009,38,90.0,35.1,False,2026-10-03 03:30,baseline
EV-010,38,90.0,54.873,False,2026-10-03 03:30,baseline
EV-011,38,90.0,60.228,False,2026-10-03 03:30,baseline
EV-012,38,90.0,31.212,False,2026-10-03 03:30,baseline
EV-013,38,90.0,59.535,False,2026-10-03 03:30,baseline
EV-014,38,90.0,32.976,False,2026-10-03 03:30,baseline
EV-015,38,90.0,32.112,False,2026-10-03 03:30,baseline
EV-016,38,90.0,59.85,False,2026-10-03 03:30,baseline
EV-017,38,90.0,31.104,False,2026-10-03 03:30,baseline
EV-018,38,90.0,54.999,False,2026-10-03 03:30,baseline
EV-019,38,90.0,34.02,False,2026-10-03 03:30,baseline
EV-020,38,64.9,76.746,False,2026-10-03 03:30,baseline
EV-001,39,90.0,61.677,False,2026-10-03 03:45,baseline
EV-003,39,49.0,55.66,False,2026-10-03 03:45,baseline
EV-004,39,90.0,54.18,False,2026-10-03 03:45,baseline
EV-005,39,90.0,106.272,False,2026-10-03 03:45,baseline
EV-006,39,90.0,31.428,False,2026-10-03 03:45,baseline
EV-007,39,90.0,32.616,False,2026-10-03 03:45,baseline
EV-008,39,90.0,55.692,False,2026-10-03 03:45,baseline
EV-009,39,90.0,35.1,False,2026-10-03 03:45,baseline
EV-010,39,90.0,54.873,False,2026-10-03 03:45,baseline
EV-011,39,90.0,60.228,False,2026-10-03 03:45,baseline
EV-012,39,90.0,31.212,False,2026-10-03 03:45,baseline
EV-013,39,90.0,59.535,False,2026-10-03 03:45,baseline
EV-014,39,90.0,32.976,False,2026-10-03 03:45,baseline
EV-015,39,90.0,32.112,False,2026-10-03 03:45,baseline
EV-016,39,90.0,59.85,False,2026-10-03 03:45,baseline
EV-017,39,90.0,31.104,False,2026-10-03 03:45,baseline
EV-018,39,90.0,54.999,False,2026-10-03 03:45,baseline
EV-019,39,90.0,34.02,False,2026-10-03 03:45,baseline
EV-020,39,67.0,79.276,False,2026-10-03 03:45,baseline
EV-001,40,90.0,61.677,False,2026-10-03 04:00,baseline
EV-003,40,51.2,58.19,False,2026-10-03 04:00,baseline
EV-004,40,90.0,54.18,False,2026-10-03 04:00,baseline
EV-005,40,90.0,106.272,False,2026-10-03 04:00,baseline
EV-006,40,90.0,31.428,False,2026-10-03 04:00,baseline
EV-007,40,90.0,32.616,False,2026-10-03 04:00,baseline
EV-008,40,90.0,55.692,False,2026-10-03 04:00,baseline
EV-009,40,90.0,35.1,False,2026-10-03 04:00,baseline
EV-010,40,90.0,54.873,False,2026-10-03 04:00,baseline
EV-011,40,90.0,60.228,False,2026-10-03 04:00,baseline
EV-012,40,90.0,31.212,False,2026-10-03 04:00,baseline
EV-013,40,90.0,59.535,False,2026-10-03 04:00,baseline
EV-014,40,90.0,32.976,False,2026-10-03 04:00,baseline
EV-015,40,90.0,32.112,False,2026-10-03 04:00,baseline
EV-016,40,90.0,59.85,False,2026-10-03 04:00,baseline
EV-017,40,90.0,31.104,False,2026-10-03 04:00,baseline
EV-018,40,90.0,54.999,False,2026-10-03 04:00,baseline
EV-019,40,90.0,34.02,False,2026-10-03 04:00,baseline
EV-020,40,69.1,81.806,False,2026-10-03 04:00,baseline
EV-001,41,90.0,61.677,False,2026-10-03 04:15,baseline
EV-003,41,53.4,60.72,False,2026-10-03 04:15,baseline
EV-004,41,90.0,54.18,False,2026-10-03 04:15,baseline
EV-005,41,90.0,106.272,False,2026-10-03 04:15,baseline
EV-006,41,90.0,31.428,False,2026-10-03 04:15,baseline
EV-007,41,90.0,32.616,False,2026-10-03 04:15,baseline
EV-008,41,90.0,55.692,False,2026-10-03 04:15,baseline
EV-009,41,90.0,35.1,False,2026-10-03 04:15,baseline
EV-010,41,90.0,54.873,False,2026-10-03 04:15,baseline
EV-011,41,90.0,60.228,False,2026-10-03 04:15,baseline
EV-012,41,90.0,31.212,False,2026-10-03 04:15,baseline
EV-013,41,90.0,59.535,False,2026-10-03 04:15,baseline
EV-014,41,90.0,32.976,False,2026-10-03 04:15,baseline
EV-015,41,90.0,32.112,False,2026-10-03 04:15,baseline
EV-016,41,90.0,59.85,False,2026-10-03 04:15,baseline
EV-017,41,90.0,31.104,False,2026-10-03 04:15,baseline
EV-018,41,90.0,54.999,False,2026-10-03 04:15,baseline
EV-019,41,90.0,34.02,False,2026-10-03 04:15,baseline
EV-020,41,71.3,84.336,False,2026-10-03 04:15,baseline
EV-001,42,90.0,61.677,False,2026-10-03 04:30,baseline
EV-003,42,55.7,63.25,True,2026-10-03 04:30,baseline
EV-004,42,90.0,54.18,False,2026-10-03 04:30,baseline
EV-005,42,90.0,106.272,False,2026-10-03 04:30,baseline
EV-006,42,90.0,31.428,False,2026-10-03 04:30,baseline
EV-007,42,90.0,32.616,False,2026-10-03 04:30,baseline
EV-008,42,90.0,55.692,False,2026-10-03 04:30,baseline
EV-009,42,90.0,35.1,False,2026-10-03 04:30,baseline
EV-010,42,90.0,54.873,False,2026-10-03 04:30,baseline
EV-011,42,90.0,60.228,False,2026-10-03 04:30,baseline
EV-012,42,90.0,31.212,False,2026-10-03 04:30,baseline
EV-013,42,90.0,59.535,False,2026-10-03 04:30,baseline
EV-014,42,90.0,32.976,False,2026-10-03 04:30,baseline
EV-015,42,90.0,32.112,False,2026-10-03 04:30,baseline
EV-016,42,90.0,59.85,False,2026-10-03 04:30,baseline
EV-017,42,90.0,31.104,False,2026-10-03 04:30,baseline
EV-018,42,90.0,54.999,False,2026-10-03 04:30,baseline
EV-019,42,90.0,34.02,False,2026-10-03 04:30,baseline
EV-020,42,73.4,86.866,False,2026-10-03 04:30,baseline
EV-001,43,90.0,61.677,False,2026-10-03 04:45,baseline
EV-003,43,55.7,63.25,True,2026-10-03 04:45,baseline
EV-004,43,90.0,54.18,False,2026-10-03 04:45,baseline
EV-005,43,90.0,106.272,False,2026-10-03 04:45,baseline
EV-006,43,90.0,31.428,False,2026-10-03 04:45,baseline
EV-007,43,90.0,32.616,False,2026-10-03 04:45,baseline
EV-008,43,90.0,55.692,False,2026-10-03 04:45,baseline
EV-009,43,90.0,35.1,False,2026-10-03 04:45,baseline
EV-010,43,90.0,54.873,False,2026-10-03 04:45,baseline
EV-011,43,90.0,60.228,False,2026-10-03 04:45,baseline
EV-012,43,90.0,31.212,False,2026-10-03 04:45,baseline
EV-013,43,90.0,59.535,False,2026-10-03 04:45,baseline
EV-014,43,90.0,32.976,False,2026-10-03 04:45,baseline
EV-015,43,90.0,32.112,False,2026-10-03 04:45,baseline
EV-016,43,90.0,59.85,False,2026-10-03 04:45,baseline
EV-017,43,90.0,31.104,False,2026-10-03 04:45,baseline
EV-018,43,90.0,54.999,False,2026-10-03 04:45,baseline
EV-019,43,90.0,34.02,False,2026-10-03 04:45,baseline
EV-020,43,75.6,89.396,False,2026-10-03 04:45,baseline
EV-001,44,90.0,61.677,False,2026-10-03 05:00,baseline
EV-003,44,55.7,63.25,True,2026-10-03 05:00,baseline
EV-004,44,90.0,54.18,False,2026-10-03 05:00,baseline
EV-005,44,90.0,106.272,False,2026-10-03 05:00,baseline
EV-006,44,90.0,31.428,False,2026-10-03 05:00,baseline
EV-007,44,90.0,32.616,False,2026-10-03 05:00,baseline
EV-008,44,90.0,55.692,False,2026-10-03 05:00,baseline
EV-009,44,90.0,35.1,False,2026-10-03 05:00,baseline
EV-010,44,90.0,54.873,False,2026-10-03 05:00,baseline
EV-011,44,90.0,60.228,False,2026-10-03 05:00,baseline
EV-012,44,90.0,31.212,False,2026-10-03 05:00,baseline
EV-013,44,90.0,59.535,False,2026-10-03 05:00,baseline
EV-014,44,90.0,32.976,False,2026-10-03 05:00,baseline
EV-015,44,90.0,32.112,False,2026-10-03 05:00,baseline
EV-016,44,90.0,59.85,False,2026-10-03 05:00,baseline
EV-017,44,90.0,31.104,False,2026-10-03 05:00,baseline
EV-018,44,90.0,54.999,False,2026-10-03 05:00,baseline
EV-019,44,90.0,34.02,False,2026-10-03 05:00,baseline
EV-020,44,77.7,91.926,False,2026-10-03 05:00,baseline
EV-001,45,90.0,61.677,False,2026-10-03 05:15,baseline
EV-003,45,55.7,63.25,True,2026-10-03 05:15,baseline
EV-004,45,90.0,54.18,False,2026-10-03 05:15,baseline
EV-005,45,90.0,106.272,True,2026-10-03 05:15,baseline
EV-006,45,90.0,31.428,False,2026-10-03 05:15,baseline
EV-007,45,90.0,32.616,False,2026-10-03 05:15,baseline
EV-008,45,90.0,55.692,False,2026-10-03 05:15,baseline
EV-009,45,90.0,35.1,False,2026-10-03 05:15,baseline
EV-010,45,90.0,54.873,False,2026-10-03 05:15,baseline
EV-011,45,90.0,60.228,False,2026-10-03 05:15,baseline
EV-012,45,90.0,31.212,False,2026-10-03 05:15,baseline
EV-013,45,90.0,59.535,False,2026-10-03 05:15,baseline
EV-014,45,90.0,32.976,False,2026-10-03 05:15,baseline
EV-015,45,90.0,32.112,False,2026-10-03 05:15,baseline
EV-016,45,90.0,59.85,False,2026-10-03 05:15,baseline
EV-017,45,90.0,31.104,False,2026-10-03 05:15,baseline
EV-018,45,90.0,54.999,False,2026-10-03 05:15,baseline
EV-019,45,90.0,34.02,False,2026-10-03 05:15,baseline
EV-020,45,79.8,94.456,False,2026-10-03 05:15,baseline
EV-001,46,90.0,61.677,False,2026-10-03 05:30,baseline
EV-003,46,55.7,63.25,True,2026-10-03 05:30,baseline
EV-004,46,90.0,54.18,False,2026-10-03 05:30,baseline
EV-005,46,90.0,106.272,True,2026-10-03 05:30,baseline
EV-006,46,90.0,31.428,False,2026-10-03 05:30,baseline
EV-007,46,90.0,32.616,False,2026-10-03 05:30,baseline
EV-008,46,90.0,55.692,False,2026-10-03 05:30,baseline
EV-009,46,90.0,35.1,False,2026-10-03 05:30,baseline
EV-010,46,90.0,54.873,False,2026-10-03 05:30,baseline
EV-011,46,90.0,60.228,False,2026-10-03 05:30,baseline
EV-012,46,90.0,31.212,False,2026-10-03 05:30,baseline
EV-013,46,90.0,59.535,False,2026-10-03 05:30,baseline
EV-014,46,90.0,32.976,False,2026-10-03 05:30,baseline
EV-015,46,90.0,32.112,False,2026-10-03 05:30,baseline
EV-016,46,90.0,59.85,False,2026-10-03 05:30,baseline
EV-017,46,90.0,31.104,False,2026-10-03 05:30,baseline
EV-018,46,90.0,54.999,False,2026-10-03 05:30,baseline
EV-019,46,90.0,34.02,False,2026-10-03 05:30,baseline
EV-020,46,82.0,96.986,False,2026-10-03 05:30,baseline
EV-001,47,90.0,61.677,False,2026-10-03 05:45,baseline
EV-003,47,55.7,63.25,True,2026-10-03 05:45,baseline
EV-004,47,90.0,54.18,False,2026-10-03 05:45,baseline
EV-005,47,90.0,106.272,True,2026-10-03 05:45,baseline
EV-006,47,90.0,31.428,False,2026-10-03 05:45,baseline
EV-007,47,90.0,32.616,False,2026-10-03 05:45,baseline
EV-008,47,90.0,55.692,True,2026-10-03 05:45,baseline
EV-009,47,90.0,35.1,False,2026-10-03 05:45,baseline
EV-010,47,90.0,54.873,False,2026-10-03 05:45,baseline
EV-011,47,90.0,60.228,False,2026-10-03 05:45,baseline
EV-012,47,90.0,31.212,False,2026-10-03 05:45,baseline
EV-013,47,90.0,59.535,False,2026-10-03 05:45,baseline
EV-014,47,90.0,32.976,False,2026-10-03 05:45,baseline
EV-015,47,90.0,32.112,False,2026-10-03 05:45,baseline
EV-016,47,90.0,59.85,False,2026-10-03 05:45,baseline
EV-017,47,90.0,31.104,False,2026-10-03 05:45,baseline
EV-018,47,90.0,54.999,False,2026-10-03 05:45,baseline
EV-019,47,90.0,34.02,False,2026-10-03 05:45,baseline
EV-020,47,84.1,99.516,False,2026-10-03 05:45,baseline
EV-001,48,90.0,61.677,False,2026-10-03 06:00,baseline
EV-003,48,55.7,63.25,True,2026-10-03 06:00,baseline
EV-004,48,90.0,54.18,False,2026-10-03 06:00,baseline
EV-005,48,90.0,106.272,True,2026-10-03 06:00,baseline
EV-006,48,90.0,31.428,True,2026-10-03 06:00,baseline
EV-007,48,90.0,32.616,False,2026-10-03 06:00,baseline
EV-008,48,90.0,55.692,True,2026-10-03 06:00,baseline
EV-009,48,90.0,35.1,False,2026-10-03 06:00,baseline
EV-010,48,90.0,54.873,False,2026-10-03 06:00,baseline
EV-011,48,90.0,60.228,False,2026-10-03 06:00,baseline
EV-012,48,90.0,31.212,False,2026-10-03 06:00,baseline
EV-013,48,90.0,59.535,False,2026-10-03 06:00,baseline
EV-014,48,90.0,32.976,False,2026-10-03 06:00,baseline
EV-015,48,90.0,32.112,False,2026-10-03 06:00,baseline
EV-016,48,90.0,59.85,False,2026-10-03 06:00,baseline
EV-017,48,90.0,31.104,False,2026-10-03 06:00,baseline
EV-018,48,90.0,54.999,False,2026-10-03 06:00,baseline
EV-019,48,90.0,34.02,False,2026-10-03 06:00,baseline
EV-020,48,86.2,102.046,False,2026-10-03 06:00,baseline
EV-001,49,90.0,61.677,False,2026-10-03 06:15,baseline
EV-003,49,55.7,63.25,True,2026-10-03 06:15,baseline
EV-004,49,90.0,54.18,False,2026-10-03 06:15,baseline
EV-005,49,90.0,106.272,True,2026-10-03 06:15,baseline
EV-006,49,90.0,31.428,True,2026-10-03 06:15,baseline
EV-007,49,90.0,32.616,True,2026-10-03 06:15,baseline
EV-008,49,90.0,55.692,True,2026-10-03 06:15,baseline
EV-009,49,90.0,35.1,False,2026-10-03 06:15,baseline
EV-010,49,90.0,54.873,False,2026-10-03 06:15,baseline
EV-011,49,90.0,60.228,False,2026-10-03 06:15,baseline
EV-012,49,90.0,31.212,False,2026-10-03 06:15,baseline
EV-013,49,90.0,59.535,False,2026-10-03 06:15,baseline
EV-014,49,90.0,32.976,False,2026-10-03 06:15,baseline
EV-015,49,90.0,32.112,False,2026-10-03 06:15,baseline
EV-016,49,90.0,59.85,False,2026-10-03 06:15,baseline
EV-017,49,90.0,31.104,False,2026-10-03 06:15,baseline
EV-018,49,90.0,54.999,False,2026-10-03 06:15,baseline
EV-019,49,90.0,34.02,False,2026-10-03 06:15,baseline
EV-020,49,88.4,104.576,True,2026-10-03 06:15,baseline
EV-001,50,90.0,61.677,False,2026-10-03 06:30,baseline
EV-003,50,22.0,25.048,False,2026-10-03 06:30,baseline
EV-004,50,90.0,54.18,False,2026-10-03 06:30,baseline
EV-005,50,90.0,106.272,True,2026-10-03 06:30,baseline
EV-006,50,90.0,31.428,True,2026-10-03 06:30,baseline
EV-007,50,90.0,32.616,True,2026-10-03 06:30,baseline
EV-008,50,90.0,55.692,True,2026-10-03 06:30,baseline
EV-009,50,90.0,35.1,False,2026-10-03 06:30,baseline
EV-010,50,90.0,54.873,False,2026-10-03 06:30,baseline
EV-011,50,90.0,60.228,False,2026-10-03 06:30,baseline
EV-012,50,90.0,31.212,False,2026-10-03 06:30,baseline
EV-013,50,90.0,59.535,False,2026-10-03 06:30,baseline
EV-014,50,90.0,32.976,False,2026-10-03 06:30,baseline
EV-015,50,90.0,32.112,False,2026-10-03 06:30,baseline
EV-016,50,90.0,59.85,False,2026-10-03 06:30,baseline
EV-017,50,90.0,31.104,False,2026-10-03 06:30,baseline
EV-018,50,90.0,54.999,False,2026-10-03 06:30,baseline
EV-019,50,90.0,34.02,False,2026-10-03 06:30,baseline
EV-020,50,88.4,104.576,True,2026-10-03 06:30,baseline
EV-001,51,90.0,61.677,False,2026-10-03 06:45,baseline
EV-003,51,24.3,27.578,False,2026-10-03 06:45,baseline
EV-004,51,90.0,54.18,False,2026-10-03 06:45,baseline
EV-005,51,90.0,106.272,True,2026-10-03 06:45,baseline
EV-006,51,90.0,31.428,True,2026-10-03 06:45,baseline
EV-007,51,90.0,32.616,True,2026-10-03 06:45,baseline
EV-008,51,90.0,55.692,True,2026-10-03 06:45,baseline
EV-009,51,90.0,35.1,False,2026-10-03 06:45,baseline
EV-010,51,90.0,54.873,False,2026-10-03 06:45,baseline
EV-011,51,90.0,60.228,False,2026-10-03 06:45,baseline
EV-012,51,90.0,31.212,False,2026-10-03 06:45,baseline
EV-013,51,90.0,59.535,False,2026-10-03 06:45,baseline
EV-014,51,90.0,32.976,False,2026-10-03 06:45,baseline
EV-015,51,90.0,32.112,False,2026-10-03 06:45,baseline
EV-016,51,90.0,59.85,False,2026-10-03 06:45,baseline
EV-017,51,90.0,31.104,False,2026-10-03 06:45,baseline
EV-018,51,90.0,54.999,False,2026-10-03 06:45,baseline
EV-019,51,90.0,34.02,False,2026-10-03 06:45,baseline
EV-020,51,88.4,104.576,True,2026-10-03 06:45,baseline
EV-001,52,90.0,61.677,False,2026-10-03 07:00,baseline
EV-003,52,26.5,30.108,True,2026-10-03 07:00,baseline
EV-004,52,90.0,54.18,False,2026-10-03 07:00,baseline
EV-005,52,90.0,106.272,True,2026-10-03 07:00,baseline
EV-006,52,90.0,31.428,True,2026-10-03 07:00,baseline
EV-007,52,90.0,32.616,True,2026-10-03 07:00,baseline
EV-008,52,90.0,55.692,True,2026-10-03 07:00,baseline
EV-009,52,90.0,35.1,False,2026-10-03 07:00,baseline
EV-010,52,90.0,54.873,False,2026-10-03 07:00,baseline
EV-011,52,90.0,60.228,False,2026-10-03 07:00,baseline
EV-012,52,90.0,31.212,False,2026-10-03 07:00,baseline
EV-013,52,90.0,59.535,False,2026-10-03 07:00,baseline
EV-014,52,90.0,32.976,False,2026-10-03 07:00,baseline
EV-015,52,90.0,32.112,False,2026-10-03 07:00,baseline
EV-016,52,90.0,59.85,False,2026-10-03 07:00,baseline
EV-017,52,90.0,31.104,False,2026-10-03 07:00,baseline
EV-018,52,90.0,54.999,False,2026-10-03 07:00,baseline
EV-019,52,90.0,34.02,False,2026-10-03 07:00,baseline
EV-020,52,88.4,104.576,True,2026-10-03 07:00,baseline
EV-001,53,90.0,61.677,False,2026-10-03 07:15,baseline
EV-003,53,26.5,30.108,True,2026-10-03 07:15,baseline
EV-004,53,90.0,54.18,False,2026-10-03 07:15,baseline
EV-005,53,90.0,106.272,True,2026-10-03 07:15,baseline
EV-006,53,90.0,31.428,True,2026-10-03 07:15,baseline
EV-007,53,90.0,32.616,True,2026-10-03 07:15,baseline
EV-008,53,90.0,55.692,True,2026-10-03 07:15,baseline
EV-009,53,90.0,35.1,False,2026-10-03 07:15,baseline
EV-010,53,90.0,54.873,False,2026-10-03 07:15,baseline
EV-011,53,90.0,60.228,False,2026-10-03 07:15,baseline
EV-012,53,90.0,31.212,False,2026-10-03 07:15,baseline
EV-013,53,90.0,59.535,False,2026-10-03 07:15,baseline
EV-014,53,90.0,32.976,False,2026-10-03 07:15,baseline
EV-015,53,90.0,32.112,False,2026-10-03 07:15,baseline
EV-016,53,90.0,59.85,False,2026-10-03 07:15,baseline
EV-017,53,90.0,31.104,False,2026-10-03 07:15,baseline
EV-018,53,90.0,54.999,False,2026-10-03 07:15,baseline
EV-019,53,90.0,34.02,False,2026-10-03 07:15,baseline
EV-020,53,88.4,104.576,True,2026-10-03 07:15,baseline
EV-001,54,90.0,61.677,False,2026-10-03 07:30,baseline
EV-003,54,26.5,30.108,True,2026-10-03 07:30,baseline
EV-004,54,90.0,54.18,False,2026-10-03 07:30,baseline
EV-005,54,90.0,106.272,True,2026-10-03 07:30,baseline
EV-006,54,90.0,31.428,True,2026-10-03 07:30,baseline
EV-007,54,90.0,32.616,True,2026-10-03 07:30,baseline
EV-008,54,90.0,55.692,True,2026-10-03 07:30,baseline
EV-009,54,90.0,35.1,False,2026-10-03 07:30,baseline
EV-010,54,90.0,54.873,False,2026-10-03 07:30,baseline
EV-011,54,90.0,60.228,False,2026-10-03 07:30,baseline
EV-012,54,90.0,31.212,False,2026-10-03 07:30,baseline
EV-013,54,90.0,59.535,False,2026-10-03 07:30,baseline
EV-014,54,90.0,32.976,False,2026-10-03 07:30,baseline
EV-015,54,90.0,32.112,False,2026-10-03 07:30,baseline
EV-016,54,90.0,59.85,False,2026-10-03 07:30,baseline
EV-017,54,90.0,31.104,False,2026-10-03 07:30,baseline
EV-018,54,90.0,54.999,False,2026-10-03 07:30,baseline
EV-019,54,90.0,34.02,False,2026-10-03 07:30,baseline
EV-020,54,88.4,104.576,True,2026-10-03 07:30,baseline
EV-001,55,90.0,61.677,False,2026-10-03 07:45,baseline
EV-003,55,26.5,30.108,True,2026-10-03 07:45,baseline
EV-004,55,90.0,54.18,False,2026-10-03 07:45,baseline
EV-005,55,50.1,59.172,False,2026-10-03 07:45,baseline
EV-006,55,90.0,31.428,True,2026-10-03 07:45,baseline
EV-007,55,90.0,32.616,True,2026-10-03 07:45,baseline
EV-008,55,75.9,46.972,False,2026-10-03 07:45,baseline
EV-009,55,90.0,35.1,False,2026-10-03 07:45,baseline
EV-010,55,90.0,54.873,False,2026-10-03 07:45,baseline
EV-011,55,90.0,60.228,False,2026-10-03 07:45,baseline
EV-012,55,90.0,31.212,False,2026-10-03 07:45,baseline
EV-013,55,90.0,59.535,False,2026-10-03 07:45,baseline
EV-014,55,90.0,32.976,False,2026-10-03 07:45,baseline
EV-015,55,90.0,32.112,False,2026-10-03 07:45,baseline
EV-016,55,90.0,59.85,False,2026-10-03 07:45,baseline
EV-017,55,90.0,31.104,False,2026-10-03 07:45,baseline
EV-018,55,90.0,54.999,False,2026-10-03 07:45,baseline
EV-019,55,90.0,34.02,False,2026-10-03 07:45,baseline
EV-020,55,88.4,104.576,True,2026-10-03 07:45,baseline
EV-001,56,90.0,61.677,False,2026-10-03 08:00,baseline
EV-003,56,26.5,30.108,True,2026-10-03 08:00,baseline
EV-004,56,90.0,54.18,False,2026-10-03 08:00,baseline
EV-005,56,52.3,61.702,False,2026-10-03 08:00,baseline
EV-006,56,66.1,23.084,False,2026-10-03 08:00,baseline
EV-007,56,90.0,32.616,True,2026-10-03 08:00,baseline
EV-008,56,80.0,49.502,False,2026-10-03 08:00,baseline
EV-009,56,90.0,35.1,False,2026-10-03 08:00,baseline
EV-010,56,90.0,54.873,False,2026-10-03 08:00,baseline
EV-011,56,90.0,60.228,False,2026-10-03 08:00,baseline
EV-012,56,90.0,31.212,False,2026-10-03 08:00,baseline
EV-013,56,90.0,59.535,False,2026-10-03 08:00,baseline
EV-014,56,90.0,32.976,False,2026-10-03 08:00,baseline
EV-015,56,90.0,32.112,False,2026-10-03 08:00,baseline
EV-016,56,90.0,59.85,False,2026-10-03 08:00,baseline
EV-017,56,90.0,31.104,False,2026-10-03 08:00,baseline
EV-018,56,90.0,54.999,False,2026-10-03 08:00,baseline
EV-019,56,90.0,34.02,False,2026-10-03 08:00,baseline
EV-020,56,88.4,104.576,True,2026-10-03 08:00,baseline
EV-001,57,90.0,61.677,False,2026-10-03 08:15,baseline
EV-003,57,26.5,30.108,True,2026-10-03 08:15,baseline
EV-004,57,90.0,54.18,False,2026-10-03 08:15,baseline
EV-005,57,54.4,64.232,True,2026-10-03 08:15,baseline
EV-006,57,71.0,24.786,False,2026-10-03 08:15,baseline
EV-007,57,90.0,32.616,True,2026-10-03 08:15,baseline
EV-008,57,84.1,52.032,True,2026-10-03 08:15,baseline
EV-009,57,90.0,35.1,False,2026-10-03 08:15,baseline
EV-010,57,90.0,54.873,False,2026-10-03 08:15,baseline
EV-011,57,90.0,60.228,False,2026-10-03 08:15,baseline
EV-012,57,90.0,31.212,False,2026-10-03 08:15,baseline
EV-013,57,90.0,59.535,False,2026-10-03 08:15,baseline
EV-014,57,90.0,32.976,False,2026-10-03 08:15,baseline
EV-015,57,90.0,32.112,False,2026-10-03 08:15,baseline
EV-016,57,90.0,59.85,False,2026-10-03 08:15,baseline
EV-017,57,90.0,31.104,False,2026-10-03 08:15,baseline
EV-018,57,90.0,54.999,False,2026-10-03 08:15,baseline
EV-019,57,90.0,34.02,False,2026-10-03 08:15,baseline
EV-020,57,88.4,104.576,True,2026-10-03 08:15,baseline
EV-001,58,90.0,61.677,False,2026-10-03 08:30,baseline
EV-003,58,26.5,30.108,True,2026-10-03 08:30,baseline
EV-004,58,90.0,54.18,False,2026-10-03 08:30,baseline
EV-005,58,54.4,64.232,True,2026-10-03 08:30,baseline
EV-006,58,75.9,26.488,False,2026-10-03 08:30,baseline
EV-007,58,90.0,32.616,True,2026-10-03 08:30,baseline
EV-008,58,84.1,52.032,True,2026-10-03 08:30,baseline
EV-009,58,90.0,35.1,False,2026-10-03 08:30,baseline
EV-010,58,90.0,54.873,False,2026-10-03 08:30,baseline
EV-011,58,90.0,60.228,False,2026-10-03 08:30,baseline
EV-012,58,90.0,31.212,False,2026-10-03 08:30,baseline
EV-013,58,90.0,59.535,False,2026-10-03 08:30,baseline
EV-014,58,90.0,32.976,False,2026-10-03 08:30,baseline
EV-015,58,90.0,32.112,False,2026-10-03 08:30,baseline
EV-016,58,90.0,59.85,False,2026-10-03 08:30,baseline
EV-017,58,90.0,31.104,False,2026-10-03 08:30,baseline
EV-018,58,90.0,54.999,False,2026-10-03 08:30,baseline
EV-019,58,90.0,34.02,False,2026-10-03 08:30,baseline
EV-020,58,88.4,104.576,True,2026-10-03 08:30,baseline
EV-001,59,90.0,61.677,False,2026-10-03 08:45,baseline
EV-003,59,26.5,30.108,True,2026-10-03 08:45,baseline
EV-004,59,90.0,54.18,False,2026-10-03 08:45,baseline
EV-005,59,54.4,64.232,True,2026-10-03 08:45,baseline
EV-006,59,80.7,28.19,False,2026-10-03 08:45,baseline
EV-007,59,55.4,20.067,False,2026-10-03 08:45,baseline
EV-008,59,84.1,52.032,True,2026-10-03 08:45,baseline
EV-009,59,90.0,35.1,False,2026-10-03 08:45,baseline
EV-010,59,90.0,54.873,False,2026-10-03 08:45,baseline
EV-011,59,90.0,60.228,False,2026-10-03 08:45,baseline
EV-012,59,90.0,31.212,False,2026-10-03 08:45,baseline
EV-013,59,90.0,59.535,False,2026-10-03 08:45,baseline
EV-014,59,90.0,32.976,False,2026-10-03 08:45,baseline
EV-015,59,90.0,32.112,False,2026-10-03 08:45,baseline
EV-016,59,90.0,59.85,False,2026-10-03 08:45,baseline
EV-017,59,90.0,31.104,False,2026-10-03 08:45,baseline
EV-018,59,90.0,54.999,False,2026-10-03 08:45,baseline
EV-019,59,90.0,34.02,False,2026-10-03 08:45,baseline
EV-020,59,48.1,56.968,False,2026-10-03 08:45,baseline
EV-001,60,90.0,61.677,False,2026-10-03 09:00,baseline
EV-003,60,0.0,0.0,False,2026-10-03 09:00,baseline
EV-004,60,90.0,54.18,False,2026-10-03 09:00,baseline
EV-005,60,54.4,64.232,True,2026-10-03 09:00,baseline
EV-006,60,85.6,29.892,False,2026-10-03 09:00,baseline
EV-007,60,60.1,21.769,False,2026-10-03 09:00,baseline
EV-008,60,84.1,52.032,True,2026-10-03 09:00,baseline
EV-009,60,90.0,35.1,False,2026-10-03 09:00,baseline
EV-010,60,90.0,54.873,False,2026-10-03 09:00,baseline
EV-011,60,90.0,60.228,False,2026-10-03 09:00,baseline
EV-012,60,90.0,31.212,False,2026-10-03 09:00,baseline
EV-013,60,90.0,59.535,False,2026-10-03 09:00,baseline
EV-014,60,90.0,32.976,False,2026-10-03 09:00,baseline
EV-015,60,90.0,32.112,False,2026-10-03 09:00,baseline
EV-016,60,90.0,59.85,False,2026-10-03 09:00,baseline
EV-017,60,90.0,31.104,False,2026-10-03 09:00,baseline
EV-018,60,90.0,54.999,False,2026-10-03 09:00,baseline
EV-019,60,90.0,34.02,False,2026-10-03 09:00,baseline
EV-020,60,50.3,59.498,False,2026-10-03 09:00,baseline
EV-001,61,90.0,61.677,False,2026-10-03 09:15,baseline
EV-003,61,2.2,2.53,False,2026-10-03 09:15,baseline
EV-004,61,90.0,54.18,False,2026-10-03 09:15,baseline
EV-005,61,54.4,64.232,True,2026-10-03 09:15,baseline
EV-006,61,90.0,31.428,False,2026-10-03 09:15,baseline
EV-007,61,64.8,23.471,False,2026-10-03 09:15,baseline
EV-008,61,84.1,52.032,True,2026-10-03 09:15,baseline
EV-009,61,90.0,35.1,False,2026-10-03 09:15,baseline
EV-010,61,90.0,54.873,False,2026-10-03 09:15,baseline
EV-011,61,90.0,60.228,False,2026-10-03 09:15,baseline
EV-012,61,90.0,31.212,False,2026-10-03 09:15,baseline
EV-013,61,90.0,59.535,False,2026-10-03 09:15,baseline
EV-014,61,90.0,32.976,False,2026-10-03 09:15,baseline
EV-015,61,90.0,32.112,False,2026-10-03 09:15,baseline
EV-016,61,90.0,59.85,False,2026-10-03 09:15,baseline
EV-017,61,90.0,31.104,False,2026-10-03 09:15,baseline
EV-018,61,90.0,54.999,False,2026-10-03 09:15,baseline
EV-019,61,90.0,34.02,False,2026-10-03 09:15,baseline
EV-020,61,52.4,62.028,False,2026-10-03 09:15,baseline
EV-001,62,90.0,61.677,False,2026-10-03 09:30,baseline
EV-003,62,4.5,5.06,False,2026-10-03 09:30,baseline
EV-004,62,90.0,54.18,False,2026-10-03 09:30,baseline
EV-005,62,54.4,64.232,True,2026-10-03 09:30,baseline
EV-006,62,90.0,31.428,False,2026-10-03 09:30,baseline
EV-007,62,69.5,25.173,False,2026-10-03 09:30,baseline
EV-008,62,84.1,52.032,True,2026-10-03 09:30,baseline
EV-009,62,90.0,35.1,False,2026-10-03 09:30,baseline
EV-010,62,90.0,54.873,False,2026-10-03 09:30,baseline
EV-011,62,90.0,60.228,False,2026-10-03 09:30,baseline
EV-012,62,90.0,31.212,False,2026-10-03 09:30,baseline
EV-013,62,90.0,59.535,False,2026-10-03 09:30,baseline
EV-014,62,90.0,32.976,False,2026-10-03 09:30,baseline
EV-015,62,90.0,32.112,False,2026-10-03 09:30,baseline
EV-016,62,90.0,59.85,False,2026-10-03 09:30,baseline
EV-017,62,90.0,31.104,False,2026-10-03 09:30,baseline
EV-018,62,90.0,54.999,False,2026-10-03 09:30,baseline
EV-019,62,90.0,34.02,False,2026-10-03 09:30,baseline
EV-020,62,54.6,64.558,False,2026-10-03 09:30,baseline
EV-001,63,90.0,61.677,False,2026-10-03 09:45,baseline
EV-003,63,6.7,7.59,False,2026-10-03 09:45,baseline
EV-004,63,90.0,54.18,False,2026-10-03 09:45,baseline
EV-005,63,54.4,64.232,True,2026-10-03 09:45,baseline
EV-006,63,90.0,31.428,False,2026-10-03 09:45,baseline
EV-007,63,74.2,26.875,False,2026-10-03 09:45,baseline
EV-008,63,84.1,52.032,True,2026-10-03 09:45,baseline
EV-009,63,90.0,35.1,False,2026-10-03 09:45,baseline
EV-010,63,90.0,54.873,False,2026-10-03 09:45,baseline
EV-011,63,90.0,60.228,False,2026-10-03 09:45,baseline
EV-012,63,90.0,31.212,False,2026-10-03 09:45,baseline
EV-013,63,90.0,59.535,False,2026-10-03 09:45,baseline
EV-014,63,90.0,32.976,False,2026-10-03 09:45,baseline
EV-015,63,90.0,32.112,False,2026-10-03 09:45,baseline
EV-016,63,90.0,59.85,False,2026-10-03 09:45,baseline
EV-017,63,90.0,31.104,False,2026-10-03 09:45,baseline
EV-018,63,90.0,54.999,False,2026-10-03 09:45,baseline
EV-019,63,90.0,34.02,False,2026-10-03 09:45,baseline
EV-020,63,56.7,67.088,False,2026-10-03 09:45,baseline
EV-001,64,90.0,61.677,False,2026-10-03 10:00,baseline
EV-003,64,8.9,10.12,False,2026-10-03 10:00,baseline
EV-004,64,90.0,54.18,False,2026-10-03 10:00,baseline
EV-005,64,54.4,64.232,True,2026-10-03 10:00,baseline
EV-006,64,90.0,31.428,False,2026-10-03 10:00,baseline
EV-007,64,78.9,28.577,False,2026-10-03 10:00,baseline
EV-008,64,84.1,52.032,True,2026-10-03 10:00,baseline
EV-009,64,90.0,35.1,False,2026-10-03 10:00,baseline
EV-010,64,90.0,54.873,False,2026-10-03 10:00,baseline
EV-011,64,90.0,60.228,False,2026-10-03 10:00,baseline
EV-012,64,90.0,31.212,False,2026-10-03 10:00,baseline
EV-013,64,90.0,59.535,False,2026-10-03 10:00,baseline
EV-014,64,90.0,32.976,False,2026-10-03 10:00,baseline
EV-015,64,90.0,32.112,False,2026-10-03 10:00,baseline
EV-016,64,90.0,59.85,False,2026-10-03 10:00,baseline
EV-017,64,90.0,31.104,False,2026-10-03 10:00,baseline
EV-018,64,90.0,54.999,False,2026-10-03 10:00,baseline
EV-019,64,90.0,34.02,False,2026-10-03 10:00,baseline
EV-020,64,58.8,69.618,False,2026-10-03 10:00,baseline
EV-001,65,90.0,61.677,False,2026-10-03 10:15,baseline
EV-003,65,11.1,12.65,False,2026-10-03 10:15,baseline
EV-004,65,90.0,54.18,False,2026-10-03 10:15,baseline
EV-005,65,45.2,53.402,False,2026-10-03 10:15,baseline
EV-006,65,90.0,31.428,False,2026-10-03 10:15,baseline
EV-007,65,83.6,30.279,False,2026-10-03 10:15,baseline
EV-008,65,52.5,32.513,False,2026-10-03 10:15,baseline
EV-009,65,90.0,35.1,False,2026-10-03 10:15,baseline
EV-010,65,90.0,54.873,False,2026-10-03 10:15,baseline
EV-011,65,90.0,60.228,False,2026-10-03 10:15,baseline
EV-012,65,90.0,31.212,False,2026-10-03 10:15,baseline
EV-013,65,90.0,59.535,False,2026-10-03 10:15,baseline
EV-014,65,90.0,32.976,False,2026-10-03 10:15,baseline
EV-015,65,90.0,32.112,False,2026-10-03 10:15,baseline
EV-016,65,90.0,59.85,False,2026-10-03 10:15,baseline
EV-017,65,90.0,31.104,False,2026-10-03 10:15,baseline
EV-018,65,90.0,54.999,False,2026-10-03 10:15,baseline
EV-019,65,90.0,34.02,False,2026-10-03 10:15,baseline
EV-020,65,61.0,72.148,False,2026-10-03 10:15,baseline
EV-001,66,90.0,61.677,False,2026-10-03 10:30,baseline
EV-003,66,13.4,15.18,False,2026-10-03 10:30,baseline
EV-004,66,90.0,54.18,False,2026-10-03 10:30,baseline
EV-005,66,47.4,55.932,False,2026-10-03 10:30,baseline
EV-006,66,90.0,31.428,False,2026-10-03 10:30,baseline
EV-007,66,88.2,31.981,False,2026-10-03 10:30,baseline
EV-008,66,56.6,35.043,False,2026-10-03 10:30,baseline
EV-009,66,90.0,35.1,False,2026-10-03 10:30,baseline
EV-010,66,90.0,54.873,False,2026-10-03 10:30,baseline
EV-011,66,90.0,60.228,False,2026-10-03 10:30,baseline
EV-012,66,90.0,31.212,False,2026-10-03 10:30,baseline
EV-013,66,90.0,59.535,False,2026-10-03 10:30,baseline
EV-014,66,90.0,32.976,False,2026-10-03 10:30,baseline
EV-015,66,90.0,32.112,False,2026-10-03 10:30,baseline
EV-016,66,90.0,59.85,False,2026-10-03 10:30,baseline
EV-017,66,90.0,31.104,False,2026-10-03 10:30,baseline
EV-018,66,90.0,54.999,False,2026-10-03 10:30,baseline
EV-019,66,90.0,34.02,False,2026-10-03 10:30,baseline
EV-020,66,63.1,74.678,False,2026-10-03 10:30,baseline
EV-001,67,90.0,61.677,False,2026-10-03 10:45,baseline
EV-003,67,15.6,17.71,False,2026-10-03 10:45,baseline
EV-004,67,90.0,54.18,False,2026-10-03 10:45,baseline
EV-005,67,49.5,58.462,False,2026-10-03 10:45,baseline
EV-006,67,90.0,31.428,False,2026-10-03 10:45,baseline
EV-007,67,90.0,32.616,False,2026-10-03 10:45,baseline
EV-008,67,60.7,37.573,False,2026-10-03 10:45,baseline
EV-009,67,90.0,35.1,False,2026-10-03 10:45,baseline
EV-010,67,90.0,54.873,False,2026-10-03 10:45,baseline
EV-011,67,90.0,60.228,False,2026-10-03 10:45,baseline
EV-012,67,90.0,31.212,False,2026-10-03 10:45,baseline
EV-013,67,90.0,59.535,False,2026-10-03 10:45,baseline
EV-014,67,90.0,32.976,False,2026-10-03 10:45,baseline
EV-015,67,90.0,32.112,False,2026-10-03 10:45,baseline
EV-016,67,90.0,59.85,False,2026-10-03 10:45,baseline
EV-017,67,90.0,31.104,False,2026-10-03 10:45,baseline
EV-018,67,90.0,54.999,False,2026-10-03 10:45,baseline
EV-019,67,90.0,34.02,False,2026-10-03 10:45,baseline
EV-020,67,65.3,77.208,False,2026-10-03 10:45,baseline
EV-001,68,90.0,61.677,False,2026-10-03 11:00,baseline
EV-003,68,17.8,20.24,False,2026-10-03 11:00,baseline
EV-004,68,90.0,54.18,False,2026-10-03 11:00,baseline
EV-005,68,51.7,60.992,False,2026-10-03 11:00,baseline
EV-006,68,90.0,31.428,False,2026-10-03 11:00,baseline
EV-007,68,90.0,32.616,False,2026-10-03 11:00,baseline
EV-008,68,64.8,40.103,False,2026-10-03 11:00,baseline
EV-009,68,90.0,35.1,False,2026-10-03 11:00,baseline
EV-010,68,90.0,54.873,False,2026-10-03 11:00,baseline
EV-011,68,90.0,60.228,False,2026-10-03 11:00,baseline
EV-012,68,90.0,31.212,False,2026-10-03 11:00,baseline
EV-013,68,90.0,59.535,False,2026-10-03 11:00,baseline
EV-014,68,90.0,32.976,False,2026-10-03 11:00,baseline
EV-015,68,90.0,32.112,False,2026-10-03 11:00,baseline
EV-016,68,90.0,59.85,False,2026-10-03 11:00,baseline
EV-017,68,90.0,31.104,False,2026-10-03 11:00,baseline
EV-018,68,90.0,54.999,False,2026-10-03 11:00,baseline
EV-019,68,90.0,34.02,False,2026-10-03 11:00,baseline
EV-020,68,67.4,79.738,False,2026-10-03 11:00,baseline
EV-001,69,90.0,61.677,False,2026-10-03 11:15,baseline
EV-003,69,20.0,22.77,False,2026-10-03 11:15,baseline
EV-004,69,90.0,54.18,False,2026-10-03 11:15,baseline
EV-005,69,53.8,63.522,False,2026-10-03 11:15,baseline
EV-006,69,90.0,31.428,False,2026-10-03 11:15,baseline
EV-007,69,90.0,32.616,False,2026-10-03 11:15,baseline
EV-008,69,68.9,42.633,False,2026-10-03 11:15,baseline
EV-009,69,90.0,35.1,False,2026-10-03 11:15,baseline
EV-010,69,90.0,54.873,False,2026-10-03 11:15,baseline
EV-011,69,90.0,60.228,False,2026-10-03 11:15,baseline
EV-012,69,90.0,31.212,False,2026-10-03 11:15,baseline
EV-013,69,90.0,59.535,False,2026-10-03 11:15,baseline
EV-014,69,90.0,32.976,False,2026-10-03 11:15,baseline
EV-015,69,90.0,32.112,False,2026-10-03 11:15,baseline
EV-016,69,90.0,59.85,False,2026-10-03 11:15,baseline
EV-017,69,90.0,31.104,False,2026-10-03 11:15,baseline
EV-018,69,90.0,54.999,False,2026-10-03 11:15,baseline
EV-019,69,90.0,34.02,False,2026-10-03 11:15,baseline
EV-020,69,69.5,82.268,False,2026-10-03 11:15,baseline
EV-001,70,90.0,61.677,False,2026-10-03 11:30,baseline
EV-003,70,22.3,25.3,False,2026-10-03 11:30,baseline
EV-004,70,90.0,54.18,False,2026-10-03 11:30,baseline
EV-005,70,55.9,66.052,False,2026-10-03 11:30,baseline
EV-006,70,90.0,31.428,False,2026-10-03 11:30,baseline
EV-007,70,90.0,32.616,False,2026-10-03 11:30,baseline
EV-008,70,73.0,45.163,False,2026-10-03 11:30,baseline
EV-009,70,90.0,35.1,False,2026-10-03 11:30,baseline
EV-010,70,90.0,54.873,False,2026-10-03 11:30,baseline
EV-011,70,90.0,60.228,False,2026-10-03 11:30,baseline
EV-012,70,90.0,31.212,False,2026-10-03 11:30,baseline
EV-013,70,90.0,59.535,False,2026-10-03 11:30,baseline
EV-014,70,90.0,32.976,False,2026-10-03 11:30,baseline
EV-015,70,90.0,32.112,False,2026-10-03 11:30,baseline
EV-016,70,90.0,59.85,False,2026-10-03 11:30,baseline
EV-017,70,90.0,31.104,False,2026-10-03 11:30,baseline
EV-018,70,90.0,54.999,False,2026-10-03 11:30,baseline
EV-019,70,90.0,34.02,False,2026-10-03 11:30,baseline
EV-020,70,71.7,84.798,False,2026-10-03 11:30,baseline
EV-001,71,90.0,61.677,False,2026-10-03 11:45,baseline
EV-003,71,24.5,27.83,True,2026-10-03 11:45,baseline
EV-004,71,90.0,54.18,False,2026-10-03 11:45,baseline
EV-005,71,58.1,68.582,False,2026-10-03 11:45,baseline
EV-006,71,90.0,31.428,False,2026-10-03 11:45,baseline
EV-007,71,90.0,32.616,False,2026-10-03 11:45,baseline
EV-008,71,77.1,47.693,False,2026-10-03 11:45,baseline
EV-009,71,90.0,35.1,False,2026-10-03 11:45,baseline
EV-010,71,90.0,54.873,False,2026-10-03 11:45,baseline
EV-011,71,90.0,60.228,False,2026-10-03 11:45,baseline
EV-012,71,90.0,31.212,False,2026-10-03 11:45,baseline
EV-013,71,90.0,59.535,False,2026-10-03 11:45,baseline
EV-014,71,90.0,32.976,False,2026-10-03 11:45,baseline
EV-015,71,90.0,32.112,False,2026-10-03 11:45,baseline
EV-016,71,90.0,59.85,False,2026-10-03 11:45,baseline
EV-017,71,90.0,31.104,False,2026-10-03 11:45,baseline
EV-018,71,90.0,54.999,False,2026-10-03 11:45,baseline
EV-019,71,90.0,34.02,False,2026-10-03 11:45,baseline
EV-020,71,73.8,87.328,False,2026-10-03 11:45,baseline
EV-001,72,90.0,61.677,False,2026-10-03 12:00,baseline
EV-003,72,24.5,27.83,True,2026-10-03 12:00,baseline
EV-004,72,90.0,54.18,False,2026-10-03 12:00,baseline
EV-005,72,60.2,71.112,False,2026-10-03 12:00,baseline
EV-006,72,90.0,31.428,False,2026-10-03 12:00,baseline
EV-007,72,90.0,32.616,False,2026-10-03 12:00,baseline
EV-008,72,81.2,50.223,False,2026-10-03 12:00,baseline
EV-009,72,90.0,35.1,False,2026-10-03 12:00,baseline
EV-010,72,90.0,54.873,False,2026-10-03 12:00,baseline
EV-011,72,90.0,60.228,False,2026-10-03 12:00,baseline
EV-012,72,90.0,31.212,False,2026-10-03 12:00,baseline
EV-013,72,90.0,59.535,False,2026-10-03 12:00,baseline
EV-014,72,90.0,32.976,False,2026-10-03 12:00,baseline
EV-015,72,90.0,32.112,False,2026-10-03 12:00,baseline
EV-016,72,90.0,59.85,False,2026-10-03 12:00,baseline
EV-017,72,90.0,31.104,False,2026-10-03 12:00,baseline
EV-018,72,90.0,54.999,False,2026-10-03 12:00,baseline
EV-019,72,90.0,34.02,False,2026-10-03 12:00,baseline
EV-020,72,75.9,89.858,False,2026-10-03 12:00,baseline
EV-001,73,90.0,61.677,False,2026-10-03 12:15,baseline
EV-003,73,24.5,27.83,True,2026-10-03 12:15,baseline
EV-004,73,90.0,54.18,False,2026-10-03 12:15,baseline
EV-005,73,62.4,73.642,True,2026-10-03 12:15,baseline
EV-006,73,90.0,31.428,False,2026-10-03 12:15,baseline
EV-007,73,90.0,32.616,False,2026-10-03 12:15,baseline
EV-008,73,85.3,52.753,False,2026-10-03 12:15,baseline
EV-009,73,90.0,35.1,False,2026-10-03 12:15,baseline
EV-010,73,90.0,54.873,False,2026-10-03 12:15,baseline
EV-011,73,90.0,60.228,False,2026-10-03 12:15,baseline
EV-012,73,90.0,31.212,False,2026-10-03 12:15,baseline
EV-013,73,90.0,59.535,False,2026-10-03 12:15,baseline
EV-014,73,90.0,32.976,False,2026-10-03 12:15,baseline
EV-015,73,90.0,32.112,False,2026-10-03 12:15,baseline
EV-016,73,90.0,59.85,False,2026-10-03 12:15,baseline
EV-017,73,90.0,31.104,False,2026-10-03 12:15,baseline
EV-018,73,90.0,54.999,False,2026-10-03 12:15,baseline
EV-019,73,90.0,34.02,False,2026-10-03 12:15,baseline
EV-020,73,78.1,92.388,False,2026-10-03 12:15,baseline
EV-001,74,90.0,61.677,False,2026-10-03 12:30,baseline
EV-003,74,24.5,27.83,True,2026-10-03 12:30,baseline
EV-004,74,90.0,54.18,False,2026-10-03 12:30,baseline
EV-005,74,62.4,73.642,True,2026-10-03 12:30,baseline
EV-006,74,90.0,31.428,False,2026-10-03 12:30,baseline
EV-007,74,90.0,32.616,False,2026-10-03 12:30,baseline
EV-008,74,89.3,55.283,False,2026-10-03 12:30,baseline
EV-009,74,90.0,35.1,False,2026-10-03 12:30,baseline
EV-010,74,90.0,54.873,False,2026-10-03 12:30,baseline
EV-011,74,90.0,60.228,False,2026-10-03 12:30,baseline
EV-012,74,90.0,31.212,False,2026-10-03 12:30,baseline
EV-013,74,90.0,59.535,False,2026-10-03 12:30,baseline
EV-014,74,90.0,32.976,False,2026-10-03 12:30,baseline
EV-015,74,90.0,32.112,False,2026-10-03 12:30,baseline
EV-016,74,90.0,59.85,False,2026-10-03 12:30,baseline
EV-017,74,90.0,31.104,False,2026-10-03 12:30,baseline
EV-018,74,90.0,54.999,False,2026-10-03 12:30,baseline
EV-019,74,90.0,34.02,False,2026-10-03 12:30,baseline
EV-020,74,80.2,94.918,False,2026-10-03 12:30,baseline
EV-001,75,90.0,61.677,False,2026-10-03 12:45,baseline
EV-003,75,24.5,27.83,True,2026-10-03 12:45,baseline
EV-004,75,90.0,54.18,False,2026-10-03 12:45,baseline
EV-005,75,62.4,73.642,True,2026-10-03 12:45,baseline
EV-006,75,90.0,31.428,False,2026-10-03 12:45,baseline
EV-007,75,90.0,32.616,False,2026-10-03 12:45,baseline
EV-008,75,90.0,55.692,False,2026-10-03 12:45,baseline
EV-009,75,90.0,35.1,False,2026-10-03 12:45,baseline
EV-010,75,90.0,54.873,False,2026-10-03 12:45,baseline
EV-011,75,90.0,60.228,False,2026-10-03 12:45,baseline
EV-012,75,90.0,31.212,False,2026-10-03 12:45,baseline
EV-013,75,90.0,59.535,False,2026-10-03 12:45,baseline
EV-014,75,90.0,32.976,False,2026-10-03 12:45,baseline
EV-015,75,90.0,32.112,False,2026-10-03 12:45,baseline
EV-016,75,90.0,59.85,False,2026-10-03 12:45,baseline
EV-017,75,90.0,31.104,False,2026-10-03 12:45,baseline
EV-018,75,90.0,54.999,False,2026-10-03 12:45,baseline
EV-019,75,90.0,34.02,False,2026-10-03 12:45,baseline
EV-020,75,82.4,97.448,True,2026-10-03 12:45,baseline
EV-001,76,90.0,61.677,False,2026-10-03 13:00,baseline
EV-003,76,24.5,27.83,True,2026-10-03 13:00,baseline
EV-004,76,90.0,54.18,False,2026-10-03 13:00,baseline
EV-005,76,62.4,73.642,True,2026-10-03 13:00,baseline
EV-006,76,90.0,31.428,False,2026-10-03 13:00,baseline
EV-007,76,90.0,32.616,False,2026-10-03 13:00,baseline
EV-008,76,90.0,55.692,False,2026-10-03 13:00,baseline
EV-009,76,90.0,35.1,False,2026-10-03 13:00,baseline
EV-010,76,90.0,54.873,False,2026-10-03 13:00,baseline
EV-011,76,90.0,60.228,False,2026-10-03 13:00,baseline
EV-012,76,90.0,31.212,False,2026-10-03 13:00,baseline
EV-013,76,90.0,59.535,False,2026-10-03 13:00,baseline
EV-014,76,90.0,32.976,False,2026-10-03 13:00,baseline
EV-015,76,90.0,32.112,False,2026-10-03 13:00,baseline
EV-016,76,90.0,59.85,False,2026-10-03 13:00,baseline
EV-017,76,90.0,31.104,False,2026-10-03 13:00,baseline
EV-018,76,90.0,54.999,False,2026-10-03 13:00,baseline
EV-019,76,90.0,34.02,False,2026-10-03 13:00,baseline
EV-020,76,82.4,97.448,True,2026-10-03 13:00,baseline
EV-001,77,90.0,61.677,False,2026-10-03 13:15,baseline
EV-003,77,24.5,27.83,True,2026-10-03 13:15,baseline
EV-004,77,90.0,54.18,False,2026-10-03 13:15,baseline
EV-005,77,62.4,73.642,True,2026-10-03 13:15,baseline
EV-006,77,90.0,31.428,False,2026-10-03 13:15,baseline
EV-007,77,90.0,32.616,False,2026-10-03 13:15,baseline
EV-008,77,90.0,55.692,False,2026-10-03 13:15,baseline
EV-009,77,90.0,35.1,False,2026-10-03 13:15,baseline
EV-010,77,90.0,54.873,False,2026-10-03 13:15,baseline
EV-011,77,90.0,60.228,False,2026-10-03 13:15,baseline
EV-012,77,90.0,31.212,False,2026-10-03 13:15,baseline
EV-013,77,90.0,59.535,False,2026-10-03 13:15,baseline
EV-014,77,90.0,32.976,False,2026-10-03 13:15,baseline
EV-015,77,90.0,32.112,False,2026-10-03 13:15,baseline
EV-016,77,90.0,59.85,False,2026-10-03 13:15,baseline
EV-017,77,90.0,31.104,False,2026-10-03 13:15,baseline
EV-018,77,90.0,54.999,False,2026-10-03 13:15,baseline
EV-019,77,90.0,34.02,False,2026-10-03 13:15,baseline
EV-020,77,82.4,97.448,True,2026-10-03 13:15,baseline
EV-001,78,90.0,61.677,False,2026-10-03 13:30,baseline
EV-003,78,24.5,27.83,True,2026-10-03 13:30,baseline
EV-004,78,90.0,54.18,False,2026-10-03 13:30,baseline
EV-005,78,62.4,73.642,True,2026-10-03 13:30,baseline
EV-006,78,90.0,31.428,False,2026-10-03 13:30,baseline
EV-007,78,90.0,32.616,False,2026-10-03 13:30,baseline
EV-008,78,90.0,55.692,False,2026-10-03 13:30,baseline
EV-009,78,90.0,35.1,False,2026-10-03 13:30,baseline
EV-010,78,90.0,54.873,False,2026-10-03 13:30,baseline
EV-011,78,90.0,60.228,False,2026-10-03 13:30,baseline
EV-012,78,90.0,31.212,False,2026-10-03 13:30,baseline
EV-013,78,90.0,59.535,False,2026-10-03 13:30,baseline
EV-014,78,90.0,32.976,False,2026-10-03 13:30,baseline
EV-015,78,90.0,32.112,False,2026-10-03 13:30,baseline
EV-016,78,90.0,59.85,False,2026-10-03 13:30,baseline
EV-017,78,90.0,31.104,False,2026-10-03 13:30,baseline
EV-018,78,90.0,54.999,False,2026-10-03 13:30,baseline
EV-019,78,90.0,34.02,False,2026-10-03 13:30,baseline
EV-020,78,82.4,97.448,True,2026-10-03 13:30,baseline
EV-001,79,90.0,61.677,False,2026-10-03 13:45,baseline
EV-003,79,24.5,27.83,True,2026-10-03 13:45,baseline
EV-004,79,90.0,54.18,False,2026-10-03 13:45,baseline
EV-005,79,62.4,73.642,True,2026-10-03 13:45,baseline
EV-006,79,90.0,31.428,False,2026-10-03 13:45,baseline
EV-007,79,90.0,32.616,False,2026-10-03 13:45,baseline
EV-008,79,90.0,55.692,False,2026-10-03 13:45,baseline
EV-009,79,90.0,35.1,False,2026-10-03 13:45,baseline
EV-010,79,90.0,54.873,False,2026-10-03 13:45,baseline
EV-011,79,90.0,60.228,False,2026-10-03 13:45,baseline
EV-012,79,90.0,31.212,False,2026-10-03 13:45,baseline
EV-013,79,90.0,59.535,False,2026-10-03 13:45,baseline
EV-014,79,90.0,32.976,False,2026-10-03 13:45,baseline
EV-015,79,90.0,32.112,False,2026-10-03 13:45,baseline
EV-016,79,90.0,59.85,False,2026-10-03 13:45,baseline
EV-017,79,90.0,31.104,False,2026-10-03 13:45,baseline
EV-018,79,90.0,54.999,False,2026-10-03 13:45,baseline
EV-019,79,90.0,34.02,False,2026-10-03 13:45,baseline
EV-020,79,82.4,97.448,True,2026-10-03 13:45,baseline
EV-001,80,90.0,61.677,False,2026-10-03 14:00,baseline
EV-003,80,0.0,0.0,False,2026-10-03 14:00,baseline
EV-004,80,90.0,54.18,False,2026-10-03 14:00,baseline
EV-005,80,62.4,73.642,True,2026-10-03 14:00,baseline
EV-006,80,90.0,31.428,False,2026-10-03 14:00,baseline
EV-007,80,90.0,32.616,False,2026-10-03 14:00,baseline
EV-008,80,90.0,55.692,False,2026-10-03 14:00,baseline
EV-009,80,90.0,35.1,False,2026-10-03 14:00,baseline
EV-010,80,90.0,54.873,False,2026-10-03 14:00,baseline
EV-011,80,90.0,60.228,False,2026-10-03 14:00,baseline
EV-012,80,90.0,31.212,False,2026-10-03 14:00,baseline
EV-013,80,90.0,59.535,False,2026-10-03 14:00,baseline
EV-014,80,90.0,32.976,False,2026-10-03 14:00,baseline
EV-015,80,90.0,32.112,False,2026-10-03 14:00,baseline
EV-016,80,90.0,59.85,False,2026-10-03 14:00,baseline
EV-017,80,90.0,31.104,False,2026-10-03 14:00,baseline
EV-018,80,90.0,54.999,False,2026-10-03 14:00,baseline
EV-019,80,90.0,34.02,False,2026-10-03 14:00,baseline
EV-020,80,82.4,97.448,True,2026-10-03 14:00,baseline
EV-001,81,90.0,61.677,False,2026-10-03 14:15,baseline
EV-003,81,2.2,2.53,False,2026-10-03 14:15,baseline
EV-004,81,90.0,54.18,False,2026-10-03 14:15,baseline
EV-005,81,49.7,58.635,False,2026-10-03 14:15,baseline
EV-006,81,90.0,31.428,False,2026-10-03 14:15,baseline
EV-007,81,90.0,32.616,False,2026-10-03 14:15,baseline
EV-008,81,90.0,55.692,False,2026-10-03 14:15,baseline
EV-009,81,90.0,35.1,False,2026-10-03 14:15,baseline
EV-010,81,90.0,54.873,False,2026-10-03 14:15,baseline
EV-011,81,90.0,60.228,False,2026-10-03 14:15,baseline
EV-012,81,90.0,31.212,False,2026-10-03 14:15,baseline
EV-013,81,90.0,59.535,False,2026-10-03 14:15,baseline
EV-014,81,90.0,32.976,False,2026-10-03 14:15,baseline
EV-015,81,90.0,32.112,False,2026-10-03 14:15,baseline
EV-016,81,90.0,59.85,False,2026-10-03 14:15,baseline
EV-017,81,90.0,31.104,False,2026-10-03 14:15,baseline
EV-018,81,90.0,54.999,False,2026-10-03 14:15,baseline
EV-019,81,90.0,34.02,False,2026-10-03 14:15,baseline
EV-020,81,82.4,97.448,True,2026-10-03 14:15,baseline
EV-001,82,90.0,61.677,False,2026-10-03 14:30,baseline
EV-003,82,4.5,5.06,False,2026-10-03 14:30,baseline
EV-004,82,90.0,54.18,False,2026-10-03 14:30,baseline
EV-005,82,51.8,61.165,False,2026-10-03 14:30,baseline
EV-006,82,90.0,31.428,False,2026-10-03 14:30,baseline
EV-007,82,90.0,32.616,False,2026-10-03 14:30,baseline
EV-008,82,90.0,55.692,False,2026-10-03 14:30,baseline
EV-009,82,90.0,35.1,False,2026-10-03 14:30,baseline
EV-010,82,90.0,54.873,False,2026-10-03 14:30,baseline
EV-011,82,90.0,60.228,False,2026-10-03 14:30,baseline
EV-012,82,90.0,31.212,False,2026-10-03 14:30,baseline
EV-013,82,90.0,59.535,False,2026-10-03 14:30,baseline
EV-014,82,90.0,32.976,False,2026-10-03 14:30,baseline
EV-015,82,90.0,32.112,False,2026-10-03 14:30,baseline
EV-016,82,90.0,59.85,False,2026-10-03 14:30,baseline
EV-017,82,90.0,31.104,False,2026-10-03 14:30,baseline
EV-018,82,90.0,54.999,False,2026-10-03 14:30,baseline
EV-019,82,90.0,34.02,False,2026-10-03 14:30,baseline
EV-020,82,82.4,97.448,True,2026-10-03 14:30,baseline
EV-001,83,90.0,61.677,False,2026-10-03 14:45,baseline
EV-003,83,6.7,7.59,False,2026-10-03 14:45,baseline
EV-004,83,90.0,54.18,False,2026-10-03 14:45,baseline
EV-005,83,53.9,63.695,False,2026-10-03 14:45,baseline
EV-006,83,90.0,31.428,False,2026-10-03 14:45,baseline
EV-007,83,90.0,32.616,False,2026-10-03 14:45,baseline
EV-008,83,90.0,55.692,False,2026-10-03 14:45,baseline
EV-009,83,90.0,35.1,False,2026-10-03 14:45,baseline
EV-010,83,90.0,54.873,False,2026-10-03 14:45,baseline
EV-011,83,90.0,60.228,False,2026-10-03 14:45,baseline
EV-012,83,90.0,31.212,False,2026-10-03 14:45,baseline
EV-013,83,90.0,59.535,False,2026-10-03 14:45,baseline
EV-014,83,90.0,32.976,False,2026-10-03 14:45,baseline
EV-015,83,90.0,32.112,False,2026-10-03 14:45,baseline
EV-016,83,90.0,59.85,False,2026-10-03 14:45,baseline
EV-017,83,90.0,31.104,False,2026-10-03 14:45,baseline
EV-018,83,90.0,54.999,False,2026-10-03 14:45,baseline
EV-019,83,90.0,34.02,False,2026-10-03 14:45,baseline
EV-020,83,60.7,71.813,False,2026-10-03 14:45,baseline
EV-001,84,90.0,61.677,False,2026-10-03 15:00,baseline
EV-003,84,8.9,10.12,False,2026-10-03 15:00,baseline
EV-004,84,90.0,54.18,False,2026-10-03 15:00,baseline
EV-005,84,56.1,66.225,False,2026-10-03 15:00,baseline
EV-006,84,90.0,31.428,False,2026-10-03 15:00,baseline
EV-007,84,90.0,32.616,False,2026-10-03 15:00,baseline
EV-008,84,90.0,55.692,False,2026-10-03 15:00,baseline
EV-009,84,90.0,35.1,False,2026-10-03 15:00,baseline
EV-010,84,90.0,54.873,False,2026-10-03 15:00,baseline
EV-011,84,90.0,60.228,False,2026-10-03 15:00,baseline
EV-012,84,90.0,31.212,False,2026-10-03 15:00,baseline
EV-013,84,90.0,59.535,False,2026-10-03 15:00,baseline
EV-014,84,90.0,32.976,False,2026-10-03 15:00,baseline
EV-015,84,90.0,32.112,False,2026-10-03 15:00,baseline
EV-016,84,90.0,59.85,False,2026-10-03 15:00,baseline
EV-017,84,90.0,31.104,False,2026-10-03 15:00,baseline
EV-018,84,90.0,54.999,False,2026-10-03 15:00,baseline
EV-019,84,90.0,34.02,False,2026-10-03 15:00,baseline
EV-020,84,62.8,74.343,False,2026-10-03 15:00,baseline
EV-001,85,90.0,61.677,False,2026-10-03 15:15,baseline
EV-003,85,11.1,12.65,False,2026-10-03 15:15,baseline
EV-004,85,90.0,54.18,False,2026-10-03 15:15,baseline
EV-005,85,58.2,68.755,False,2026-10-03 15:15,baseline
EV-006,85,90.0,31.428,False,2026-10-03 15:15,baseline
EV-007,85,90.0,32.616,False,2026-10-03 15:15,baseline
EV-008,85,90.0,55.692,False,2026-10-03 15:15,baseline
EV-009,85,90.0,35.1,False,2026-10-03 15:15,baseline
EV-010,85,90.0,54.873,False,2026-10-03 15:15,baseline
EV-011,85,90.0,60.228,False,2026-10-03 15:15,baseline
EV-012,85,90.0,31.212,False,2026-10-03 15:15,baseline
EV-013,85,90.0,59.535,False,2026-10-03 15:15,baseline
EV-014,85,90.0,32.976,False,2026-10-03 15:15,baseline
EV-015,85,90.0,32.112,False,2026-10-03 15:15,baseline
EV-016,85,90.0,59.85,False,2026-10-03 15:15,baseline
EV-017,85,90.0,31.104,False,2026-10-03 15:15,baseline
EV-018,85,90.0,54.999,False,2026-10-03 15:15,baseline
EV-019,85,90.0,34.02,False,2026-10-03 15:15,baseline
EV-020,85,65.0,76.873,False,2026-10-03 15:15,baseline
EV-001,86,90.0,61.677,False,2026-10-03 15:30,baseline
EV-003,86,13.4,15.18,False,2026-10-03 15:30,baseline
EV-004,86,90.0,54.18,False,2026-10-03 15:30,baseline
EV-005,86,60.4,71.285,False,2026-10-03 15:30,baseline
EV-006,86,90.0,31.428,False,2026-10-03 15:30,baseline
EV-007,86,90.0,32.616,False,2026-10-03 15:30,baseline
EV-008,86,90.0,55.692,False,2026-10-03 15:30,baseline
EV-009,86,90.0,35.1,False,2026-10-03 15:30,baseline
EV-010,86,90.0,54.873,False,2026-10-03 15:30,baseline
EV-011,86,90.0,60.228,False,2026-10-03 15:30,baseline
EV-012,86,90.0,31.212,False,2026-10-03 15:30,baseline
EV-013,86,90.0,59.535,False,2026-10-03 15:30,baseline
EV-014,86,90.0,32.976,False,2026-10-03 15:30,baseline
EV-015,86,90.0,32.112,False,2026-10-03 15:30,baseline
EV-016,86,90.0,59.85,False,2026-10-03 15:30,baseline
EV-017,86,90.0,31.104,False,2026-10-03 15:30,baseline
EV-018,86,90.0,54.999,False,2026-10-03 15:30,baseline
EV-019,86,90.0,34.02,False,2026-10-03 15:30,baseline
EV-020,86,67.1,79.403,False,2026-10-03 15:30,baseline
EV-001,87,90.0,61.677,False,2026-10-03 15:45,baseline
EV-003,87,15.6,17.71,False,2026-10-03 15:45,baseline
EV-004,87,90.0,54.18,False,2026-10-03 15:45,baseline
EV-005,87,62.5,73.815,False,2026-10-03 15:45,baseline
EV-006,87,90.0,31.428,False,2026-10-03 15:45,baseline
EV-007,87,90.0,32.616,False,2026-10-03 15:45,baseline
EV-008,87,90.0,55.692,False,2026-10-03 15:45,baseline
EV-009,87,90.0,35.1,False,2026-10-03 15:45,baseline
EV-010,87,90.0,54.873,False,2026-10-03 15:45,baseline
EV-011,87,90.0,60.228,False,2026-10-03 15:45,baseline
EV-012,87,90.0,31.212,False,2026-10-03 15:45,baseline
EV-013,87,90.0,59.535,False,2026-10-03 15:45,baseline
EV-014,87,90.0,32.976,False,2026-10-03 15:45,baseline
EV-015,87,90.0,32.112,False,2026-10-03 15:45,baseline
EV-016,87,90.0,59.85,False,2026-10-03 15:45,baseline
EV-017,87,90.0,31.104,False,2026-10-03 15:45,baseline
EV-018,87,90.0,54.999,False,2026-10-03 15:45,baseline
EV-019,87,90.0,34.02,False,2026-10-03 15:45,baseline
EV-020,87,69.2,81.933,False,2026-10-03 15:45,baseline
EV-001,88,90.0,61.677,False,2026-10-03 16:00,baseline
EV-003,88,17.8,20.24,False,2026-10-03 16:00,baseline
EV-004,88,90.0,54.18,False,2026-10-03 16:00,baseline
EV-005,88,64.7,76.345,False,2026-10-03 16:00,baseline
EV-006,88,90.0,31.428,False,2026-10-03 16:00,baseline
EV-007,88,90.0,32.616,False,2026-10-03 16:00,baseline
EV-008,88,90.0,55.692,False,2026-10-03 16:00,baseline
EV-009,88,90.0,35.1,False,2026-10-03 16:00,baseline
EV-010,88,90.0,54.873,False,2026-10-03 16:00,baseline
EV-011,88,90.0,60.228,False,2026-10-03 16:00,baseline
EV-012,88,90.0,31.212,False,2026-10-03 16:00,baseline
EV-013,88,90.0,59.535,False,2026-10-03 16:00,baseline
EV-014,88,90.0,32.976,False,2026-10-03 16:00,baseline
EV-015,88,90.0,32.112,False,2026-10-03 16:00,baseline
EV-016,88,90.0,59.85,False,2026-10-03 16:00,baseline
EV-017,88,90.0,31.104,False,2026-10-03 16:00,baseline
EV-018,88,90.0,54.999,False,2026-10-03 16:00,baseline
EV-019,88,90.0,34.02,False,2026-10-03 16:00,baseline
EV-020,88,71.4,84.463,False,2026-10-03 16:00,baseline
EV-001,89,90.0,61.677,False,2026-10-03 16:15,baseline
EV-003,89,20.0,22.77,False,2026-10-03 16:15,baseline
EV-004,89,90.0,54.18,False,2026-10-03 16:15,baseline
EV-005,89,66.8,78.875,False,2026-10-03 16:15,baseline
EV-006,89,90.0,31.428,False,2026-10-03 16:15,baseline
EV-007,89,90.0,32.616,False,2026-10-03 16:15,baseline
EV-008,89,90.0,55.692,False,2026-10-03 16:15,baseline
EV-009,89,90.0,35.1,False,2026-10-03 16:15,baseline
EV-010,89,90.0,54.873,False,2026-10-03 16:15,baseline
EV-011,89,90.0,60.228,False,2026-10-03 16:15,baseline
EV-012,89,90.0,31.212,False,2026-10-03 16:15,baseline
EV-013,89,90.0,59.535,False,2026-10-03 16:15,baseline
EV-014,89,90.0,32.976,False,2026-10-03 16:15,baseline
EV-015,89,90.0,32.112,False,2026-10-03 16:15,baseline
EV-016,89,90.0,59.85,False,2026-10-03 16:15,baseline
EV-017,89,90.0,31.104,False,2026-10-03 16:15,baseline
EV-018,89,90.0,54.999,False,2026-10-03 16:15,baseline
EV-019,89,90.0,34.02,False,2026-10-03 16:15,baseline
EV-020,89,73.5,86.993,False,2026-10-03 16:15,baseline
EV-001,90,90.0,61.677,False,2026-10-03 16:30,baseline
EV-003,90,22.3,25.3,False,2026-10-03 16:30,baseline
EV-004,90,90.0,54.18,False,2026-10-03 16:30,baseline
EV-005,90,68.9,81.405,False,2026-10-03 16:30,baseline
EV-006,90,90.0,31.428,False,2026-10-03 16:30,baseline
EV-007,90,90.0,32.616,False,2026-10-03 16:30,baseline
EV-008,90,90.0,55.692,False,2026-10-03 16:30,baseline
EV-009,90,90.0,35.1,False,2026-10-03 16:30,baseline
EV-010,90,90.0,54.873,False,2026-10-03 16:30,baseline
EV-011,90,90.0,60.228,False,2026-10-03 16:30,baseline
EV-012,90,90.0,31.212,False,2026-10-03 16:30,baseline
EV-013,90,90.0,59.535,False,2026-10-03 16:30,baseline
EV-014,90,90.0,32.976,False,2026-10-03 16:30,baseline
EV-015,90,90.0,32.112,False,2026-10-03 16:30,baseline
EV-016,90,90.0,59.85,False,2026-10-03 16:30,baseline
EV-017,90,90.0,31.104,False,2026-10-03 16:30,baseline
EV-018,90,90.0,54.999,False,2026-10-03 16:30,baseline
EV-019,90,90.0,34.02,False,2026-10-03 16:30,baseline
EV-020,90,75.7,89.523,False,2026-10-03 16:30,baseline
EV-001,91,90.0,61.677,False,2026-10-03 16:45,baseline
EV-003,91,24.5,27.83,False,2026-10-03 16:45,baseline
EV-004,91,90.0,54.18,False,2026-10-03 16:45,baseline
EV-005,91,71.1,83.935,False,2026-10-03 16:45,baseline
EV-006,91,90.0,31.428,False,2026-10-03 16:45,baseline
EV-007,91,90.0,32.616,False,2026-10-03 16:45,baseline
EV-008,91,90.0,55.692,False,2026-10-03 16:45,baseline
EV-009,91,90.0,35.1,False,2026-10-03 16:45,baseline
EV-010,91,90.0,54.873,False,2026-10-03 16:45,baseline
EV-011,91,90.0,60.228,False,2026-10-03 16:45,baseline
EV-012,91,90.0,31.212,False,2026-10-03 16:45,baseline
EV-013,91,90.0,59.535,False,2026-10-03 16:45,baseline
EV-014,91,90.0,32.976,False,2026-10-03 16:45,baseline
EV-015,91,90.0,32.112,False,2026-10-03 16:45,baseline
EV-016,91,90.0,59.85,False,2026-10-03 16:45,baseline
EV-017,91,90.0,31.104,False,2026-10-03 16:45,baseline
EV-018,91,90.0,54.999,False,2026-10-03 16:45,baseline
EV-019,91,90.0,34.02,False,2026-10-03 16:45,baseline
EV-020,91,77.8,92.053,False,2026-10-03 16:45,baseline
EV-001,92,90.0,61.677,False,2026-10-03 17:00,baseline
EV-003,92,26.7,30.36,False,2026-10-03 17:00,baseline
EV-004,92,90.0,54.18,False,2026-10-03 17:00,baseline
EV-005,92,73.2,86.465,False,2026-10-03 17:00,baseline
EV-006,92,90.0,31.428,False,2026-10-03 17:00,baseline
EV-007,92,90.0,32.616,False,2026-10-03 17:00,baseline
EV-008,92,90.0,55.692,False,2026-10-03 17:00,baseline
EV-009,92,90.0,35.1,False,2026-10-03 17:00,baseline
EV-010,92,90.0,54.873,False,2026-10-03 17:00,baseline
EV-011,92,90.0,60.228,False,2026-10-03 17:00,baseline
EV-012,92,90.0,31.212,False,2026-10-03 17:00,baseline
EV-013,92,90.0,59.535,False,2026-10-03 17:00,baseline
EV-014,92,90.0,32.976,False,2026-10-03 17:00,baseline
EV-015,92,90.0,32.112,False,2026-10-03 17:00,baseline
EV-016,92,90.0,59.85,False,2026-10-03 17:00,baseline
EV-017,92,90.0,31.104,False,2026-10-03 17:00,baseline
EV-018,92,90.0,54.999,False,2026-10-03 17:00,baseline
EV-019,92,90.0,34.02,False,2026-10-03 17:00,baseline
EV-020,92,79.9,94.583,False,2026-10-03 17:00,baseline
EV-001,93,90.0,61.677,False,2026-10-03 17:15,baseline
EV-003,93,28.9,32.89,False,2026-10-03 17:15,baseline
EV-004,93,90.0,54.18,False,2026-10-03 17:15,baseline
EV-005,93,75.4,88.995,False,2026-10-03 17:15,baseline
EV-006,93,90.0,31.428,False,2026-10-03 17:15,baseline
EV-007,93,90.0,32.616,False,2026-10-03 17:15,baseline
EV-008,93,90.0,55.692,False,2026-10-03 17:15,baseline
EV-009,93,90.0,35.1,False,2026-10-03 17:15,baseline
EV-010,93,90.0,54.873,False,2026-10-03 17:15,baseline
EV-011,93,90.0,60.228,False,2026-10-03 17:15,baseline
EV-012,93,90.0,31.212,False,2026-10-03 17:15,baseline
EV-013,93,90.0,59.535,False,2026-10-03 17:15,baseline
EV-014,93,90.0,32.976,False,2026-10-03 17:15,baseline
EV-015,93,90.0,32.112,False,2026-10-03 17:15,baseline
EV-016,93,90.0,59.85,False,2026-10-03 17:15,baseline
EV-017,93,90.0,31.104,False,2026-10-03 17:15,baseline
EV-018,93,90.0,54.999,False,2026-10-03 17:15,baseline
EV-019,93,90.0,34.02,False,2026-10-03 17:15,baseline
EV-020,93,82.1,97.113,False,2026-10-03 17:15,baseline
EV-001,94,90.0,61.677,False,2026-10-03 17:30,baseline
EV-003,94,31.2,35.42,False,2026-10-03 17:30,baseline
EV-004,94,90.0,54.18,False,2026-10-03 17:30,baseline
EV-005,94,77.5,91.525,False,2026-10-03 17:30,baseline
EV-006,94,90.0,31.428,False,2026-10-03 17:30,baseline
EV-007,94,90.0,32.616,False,2026-10-03 17:30,baseline
EV-008,94,90.0,55.692,False,2026-10-03 17:30,baseline
EV-009,94,90.0,35.1,False,2026-10-03 17:30,baseline
EV-010,94,90.0,54.873,False,2026-10-03 17:30,baseline
EV-011,94,90.0,60.228,False,2026-10-03 17:30,baseline
EV-012,94,90.0,31.212,False,2026-10-03 17:30,baseline
EV-013,94,90.0,59.535,False,2026-10-03 17:30,baseline
EV-014,94,90.0,32.976,False,2026-10-03 17:30,baseline
EV-015,94,90.0,32.112,False,2026-10-03 17:30,baseline
EV-016,94,90.0,59.85,False,2026-10-03 17:30,baseline
EV-017,94,90.0,31.104,False,2026-10-03 17:30,baseline
EV-018,94,90.0,54.999,False,2026-10-03 17:30,baseline
EV-019,94,90.0,34.02,False,2026-10-03 17:30,baseline
EV-020,94,84.2,99.643,False,2026-10-03 17:30,baseline
EV-001,95,90.0,61.677,False,2026-10-03 17:45,baseline
EV-003,95,33.4,37.95,False,2026-10-03 17:45,baseline
EV-004,95,90.0,54.18,False,2026-10-03 17:45,baseline
EV-005,95,79.7,94.055,False,2026-10-03 17:45,baseline
EV-006,95,90.0,31.428,False,2026-10-03 17:45,baseline
EV-007,95,90.0,32.616,False,2026-10-03 17:45,baseline
EV-008,95,90.0,55.692,False,2026-10-03 17:45,baseline
EV-009,95,90.0,35.1,False,2026-10-03 17:45,baseline
EV-010,95,90.0,54.873,False,2026-10-03 17:45,baseline
EV-011,95,90.0,60.228,False,2026-10-03 17:45,baseline
EV-012,95,90.0,31.212,False,2026-10-03 17:45,baseline
EV-013,95,90.0,59.535,False,2026-10-03 17:45,baseline
EV-014,95,90.0,32.976,False,2026-10-03 17:45,baseline
EV-015,95,90.0,32.112,False,2026-10-03 17:45,baseline
EV-016,95,90.0,59.85,False,2026-10-03 17:45,baseline
EV-017,95,90.0,31.104,False,2026-10-03 17:45,baseline
EV-018,95,90.0,54.999,False,2026-10-03 17:45,baseline
EV-019,95,90.0,34.02,False,2026-10-03 17:45,baseline
EV-020,95,86.4,102.173,False,2026-10-03 17:45,baseline
EV-001,0,8.0,5.482,False,2026-10-02 18:00,optimized
EV-001,1,8.0,5.482,False,2026-10-02 18:15,optimized
EV-001,2,8.0,5.482,False,2026-10-02 18:30,optimized
EV-001,3,8.0,5.482,False,2026-10-02 18:45,optimized
EV-001,4,8.0,5.482,False,2026-10-02 19:00,optimized
EV-001,5,8.0,5.482,False,2026-10-02 19:15,optimized
EV-001,6,8.0,5.482,False,2026-10-02 19:30,optimized
EV-001,7,8.0,5.482,False,2026-10-02 19:45,optimized
EV-001,8,8.0,5.482,False,2026-10-02 20:00,optimized
EV-001,9,8.0,5.482,False,2026-10-02 20:15,optimized
EV-001,10,8.0,5.482,False,2026-10-02 20:30,optimized
EV-001,11,8.0,5.482,False,2026-10-02 20:45,optimized
EV-001,12,8.0,5.482,False,2026-10-02 21:00,optimized
EV-001,13,8.0,5.482,False,2026-10-02 21:15,optimized
EV-001,14,8.0,5.482,False,2026-10-02 21:30,optimized
EV-001,15,8.0,5.482,False,2026-10-02 21:45,optimized
EV-001,16,8.0,5.482,False,2026-10-02 22:00,optimized
EV-001,17,8.0,5.482,False,2026-10-02 22:15,optimized
EV-001,18,8.0,5.482,False,2026-10-02 22:30,optimized
EV-001,19,8.0,5.482,False,2026-10-02 22:45,optimized
EV-001,20,8.0,5.482,False,2026-10-02 23:00,optimized
EV-001,21,8.0,5.482,False,2026-10-02 23:15,optimized
EV-001,22,8.0,5.482,False,2026-10-02 23:30,optimized
EV-001,23,8.0,5.482,False,2026-10-02 23:45,optimized
EV-001,24,8.0,5.482,False,2026-10-03 00:00,optimized
EV-001,25,8.0,5.482,False,2026-10-03 00:15,optimized
EV-001,26,8.0,5.482,False,2026-10-03 00:30,optimized
EV-001,27,8.0,5.482,False,2026-10-03 00:45,optimized
EV-001,28,8.0,5.482,False,2026-10-03 01:00,optimized
EV-001,29,8.0,5.482,False,2026-10-03 01:15,optimized
EV-001,30,8.0,5.482,False,2026-10-03 01:30,optimized
EV-001,31,8.0,5.482,False,2026-10-03 01:45,optimized
EV-001,32,8.0,5.482,False,2026-10-03 02:00,optimized
EV-001,33,8.0,5.482,False,2026-10-03 02:15,optimized
EV-001,34,8.0,5.482,False,2026-10-03 02:30,optimized
EV-001,35,8.0,5.482,False,2026-10-03 02:45,optimized
EV-001,36,8.0,5.482,False,2026-10-03 03:00,optimized
EV-001,37,8.0,5.482,False,2026-10-03 03:15,optimized
EV-001,38,8.0,5.482,False,2026-10-03 03:30,optimized
EV-001,39,8.0,5.482,False,2026-10-03 03:45,optimized
EV-001,40,8.0,5.482,False,2026-10-03 04:00,optimized
EV-001,41,8.0,5.482,False,2026-10-03 04:15,optimized
EV-001,42,8.0,5.482,False,2026-10-03 04:30,optimized
EV-001,43,8.0,5.482,False,2026-10-03 04:45,optimized
EV-001,44,8.0,5.482,False,2026-10-03 05:00,optimized
EV-001,45,8.0,5.482,False,2026-10-03 05:15,optimized
EV-001,46,8.0,5.482,False,2026-10-03 05:30,optimized
EV-001,47,8.0,5.482,False,2026-10-03 05:45,optimized
EV-001,48,8.0,5.482,False,2026-10-03 06:00,optimized
EV-001,49,8.0,5.482,False,2026-10-03 06:15,optimized
EV-001,50,8.0,5.482,False,2026-10-03 06:30,optimized
EV-001,51,8.0,5.482,False,2026-10-03 06:45,optimized
EV-001,52,8.0,5.482,False,2026-10-03 07:00,optimized
EV-001,53,8.0,5.482,False,2026-10-03 07:15,optimized
EV-001,54,8.0,5.482,False,2026-10-03 07:30,optimized
EV-001,55,8.0,5.482,False,2026-10-03 07:45,optimized
EV-001,56,8.0,5.482,False,2026-10-03 08:00,optimized
EV-001,57,8.0,5.482,False,2026-10-03 08:15,optimized
EV-001,58,8.0,5.482,False,2026-10-03 08:30,optimized
EV-001,59,8.0,5.482,False,2026-10-03 08:45,optimized
EV-001,60,8.0,5.482,False,2026-10-03 09:00,optimized
EV-001,61,8.0,5.482,False,2026-10-03 09:15,optimized
EV-001,62,8.0,5.482,False,2026-10-03 09:30,optimized
EV-001,63,8.0,5.482,False,2026-10-03 09:45,optimized
EV-001,64,8.0,5.482,False,2026-10-03 10:00,optimized
EV-001,65,8.0,5.482,False,2026-10-03 10:15,optimized
EV-001,66,8.0,5.482,False,2026-10-03 10:30,optimized
EV-001,67,8.0,5.482,False,2026-10-03 10:45,optimized
EV-001,68,8.0,5.482,False,2026-10-03 11:00,optimized
EV-001,69,8.0,5.482,False,2026-10-03 11:15,optimized
EV-001,70,8.0,5.482,False,2026-10-03 11:30,optimized
EV-001,71,8.0,5.482,False,2026-10-03 11:45,optimized
EV-001,72,8.0,5.482,False,2026-10-03 12:00,optimized
EV-001,73,8.0,5.482,False,2026-10-03 12:15,optimized
EV-001,74,8.0,5.482,False,2026-10-03 12:30,optimized
EV-001,75,8.0,5.482,False,2026-10-03 12:45,optimized
EV-001,76,8.0,5.482,False,2026-10-03 13:00,optimized
EV-001,77,8.0,5.482,False,2026-10-03 13:15,optimized
EV-001,78,8.0,5.482,False,2026-10-03 13:30,optimized
EV-001,79,8.0,5.482,False,2026-10-03 13:45,optimized
EV-001,80,8.0,5.482,False,2026-10-03 14:00,optimized
EV-001,81,8.0,5.482,False,2026-10-03 14:15,optimized
EV-001,82,8.0,5.482,False,2026-10-03 14:30,optimized
EV-001,83,8.0,5.482,False,2026-10-03 14:45,optimized
EV-001,84,8.0,5.482,False,2026-10-03 15:00,optimized
EV-001,85,8.0,5.482,False,2026-10-03 15:15,optimized
EV-001,86,8.0,5.482,False,2026-10-03 15:30,optimized
EV-001,87,8.0,5.482,False,2026-10-03 15:45,optimized
EV-001,88,8.0,5.482,False,2026-10-03 16:00,optimized
EV-001,89,8.0,5.482,False,2026-10-03 16:15,optimized
EV-001,90,8.0,5.482,False,2026-10-03 16:30,optimized
EV-001,91,8.0,5.482,False,2026-10-03 16:45,optimized
EV-001,92,8.0,5.482,False,2026-10-03 17:00,optimized
EV-001,93,8.0,5.482,False,2026-10-03 17:15,optimized
EV-001,94,8.0,5.482,False,2026-10-03 17:30,optimized
EV-001,95,8.0,5.482,False,2026-10-03 17:45,optimized
EV-003,0,42.0,47.729,False,2026-10-02 18:00,optimized
EV-003,1,42.0,47.729,False,2026-10-02 18:15,optimized
EV-003,2,42.0,47.729,False,2026-10-02 18:30,optimized
EV-003,3,42.0,47.729,False,2026-10-02 18:45,optimized
EV-003,4,42.0,47.729,False,2026-10-02 19:00,optimized
EV-003,5,42.0,47.729,False,2026-10-02 19:15,optimized
EV-003,6,42.0,47.729,False,2026-10-02 19:30,optimized
EV-003,7,42.0,47.729,False,2026-10-02 19:45,optimized
EV-003,8,44.3,50.373,False,2026-10-02 20:00,optimized
EV-003,9,44.3,50.373,False,2026-10-02 20:15,optimized
EV-003,10,46.7,53.016,False,2026-10-02 20:30,optimized
EV-003,11,49.0,55.66,False,2026-10-02 20:45,optimized
EV-003,12,51.3,58.304,False,2026-10-02 21:00,optimized
EV-003,13,53.6,60.947,False,2026-10-02 21:15,optimized
EV-003,14,53.6,60.947,False,2026-10-02 21:30,optimized
EV-003,15,53.6,60.947,False,2026-10-02 21:45,optimized
EV-003,16,54.3,61.69,False,2026-10-02 22:00,optimized
EV-003,17,56.6,64.334,False,2026-10-02 22:15,optimized
EV-003,18,56.6,64.334,False,2026-10-02 22:30,optimized
EV-003,19,56.6,64.334,False,2026-10-02 22:45,optimized
EV-003,20,56.6,64.334,False,2026-10-02 23:00,optimized
EV-003,21,58.9,66.978,False,2026-10-02 23:15,optimized
EV-003,22,61.3,69.621,False,2026-10-02 23:30,optimized
EV-003,23,61.3,69.621,False,2026-10-02 23:45,optimized
EV-003,24,61.3,69.621,False,2026-10-03 00:00,optimized
EV-003,25,63.6,72.265,False,2026-10-03 00:15,optimized
EV-003,26,63.6,72.265,False,2026-10-03 00:30,optimized
EV-003,27,65.9,74.908,False,2026-10-03 00:45,optimized
EV-003,28,68.2,77.552,False,2026-10-03 01:00,optimized
EV-003,29,70.6,80.196,False,2026-10-03 01:15,optimized
EV-003,30,72.9,82.839,False,2026-10-03 01:30,optimized
EV-003,31,75.2,85.483,False,2026-10-03 01:45,optimized
EV-003,32,77.5,88.127,False,2026-10-03 02:00,optimized
EV-003,33,77.5,88.127,False,2026-10-03 02:15,optimized
EV-003,34,77.5,88.127,False,2026-10-03 02:30,optimized
EV-003,35,77.5,88.127,False,2026-10-03 02:45,optimized
EV-003,36,77.5,88.127,False,2026-10-03 03:00,optimized
EV-003,37,77.5,88.127,False,2026-10-03 03:15,optimized
EV-003,38,77.5,88.127,False,2026-10-03 03:30,optimized
EV-003,39,77.5,88.127,False,2026-10-03 03:45,optimized
EV-003,40,77.5,88.127,False,2026-10-03 04:00,optimized
EV-003,41,77.5,88.127,False,2026-10-03 04:15,optimized
EV-003,42,77.5,88.127,False,2026-10-03 04:30,optimized
EV-003,43,77.5,88.127,False,2026-10-03 04:45,optimized
EV-003,44,77.5,88.127,False,2026-10-03 05:00,optimized
EV-003,45,77.5,88.127,False,2026-10-03 05:15,optimized
EV-003,46,77.5,88.127,False,2026-10-03 05:30,optimized
EV-003,47,77.5,88.127,False,2026-10-03 05:45,optimized
EV-003,48,77.5,88.127,False,2026-10-03 06:00,optimized
EV-003,49,79.9,90.77,False,2026-10-03 06:15,optimized
EV-003,50,79.9,90.77,False,2026-10-03 06:30,optimized
EV-003,51,79.9,90.77,False,2026-10-03 06:45,optimized
EV-003,52,79.9,90.77,True,2026-10-03 07:00,optimized
EV-003,53,79.9,90.77,True,2026-10-03 07:15,optimized
EV-003,54,79.9,90.77,True,2026-10-03 07:30,optimized
EV-003,55,79.9,90.77,True,2026-10-03 07:45,optimized
EV-003,56,79.9,90.77,True,2026-10-03 08:00,optimized
EV-003,57,79.9,90.77,True,2026-10-03 08:15,optimized
EV-003,58,79.9,90.77,True,2026-10-03 08:30,optimized
EV-003,59,79.9,90.77,True,2026-10-03 08:45,optimized
EV-003,60,79.9,90.77,True,2026-10-03 09:00,optimized
EV-003,61,79.9,90.77,True,2026-10-03 09:15,optimized
EV-003,62,79.9,90.77,True,2026-10-03 09:30,optimized
EV-003,63,17.6,19.956,False,2026-10-03 09:45,optimized
EV-003,64,19.9,22.6,False,2026-10-03 10:00,optimized
EV-003,65,22.2,25.244,False,2026-10-03 10:15,optimized
EV-003,66,22.2,25.244,False,2026-10-03 10:30,optimized
EV-003,67,24.4,27.709,False,2026-10-03 10:45,optimized
EV-003,68,24.4,27.709,False,2026-10-03 11:00,optimized
EV-003,69,24.4,27.709,False,2026-10-03 11:15,optimized
EV-003,70,26.7,30.352,False,2026-10-03 11:30,optimized
EV-003,71,26.7,30.352,False,2026-10-03 11:45,optimized
EV-003,72,26.7,30.352,False,2026-10-03 12:00,optimized
EV-003,73,29.0,32.996,True,2026-10-03 12:15,optimized
EV-003,74,29.0,32.996,True,2026-10-03 12:30,optimized
EV-003,75,29.0,32.996,True,2026-10-03 12:45,optimized
EV-003,76,29.0,32.996,True,2026-10-03 13:00,optimized
EV-003,77,29.0,32.996,True,2026-10-03 13:15,optimized
EV-003,78,29.0,32.996,True,2026-10-03 13:30,optimized
EV-003,79,29.0,32.996,True,2026-10-03 13:45,optimized
EV-003,80,29.0,32.996,True,2026-10-03 14:00,optimized
EV-003,81,15.0,17.046,False,2026-10-03 14:15,optimized
EV-003,82,15.0,17.046,False,2026-10-03 14:30,optimized
EV-003,83,15.0,17.046,False,2026-10-03 14:45,optimized
EV-003,84,15.0,17.046,False,2026-10-03 15:00,optimized
EV-003,85,15.0,17.046,False,2026-10-03 15:15,optimized
EV-003,86,15.0,17.046,False,2026-10-03 15:30,optimized
EV-003,87,15.0,17.046,False,2026-10-03 15:45,optimized
EV-003,88,15.0,17.046,False,2026-10-03 16:00,optimized
EV-003,89,15.0,17.046,False,2026-10-03 16:15,optimized
EV-003,90,15.0,17.046,False,2026-10-03 16:30,optimized
EV-003,91,15.0,17.046,False,2026-10-03 16:45,optimized
EV-003,92,15.0,17.046,False,2026-10-03 17:00,optimized
EV-003,93,15.0,17.046,False,2026-10-03 17:15,optimized
EV-003,94,15.0,17.046,False,2026-10-03 17:30,optimized
EV-003,95,15.0,17.046,False,2026-10-03 17:45,optimized
EV-004,0,34.3,20.649,False,2026-10-02 18:00,optimized
EV-004,1,34.3,20.649,False,2026-10-02 18:15,optimized
EV-004,2,34.3,20.649,False,2026-10-02 18:30,optimized
EV-004,3,34.3,20.649,False,2026-10-02 18:45,optimized
EV-004,4,34.3,20.649,False,2026-10-02 19:00,optimized
EV-004,5,34.3,20.649,False,2026-10-02 19:15,optimized
EV-004,6,34.3,20.649,False,2026-10-02 19:30,optimized
EV-004,7,34.3,20.649,False,2026-10-02 19:45,optimized
EV-004,8,34.3,20.649,False,2026-10-02 20:00,optimized
EV-004,9,34.3,20.649,False,2026-10-02 20:15,optimized
EV-004,10,34.3,20.649,False,2026-10-02 20:30,optimized
EV-004,11,34.3,20.649,False,2026-10-02 20:45,optimized
EV-004,12,34.3,20.649,False,2026-10-02 21:00,optimized
EV-004,13,34.3,20.649,False,2026-10-02 21:15,optimized
EV-004,14,34.3,20.649,False,2026-10-02 21:30,optimized
EV-004,15,34.3,20.649,False,2026-10-02 21:45,optimized
EV-004,16,34.3,20.649,False,2026-10-02 22:00,optimized
EV-004,17,34.3,20.649,False,2026-10-02 22:15,optimized
EV-004,18,34.3,20.649,False,2026-10-02 22:30,optimized
EV-004,19,34.3,20.649,False,2026-10-02 22:45,optimized
EV-004,20,34.3,20.649,False,2026-10-02 23:00,optimized
EV-004,21,34.3,20.649,False,2026-10-02 23:15,optimized
EV-004,22,34.3,20.649,False,2026-10-02 23:30,optimized
EV-004,23,34.3,20.649,False,2026-10-02 23:45,optimized
EV-004,24,34.3,20.649,False,2026-10-03 00:00,optimized
EV-004,25,34.3,20.649,False,2026-10-03 00:15,optimized
EV-004,26,34.3,20.649,False,2026-10-03 00:30,optimized
EV-004,27,34.3,20.649,False,2026-10-03 00:45,optimized
EV-004,28,34.3,20.649,False,2026-10-03 01:00,optimized
EV-004,29,34.3,20.649,False,2026-10-03 01:15,optimized
EV-004,30,34.3,20.649,False,2026-10-03 01:30,optimized
EV-004,31,34.3,20.649,False,2026-10-03 01:45,optimized
EV-004,32,34.3,20.649,False,2026-10-03 02:00,optimized
EV-004,33,34.3,20.649,False,2026-10-03 02:15,optimized
EV-004,34,34.3,20.649,False,2026-10-03 02:30,optimized
EV-004,35,34.3,20.649,False,2026-10-03 02:45,optimized
EV-004,36,34.3,20.649,False,2026-10-03 03:00,optimized
EV-004,37,34.3,20.649,False,2026-10-03 03:15,optimized
EV-004,38,34.3,20.649,False,2026-10-03 03:30,optimized
EV-004,39,34.3,20.649,False,2026-10-03 03:45,optimized
EV-004,40,34.3,20.649,False,2026-10-03 04:00,optimized
EV-004,41,34.3,20.649,False,2026-10-03 04:15,optimized
EV-004,42,34.3,20.649,False,2026-10-03 04:30,optimized
EV-004,43,34.3,20.649,False,2026-10-03 04:45,optimized
EV-004,44,34.3,20.649,False,2026-10-03 05:00,optimized
EV-004,45,34.3,20.649,False,2026-10-03 05:15,optimized
EV-004,46,34.3,20.649,False,2026-10-03 05:30,optimized
EV-004,47,34.3,20.649,False,2026-10-03 05:45,optimized
EV-004,48,34.3,20.649,False,2026-10-03 06:00,optimized
EV-004,49,34.3,20.649,False,2026-10-03 06:15,optimized
EV-004,50,34.3,20.649,False,2026-10-03 06:30,optimized
EV-004,51,34.3,20.649,False,2026-10-03 06:45,optimized
EV-004,52,34.3,20.649,False,2026-10-03 07:00,optimized
EV-004,53,34.3,20.649,False,2026-10-03 07:15,optimized
EV-004,54,34.3,20.649,False,2026-10-03 07:30,optimized
EV-004,55,34.3,20.649,False,2026-10-03 07:45,optimized
EV-004,56,34.3,20.649,False,2026-10-03 08:00,optimized
EV-004,57,34.3,20.649,False,2026-10-03 08:15,optimized
EV-004,58,34.3,20.649,False,2026-10-03 08:30,optimized
EV-004,59,34.3,20.649,False,2026-10-03 08:45,optimized
EV-004,60,34.3,20.649,False,2026-10-03 09:00,optimized
EV-004,61,34.3,20.649,False,2026-10-03 09:15,optimized
EV-004,62,34.3,20.649,False,2026-10-03 09:30,optimized
EV-004,63,34.3,20.649,False,2026-10-03 09:45,optimized
EV-004,64,34.3,20.649,False,2026-10-03 10:00,optimized
EV-004,65,34.3,20.649,False,2026-10-03 10:15,optimized
EV-004,66,34.3,20.649,False,2026-10-03 10:30,optimized
EV-004,67,34.3,20.649,False,2026-10-03 10:45,optimized
EV-004,68,34.3,20.649,False,2026-10-03 11:00,optimized
EV-004,69,34.3,20.649,False,2026-10-03 11:15,optimized
EV-004,70,34.3,20.649,False,2026-10-03 11:30,optimized
EV-004,71,34.3,20.649,False,2026-10-03 11:45,optimized
EV-004,72,34.3,20.649,False,2026-10-03 12:00,optimized
EV-004,73,34.3,20.649,False,2026-10-03 12:15,optimized
EV-004,74,34.3,20.649,False,2026-10-03 12:30,optimized
EV-004,75,34.3,20.649,False,2026-10-03 12:45,optimized
EV-004,76,34.3,20.649,False,2026-10-03 13:00,optimized
EV-004,77,34.3,20.649,False,2026-10-03 13:15,optimized
EV-004,78,34.3,20.649,False,2026-10-03 13:30,optimized
EV-004,79,34.3,20.649,False,2026-10-03 13:45,optimized
EV-004,80,34.3,20.649,False,2026-10-03 14:00,optimized
EV-004,81,34.3,20.649,False,2026-10-03 14:15,optimized
EV-004,82,34.3,20.649,False,2026-10-03 14:30,optimized
EV-004,83,34.3,20.649,False,2026-10-03 14:45,optimized
EV-004,84,34.3,20.649,False,2026-10-03 15:00,optimized
EV-004,85,34.3,20.649,False,2026-10-03 15:15,optimized
EV-004,86,34.3,20.649,False,2026-10-03 15:30,optimized
EV-004,87,34.3,20.649,False,2026-10-03 15:45,optimized
EV-004,88,34.3,20.649,False,2026-10-03 16:00,optimized
EV-004,89,34.3,20.649,False,2026-10-03 16:15,optimized
EV-004,90,34.3,20.649,False,2026-10-03 16:30,optimized
EV-004,91,34.3,20.649,False,2026-10-03 16:45,optimized
EV-004,92,34.3,20.649,False,2026-10-03 17:00,optimized
EV-004,93,34.3,20.649,False,2026-10-03 17:15,optimized
EV-004,94,34.3,20.649,False,2026-10-03 17:30,optimized
EV-004,95,34.3,20.649,False,2026-10-03 17:45,optimized
EV-005,0,29.7,35.07,False,2026-10-02 18:00,optimized
EV-005,1,31.9,37.714,False,2026-10-02 18:15,optimized
EV-005,2,34.2,40.357,False,2026-10-02 18:30,optimized
EV-005,3,36.4,43.001,False,2026-10-02 18:45,optimized
EV-005,4,36.4,43.001,False,2026-10-02 19:00,optimized
EV-005,5,36.4,43.001,False,2026-10-02 19:15,optimized
EV-005,6,38.7,45.645,False,2026-10-02 19:30,optimized
EV-005,7,38.7,45.645,False,2026-10-02 19:45,optimized
EV-005,8,38.7,45.645,False,2026-10-02 20:00,optimized
EV-005,9,40.9,48.288,False,2026-10-02 20:15,optimized
EV-005,10,40.9,48.288,False,2026-10-02 20:30,optimized
EV-005,11,40.9,48.288,False,2026-10-02 20:45,optimized
EV-005,12,40.9,48.288,False,2026-10-02 21:00,optimized
EV-005,13,40.9,48.288,False,2026-10-02 21:15,optimized
EV-005,14,40.9,48.288,False,2026-10-02 21:30,optimized
EV-005,15,40.9,48.288,False,2026-10-02 21:45,optimized
EV-005,16,40.9,48.288,False,2026-10-02 22:00,optimized
EV-005,17,40.9,48.288,False,2026-10-02 22:15,optimized
EV-005,18,40.9,48.288,False,2026-10-02 22:30,optimized
EV-005,19,40.9,48.288,False,2026-10-02 22:45,optimized
EV-005,20,40.9,48.288,False,2026-10-02 23:00,optimized
EV-005,21,40.9,48.288,False,2026-10-02 23:15,optimized
EV-005,22,40.9,48.288,False,2026-10-02 23:30,optimized
EV-005,23,40.9,48.288,False,2026-10-02 23:45,optimized
EV-005,24,43.1,50.932,False,2026-10-03 00:00,optimized
EV-005,25,43.1,50.932,False,2026-10-03 00:15,optimized
EV-005,26,45.4,53.576,False,2026-10-03 00:30,optimized
EV-005,27,45.4,53.576,False,2026-10-03 00:45,optimized
EV-005,28,45.4,53.576,False,2026-10-03 01:00,optimized
EV-005,29,45.4,53.576,False,2026-10-03 01:15,optimized
EV-005,30,45.4,53.576,False,2026-10-03 01:30,optimized
EV-005,31,45.4,53.576,False,2026-10-03 01:45,optimized
EV-005,32,45.4,53.576,False,2026-10-03 02:00,optimized
EV-005,33,47.6,56.219,False,2026-10-03 02:15,optimized
EV-005,34,47.6,56.219,False,2026-10-03 02:30,optimized
EV-005,35,47.6,56.219,False,2026-10-03 02:45,optimized
EV-005,36,47.6,56.219,False,2026-10-03 03:00,optimized
EV-005,37,49.9,58.863,False,2026-10-03 03:15,optimized
EV-005,38,49.9,58.863,False,2026-10-03 03:30,optimized
EV-005,39,49.9,58.863,False,2026-10-03 03:45,optimized
EV-005,40,52.1,61.507,False,2026-10-03 04:00,optimized
EV-005,41,54.3,64.15,False,2026-10-03 04:15,optimized
EV-005,42,54.3,64.15,True,2026-10-03 04:30,optimized
EV-005,43,54.3,64.15,True,2026-10-03 04:45,optimized
EV-005,44,54.3,64.15,True,2026-10-03 05:00,optimized
EV-005,45,54.3,64.15,True,2026-10-03 05:15,optimized
EV-005,46,54.3,64.15,True,2026-10-03 05:30,optimized
EV-005,47,54.3,64.15,True,2026-10-03 05:45,optimized
EV-005,48,54.3,64.15,True,2026-10-03 06:00,optimized
EV-005,49,54.3,64.15,True,2026-10-03 06:15,optimized
EV-005,50,23.9,28.207,False,2026-10-03 06:30,optimized
EV-005,51,23.9,28.207,False,2026-10-03 06:45,optimized
EV-005,52,23.9,28.207,False,2026-10-03 07:00,optimized
EV-005,53,23.9,28.207,False,2026-10-03 07:15,optimized
EV-005,54,23.9,28.207,False,2026-10-03 07:30,optimized
EV-005,55,26.1,30.851,False,2026-10-03 07:45,optimized
EV-005,56,28.4,33.495,False,2026-10-03 08:00,optimized
EV-005,57,30.6,36.138,True,2026-10-03 08:15,optimized
EV-005,58,30.6,36.138,True,2026-10-03 08:30,optimized
EV-005,59,30.6,36.138,True,2026-10-03 08:45,optimized
EV-005,60,30.6,36.138,True,2026-10-03 09:00,optimized
EV-005,61,30.6,36.138,True,2026-10-03 09:15,optimized
EV-005,62,30.6,36.138,True,2026-10-03 09:30,optimized
EV-005,63,30.6,36.138,True,2026-10-03 09:45,optimized
EV-005,64,30.6,36.138,True,2026-10-03 10:00,optimized
EV-005,65,21.4,25.308,False,2026-10-03 10:15,optimized
EV-005,66,23.7,27.952,False,2026-10-03 10:30,optimized
EV-005,67,23.8,28.131,False,2026-10-03 10:45,optimized
EV-005,68,26.1,30.774,False,2026-10-03 11:00,optimized
EV-005,69,28.3,33.418,False,2026-10-03 11:15,optimized
EV-005,70,28.3,33.418,False,2026-10-03 11:30,optimized
EV-005,71,30.5,36.062,False,2026-10-03 11:45,optimized
EV-005,72,32.8,38.705,False,2026-10-03 12:00,optimized
EV-005,73,32.8,38.705,False,2026-10-03 12:15,optimized
EV-005,74,35.0,41.349,False,2026-10-03 12:30,optimized
EV-005,75,37.2,43.879,True,2026-10-03 12:45,optimized
EV-005,76,37.2,43.879,True,2026-10-03 13:00,optimized
EV-005,77,37.2,43.879,True,2026-10-03 13:15,optimized
EV-005,78,37.2,43.879,True,2026-10-03 13:30,optimized
EV-005,79,37.2,43.879,True,2026-10-03 13:45,optimized
EV-005,80,37.2,43.879,True,2026-10-03 14:00,optimized
EV-005,81,37.2,43.879,True,2026-10-03 14:15,optimized
EV-005,82,37.2,43.879,True,2026-10-03 14:30,optimized
EV-005,83,15.0,17.712,False,2026-10-03 14:45,optimized
EV-005,84,15.0,17.712,False,2026-10-03 15:00,optimized
EV-005,85,15.0,17.712,False,2026-10-03 15:15,optimized
EV-005,86,15.0,17.712,False,2026-10-03 15:30,optimized
EV-005,87,15.0,17.712,False,2026-10-03 15:45,optimized
EV-005,88,15.0,17.712,False,2026-10-03 16:00,optimized
EV-005,89,15.0,17.712,False,2026-10-03 16:15,optimized
EV-005,90,15.0,17.712,False,2026-10-03 16:30,optimized
EV-005,91,15.0,17.712,False,2026-10-03 16:45,optimized
EV-005,92,15.0,17.712,False,2026-10-03 17:00,optimized
EV-005,93,15.0,17.712,False,2026-10-03 17:15,optimized
EV-005,94,15.0,17.712,False,2026-10-03 17:30,optimized
EV-005,95,15.0,17.712,False,2026-10-03 17:45,optimized
EV-006,0,67.1,23.431,False,2026-10-02 18:00,optimized
EV-006,1,67.1,23.431,False,2026-10-02 18:15,optimized
EV-006,2,67.1,23.431,False,2026-10-02 18:30,optimized
EV-006,3,67.1,23.431,False,2026-10-02 18:45,optimized
EV-006,4,67.1,23.431,False,2026-10-02 19:00,optimized
EV-006,5,67.1,23.431,False,2026-10-02 19:15,optimized
EV-006,6,67.1,23.431,False,2026-10-02 19:30,optimized
EV-006,7,67.1,23.431,False,2026-10-02 19:45,optimized
EV-006,8,67.1,23.431,False,2026-10-02 20:00,optimized
EV-006,9,67.1,23.431,False,2026-10-02 20:15,optimized
EV-006,10,67.1,23.431,False,2026-10-02 20:30,optimized
EV-006,11,67.1,23.431,False,2026-10-02 20:45,optimized
EV-006,12,67.1,23.431,False,2026-10-02 21:00,optimized
EV-006,13,67.1,23.431,False,2026-10-02 21:15,optimized
EV-006,14,67.1,23.431,False,2026-10-02 21:30,optimized
EV-006,15,67.1,23.431,False,2026-10-02 21:45,optimized
EV-006,16,67.1,23.431,False,2026-10-02 22:00,optimized
EV-006,17,67.1,23.431,False,2026-10-02 22:15,optimized
EV-006,18,67.1,23.431,False,2026-10-02 22:30,optimized
EV-006,19,67.1,23.431,False,2026-10-02 22:45,optimized
EV-006,20,67.1,23.431,False,2026-10-02 23:00,optimized
EV-006,21,67.1,23.431,False,2026-10-02 23:15,optimized
EV-006,22,67.1,23.431,False,2026-10-02 23:30,optimized
EV-006,23,67.1,23.431,False,2026-10-02 23:45,optimized
EV-006,24,67.1,23.431,False,2026-10-03 00:00,optimized
EV-006,25,67.1,23.431,False,2026-10-03 00:15,optimized
EV-006,26,67.1,23.431,False,2026-10-03 00:30,optimized
EV-006,27,67.1,23.431,False,2026-10-03 00:45,optimized
EV-006,28,67.1,23.431,False,2026-10-03 01:00,optimized
EV-006,29,67.1,23.431,False,2026-10-03 01:15,optimized
EV-006,30,67.1,23.431,False,2026-10-03 01:30,optimized
EV-006,31,67.1,23.431,False,2026-10-03 01:45,optimized
EV-006,32,67.1,23.431,False,2026-10-03 02:00,optimized
EV-006,33,67.1,23.431,False,2026-10-03 02:15,optimized
EV-006,34,67.1,23.431,False,2026-10-03 02:30,optimized
EV-006,35,67.1,23.431,False,2026-10-03 02:45,optimized
EV-006,36,67.1,23.431,False,2026-10-03 03:00,optimized
EV-006,37,67.1,23.431,False,2026-10-03 03:15,optimized
EV-006,38,67.1,23.431,False,2026-10-03 03:30,optimized
EV-006,39,67.1,23.431,False,2026-10-03 03:45,optimized
EV-006,40,67.1,23.431,False,2026-10-03 04:00,optimized
EV-006,41,67.1,23.431,False,2026-10-03 04:15,optimized
EV-006,42,67.1,23.431,False,2026-10-03 04:30,optimized
EV-006,43,67.1,23.431,False,2026-10-03 04:45,optimized
EV-006,44,67.1,23.431,False,2026-10-03 05:00,optimized
EV-006,45,67.1,23.431,False,2026-10-03 05:15,optimized
EV-006,46,67.1,23.431,False,2026-10-03 05:30,optimized
EV-006,47,67.1,23.431,False,2026-10-03 05:45,optimized
EV-006,48,67.1,23.431,True,2026-10-03 06:00,optimized
EV-006,49,67.1,23.431,True,2026-10-03 06:15,optimized
EV-006,50,67.1,23.431,True,2026-10-03 06:30,optimized
EV-006,51,67.1,23.431,True,2026-10-03 06:45,optimized
EV-006,52,67.1,23.431,True,2026-10-03 07:00,optimized
EV-006,53,67.1,23.431,True,2026-10-03 07:15,optimized
EV-006,54,67.1,23.431,True,2026-10-03 07:30,optimized
EV-006,55,67.1,23.431,True,2026-10-03 07:45,optimized
EV-006,56,43.2,15.087,False,2026-10-03 08:00,optimized
EV-006,57,43.2,15.087,False,2026-10-03 08:15,optimized
EV-006,58,43.2,15.087,False,2026-10-03 08:30,optimized
EV-006,59,43.2,15.087,False,2026-10-03 08:45,optimized
EV-006,60,43.2,15.087,False,2026-10-03 09:00,optimized
EV-006,61,43.2,15.087,False,2026-10-03 09:15,optimized
EV-006,62,43.2,15.087,False,2026-10-03 09:30,optimized
EV-006,63,43.2,15.087,False,2026-10-03 09:45,optimized
EV-006,64,43.2,15.087,False,2026-10-03 10:00,optimized
EV-006,65,43.2,15.087,False,2026-10-03 10:15,optimized
EV-006,66,43.2,15.087,False,2026-10-03 10:30,optimized
EV-006,67,43.2,15.087,False,2026-10-03 10:45,optimized
EV-006,68,43.2,15.087,False,2026-10-03 11:00,optimized
EV-006,69,43.2,15.087,False,2026-10-03 11:15,optimized
EV-006,70,43.2,15.087,False,2026-10-03 11:30,optimized
EV-006,71,43.2,15.087,False,2026-10-03 11:45,optimized
EV-006,72,43.2,15.087,False,2026-10-03 12:00,optimized
EV-006,73,43.2,15.087,False,2026-10-03 12:15,optimized
EV-006,74,43.2,15.087,False,2026-10-03 12:30,optimized
EV-006,75,43.2,15.087,False,2026-10-03 12:45,optimized
EV-006,76,43.2,15.087,False,2026-10-03 13:00,optimized
EV-006,77,43.2,15.087,False,2026-10-03 13:15,optimized
EV-006,78,43.2,15.087,False,2026-10-03 13:30,optimized
EV-006,79,43.2,15.087,False,2026-10-03 13:45,optimized
EV-006,80,43.2,15.087,False,2026-10-03 14:00,optimized
EV-006,81,43.2,15.087,False,2026-10-03 14:15,optimized
EV-006,82,43.2,15.087,False,2026-10-03 14:30,optimized
EV-006,83,43.2,15.087,False,2026-10-03 14:45,optimized
EV-006,84,43.2,15.087,False,2026-10-03 15:00,optimized
EV-006,85,43.2,15.087,False,2026-10-03 15:15,optimized
EV-006,86,43.2,15.087,False,2026-10-03 15:30,optimized
EV-006,87,43.2,15.087,False,2026-10-03 15:45,optimized
EV-006,88,43.2,15.087,False,2026-10-03 16:00,optimized
EV-006,89,43.2,15.087,False,2026-10-03 16:15,optimized
EV-006,90,43.2,15.087,False,2026-10-03 16:30,optimized
EV-006,91,43.2,15.087,False,2026-10-03 16:45,optimized
EV-006,92,43.2,15.087,False,2026-10-03 17:00,optimized
EV-006,93,43.2,15.087,False,2026-10-03 17:15,optimized
EV-006,94,43.2,15.087,False,2026-10-03 17:30,optimized
EV-006,95,43.2,15.087,False,2026-10-03 17:45,optimized
EV-007,0,51.9,18.809,False,2026-10-02 18:00,optimized
EV-007,1,51.9,18.809,False,2026-10-02 18:15,optimized
EV-007,2,51.9,18.809,False,2026-10-02 18:30,optimized
EV-007,3,51.9,18.809,False,2026-10-02 18:45,optimized
EV-007,4,51.9,18.809,False,2026-10-02 19:00,optimized
EV-007,5,51.9,18.809,False,2026-10-02 19:15,optimized
EV-007,6,51.9,18.809,False,2026-10-02 19:30,optimized
EV-007,7,51.9,18.809,False,2026-10-02 19:45,optimized
EV-007,8,51.9,18.809,False,2026-10-02 20:00,optimized
EV-007,9,51.9,18.809,False,2026-10-02 20:15,optimized
EV-007,10,51.9,18.809,False,2026-10-02 20:30,optimized
EV-007,11,51.9,18.809,False,2026-10-02 20:45,optimized
EV-007,12,51.9,18.809,False,2026-10-02 21:00,optimized
EV-007,13,51.9,18.809,False,2026-10-02 21:15,optimized
EV-007,14,51.9,18.809,False,2026-10-02 21:30,optimized
EV-007,15,51.9,18.809,False,2026-10-02 21:45,optimized
EV-007,16,51.9,18.809,False,2026-10-02 22:00,optimized
EV-007,17,51.9,18.809,False,2026-10-02 22:15,optimized
EV-007,18,51.9,18.809,False,2026-10-02 22:30,optimized
EV-007,19,51.9,18.809,False,2026-10-02 22:45,optimized
EV-007,20,51.9,18.809,False,2026-10-02 23:00,optimized
EV-007,21,51.9,18.809,False,2026-10-02 23:15,optimized
EV-007,22,51.9,18.809,False,2026-10-02 23:30,optimized
EV-007,23,51.9,18.809,False,2026-10-02 23:45,optimized
EV-007,24,51.9,18.809,False,2026-10-03 00:00,optimized
EV-007,25,51.9,18.809,False,2026-10-03 00:15,optimized
EV-007,26,51.9,18.809,False,2026-10-03 00:30,optimized
EV-007,27,51.9,18.809,False,2026-10-03 00:45,optimized
EV-007,28,51.9,18.809,False,2026-10-03 01:00,optimized
EV-007,29,51.9,18.809,False,2026-10-03 01:15,optimized
EV-007,30,51.9,18.809,False,2026-10-03 01:30,optimized
EV-007,31,51.9,18.809,False,2026-10-03 01:45,optimized
EV-007,32,51.9,18.809,False,2026-10-03 02:00,optimized
EV-007,33,51.9,18.809,False,2026-10-03 02:15,optimized
EV-007,34,51.9,18.809,False,2026-10-03 02:30,optimized
EV-007,35,51.9,18.809,False,2026-10-03 02:45,optimized
EV-007,36,51.9,18.809,False,2026-10-03 03:00,optimized
EV-007,37,51.9,18.809,False,2026-10-03 03:15,optimized
EV-007,38,51.9,18.809,False,2026-10-03 03:30,optimized
EV-007,39,51.9,18.809,False,2026-10-03 03:45,optimized
EV-007,40,51.9,18.809,False,2026-10-03 04:00,optimized
EV-007,41,51.9,18.809,False,2026-10-03 04:15,optimized
EV-007,42,51.9,18.809,False,2026-10-03 04:30,optimized
EV-007,43,51.9,18.809,False,2026-10-03 04:45,optimized
EV-007,44,51.9,18.809,False,2026-10-03 05:00,optimized
EV-007,45,51.9,18.809,False,2026-10-03 05:15,optimized
EV-007,46,51.9,18.809,False,2026-10-03 05:30,optimized
EV-007,47,51.9,18.809,False,2026-10-03 05:45,optimized
EV-007,48,51.9,18.809,False,2026-10-03 06:00,optimized
EV-007,49,51.9,18.809,False,2026-10-03 06:15,optimized
EV-007,50,51.9,18.809,False,2026-10-03 06:30,optimized
EV-007,51,51.9,18.809,False,2026-10-03 06:45,optimized
EV-007,52,51.9,18.809,False,2026-10-03 07:00,optimized
EV-007,53,51.9,18.809,False,2026-10-03 07:15,optimized
EV-007,54,51.9,18.809,False,2026-10-03 07:30,optimized
EV-007,55,51.9,18.809,False,2026-10-03 07:45,optimized
EV-007,56,51.9,18.809,False,2026-10-03 08:00,optimized
EV-007,57,51.9,18.809,False,2026-10-03 08:15,optimized
EV-007,58,51.9,18.809,False,2026-10-03 08:30,optimized
EV-007,59,51.9,18.809,False,2026-10-03 08:45,optimized
EV-007,60,51.9,18.809,False,2026-10-03 09:00,optimized
EV-007,61,51.9,18.809,False,2026-10-03 09:15,optimized
EV-007,62,51.9,18.809,False,2026-10-03 09:30,optimized
EV-007,63,51.9,18.809,False,2026-10-03 09:45,optimized
EV-007,64,51.9,18.809,False,2026-10-03 10:00,optimized
EV-007,65,51.9,18.809,False,2026-10-03 10:15,optimized
EV-007,66,51.9,18.809,False,2026-10-03 10:30,optimized
EV-007,67,51.9,18.809,False,2026-10-03 10:45,optimized
EV-007,68,51.9,18.809,False,2026-10-03 11:00,optimized
EV-007,69,51.9,18.809,False,2026-10-03 11:15,optimized
EV-007,70,51.9,18.809,False,2026-10-03 11:30,optimized
EV-007,71,51.9,18.809,False,2026-10-03 11:45,optimized
EV-007,72,51.9,18.809,False,2026-10-03 12:00,optimized
EV-007,73,51.9,18.809,False,2026-10-03 12:15,optimized
EV-007,74,51.9,18.809,False,2026-10-03 12:30,optimized
EV-007,75,51.9,18.809,False,2026-10-03 12:45,optimized
EV-007,76,51.9,18.809,False,2026-10-03 13:00,optimized
EV-007,77,51.9,18.809,False,2026-10-03 13:15,optimized
EV-007,78,51.9,18.809,False,2026-10-03 13:30,optimized
EV-007,79,51.9,18.809,False,2026-10-03 13:45,optimized
EV-007,80,51.9,18.809,False,2026-10-03 14:00,optimized
EV-007,81,51.9,18.809,False,2026-10-03 14:15,optimized
EV-007,82,51.9,18.809,False,2026-10-03 14:30,optimized
EV-007,83,51.9,18.809,False,2026-10-03 14:45,optimized
EV-007,84,51.9,18.809,False,2026-10-03 15:00,optimized
EV-007,85,51.9,18.809,False,2026-10-03 15:15,optimized
EV-007,86,51.9,18.809,False,2026-10-03 15:30,optimized
EV-007,87,51.9,18.809,False,2026-10-03 15:45,optimized
EV-007,88,51.9,18.809,False,2026-10-03 16:00,optimized
EV-007,89,51.9,18.809,False,2026-10-03 16:15,optimized
EV-007,90,51.9,18.809,False,2026-10-03 16:30,optimized
EV-007,91,51.9,18.809,False,2026-10-03 16:45,optimized
EV-007,92,51.9,18.809,False,2026-10-03 17:00,optimized
EV-007,93,51.9,18.809,False,2026-10-03 17:15,optimized
EV-007,94,51.9,18.809,False,2026-10-03 17:30,optimized
EV-007,95,51.9,18.809,False,2026-10-03 17:45,optimized
EV-008,0,46.1,28.527,False,2026-10-02 18:00,optimized
EV-008,1,46.1,28.527,False,2026-10-02 18:15,optimized
EV-008,2,46.1,28.527,False,2026-10-02 18:30,optimized
EV-008,3,46.1,28.527,False,2026-10-02 18:45,optimized
EV-008,4,46.1,28.527,False,2026-10-02 19:00,optimized
EV-008,5,46.1,28.527,False,2026-10-02 19:15,optimized
EV-008,6,46.1,28.527,False,2026-10-02 19:30,optimized
EV-008,7,46.1,28.527,False,2026-10-02 19:45,optimized
EV-008,8,46.1,28.527,False,2026-10-02 20:00,optimized
EV-008,9,46.1,28.527,False,2026-10-02 20:15,optimized
EV-008,10,46.1,28.527,False,2026-10-02 20:30,optimized
EV-008,11,46.1,28.527,False,2026-10-02 20:45,optimized
EV-008,12,46.1,28.527,False,2026-10-02 21:00,optimized
EV-008,13,46.1,28.527,False,2026-10-02 21:15,optimized
EV-008,14,46.1,28.527,False,2026-10-02 21:30,optimized
EV-008,15,46.1,28.527,False,2026-10-02 21:45,optimized
EV-008,16,46.1,28.527,False,2026-10-02 22:00,optimized
EV-008,17,46.1,28.527,False,2026-10-02 22:15,optimized
EV-008,18,46.1,28.527,False,2026-10-02 22:30,optimized
EV-008,19,46.1,28.527,False,2026-10-02 22:45,optimized
EV-008,20,46.1,28.527,False,2026-10-02 23:00,optimized
EV-008,21,46.1,28.527,False,2026-10-02 23:15,optimized
EV-008,22,46.1,28.527,False,2026-10-02 23:30,optimized
EV-008,23,46.1,28.527,False,2026-10-02 23:45,optimized
EV-008,24,46.1,28.527,False,2026-10-03 00:00,optimized
EV-008,25,46.1,28.527,False,2026-10-03 00:15,optimized
EV-008,26,46.1,28.527,False,2026-10-03 00:30,optimized
EV-008,27,46.1,28.527,False,2026-10-03 00:45,optimized
EV-008,28,46.1,28.527,False,2026-10-03 01:00,optimized
EV-008,29,46.1,28.527,False,2026-10-03 01:15,optimized
EV-008,30,46.1,28.527,False,2026-10-03 01:30,optimized
EV-008,31,46.1,28.527,False,2026-10-03 01:45,optimized
EV-008,32,46.1,28.527,False,2026-10-03 02:00,optimized
EV-008,33,46.1,28.527,False,2026-10-03 02:15,optimized
EV-008,34,46.1,28.527,False,2026-10-03 02:30,optimized
EV-008,35,46.1,28.527,False,2026-10-03 02:45,optimized
EV-008,36,46.1,28.527,False,2026-10-03 03:00,optimized
EV-008,37,46.1,28.527,False,2026-10-03 03:15,optimized
EV-008,38,46.1,28.527,False,2026-10-03 03:30,optimized
EV-008,39,46.1,28.527,False,2026-10-03 03:45,optimized
EV-008,40,46.1,28.527,False,2026-10-03 04:00,optimized
EV-008,41,46.1,28.527,False,2026-10-03 04:15,optimized
EV-008,42,46.1,28.527,False,2026-10-03 04:30,optimized
EV-008,43,46.1,28.527,False,2026-10-03 04:45,optimized
EV-008,44,46.1,28.527,False,2026-10-03 05:00,optimized
EV-008,45,46.1,28.527,False,2026-10-03 05:15,optimized
EV-008,46,46.1,28.527,False,2026-10-03 05:30,optimized
EV-008,47,46.1,28.527,False,2026-10-03 05:45,optimized
EV-008,48,46.1,28.527,False,2026-10-03 06:00,optimized
EV-008,49,46.1,28.527,False,2026-10-03 06:15,optimized
EV-008,50,46.1,28.527,False,2026-10-03 06:30,optimized
EV-008,51,46.1,28.527,False,2026-10-03 06:45,optimized
EV-008,52,46.1,28.527,False,2026-10-03 07:00,optimized
EV-008,53,46.1,28.527,False,2026-10-03 07:15,optimized
EV-008,54,46.1,28.527,False,2026-10-03 07:30,optimized
EV-008,55,46.1,28.527,False,2026-10-03 07:45,optimized
EV-008,56,46.1,28.527,False,2026-10-03 08:00,optimized
EV-008,57,46.1,28.527,False,2026-10-03 08:15,optimized
EV-008,58,46.1,28.527,False,2026-10-03 08:30,optimized
EV-008,59,46.1,28.527,False,2026-10-03 08:45,optimized
EV-008,60,46.1,28.527,False,2026-10-03 09:00,optimized
EV-008,61,46.1,28.527,False,2026-10-03 09:15,optimized
EV-008,62,46.1,28.527,False,2026-10-03 09:30,optimized
EV-008,63,46.1,28.527,False,2026-10-03 09:45,optimized
EV-008,64,46.1,28.527,False,2026-10-03 10:00,optimized
EV-008,65,46.1,28.527,False,2026-10-03 10:15,optimized
EV-008,66,46.1,28.527,False,2026-10-03 10:30,optimized
EV-008,67,46.1,28.527,False,2026-10-03 10:45,optimized
EV-008,68,46.1,28.527,False,2026-10-03 11:00,optimized
EV-008,69,46.1,28.527,False,2026-10-03 11:15,optimized
EV-008,70,46.1,28.527,False,2026-10-03 11:30,optimized
EV-008,71,46.1,28.527,False,2026-10-03 11:45,optimized
EV-008,72,46.1,28.527,False,2026-10-03 12:00,optimized
EV-008,73,46.1,28.527,False,2026-10-03 12:15,optimized
EV-008,74,46.1,28.527,False,2026-10-03 12:30,optimized
EV-008,75,46.1,28.527,False,2026-10-03 12:45,optimized
EV-008,76,46.1,28.527,False,2026-10-03 13:00,optimized
EV-008,77,46.1,28.527,False,2026-10-03 13:15,optimized
EV-008,78,46.1,28.527,False,2026-10-03 13:30,optimized
EV-008,79,46.1,28.527,False,2026-10-03 13:45,optimized
EV-008,80,46.1,28.527,False,2026-10-03 14:00,optimized
EV-008,81,46.1,28.527,False,2026-10-03 14:15,optimized
EV-008,82,46.1,28.527,False,2026-10-03 14:30,optimized
EV-008,83,46.1,28.527,False,2026-10-03 14:45,optimized
EV-008,84,46.1,28.527,False,2026-10-03 15:00,optimized
EV-008,85,46.1,28.527,False,2026-10-03 15:15,optimized
EV-008,86,46.1,28.527,False,2026-10-03 15:30,optimized
EV-008,87,46.1,28.527,False,2026-10-03 15:45,optimized
EV-008,88,46.1,28.527,False,2026-10-03 16:00,optimized
EV-008,89,46.1,28.527,False,2026-10-03 16:15,optimized
EV-008,90,46.1,28.527,False,2026-10-03 16:30,optimized
EV-008,91,46.1,28.527,False,2026-10-03 16:45,optimized
EV-008,92,46.1,28.527,False,2026-10-03 17:00,optimized
EV-008,93,46.1,28.527,False,2026-10-03 17:15,optimized
EV-008,94,46.1,28.527,False,2026-10-03 17:30,optimized
EV-008,95,46.1,28.527,False,2026-10-03 17:45,optimized
EV-009,0,36.8,14.352,False,2026-10-02 18:00,optimized
EV-009,1,36.8,14.352,False,2026-10-02 18:15,optimized
EV-009,2,36.8,14.352,False,2026-10-02 18:30,optimized
EV-009,3,36.8,14.352,False,2026-10-02 18:45,optimized
EV-009,4,36.8,14.352,False,2026-10-02 19:00,optimized
EV-009,5,36.8,14.352,False,2026-10-02 19:15,optimized
EV-009,6,36.8,14.352,False,2026-10-02 19:30,optimized
EV-009,7,36.8,14.352,False,2026-10-02 19:45,optimized
EV-009,8,36.8,14.352,False,2026-10-02 20:00,optimized
EV-009,9,36.8,14.352,False,2026-10-02 20:15,optimized
EV-009,10,36.8,14.352,False,2026-10-02 20:30,optimized
EV-009,11,36.8,14.352,False,2026-10-02 20:45,optimized
EV-009,12,36.8,14.352,False,2026-10-02 21:00,optimized
EV-009,13,36.8,14.352,False,2026-10-02 21:15,optimized
EV-009,14,36.8,14.352,False,2026-10-02 21:30,optimized
EV-009,15,36.8,14.352,False,2026-10-02 21:45,optimized
EV-009,16,36.8,14.352,False,2026-10-02 22:00,optimized
EV-009,17,36.8,14.352,False,2026-10-02 22:15,optimized
EV-009,18,36.8,14.352,False,2026-10-02 22:30,optimized
EV-009,19,36.8,14.352,False,2026-10-02 22:45,optimized
EV-009,20,36.8,14.352,False,2026-10-02 23:00,optimized
EV-009,21,36.8,14.352,False,2026-10-02 23:15,optimized
EV-009,22,36.8,14.352,False,2026-10-02 23:30,optimized
EV-009,23,36.8,14.352,False,2026-10-02 23:45,optimized
EV-009,24,36.8,14.352,False,2026-10-03 00:00,optimized
EV-009,25,36.8,14.352,False,2026-10-03 00:15,optimized
EV-009,26,36.8,14.352,False,2026-10-03 00:30,optimized
EV-009,27,36.8,14.352,False,2026-10-03 00:45,optimized
EV-009,28,36.8,14.352,False,2026-10-03 01:00,optimized
EV-009,29,36.8,14.352,False,2026-10-03 01:15,optimized
EV-009,30,36.8,14.352,False,2026-10-03 01:30,optimized
EV-009,31,36.8,14.352,False,2026-10-03 01:45,optimized
EV-009,32,36.8,14.352,False,2026-10-03 02:00,optimized
EV-009,33,36.8,14.352,False,2026-10-03 02:15,optimized
EV-009,34,36.8,14.352,False,2026-10-03 02:30,optimized
EV-009,35,36.8,14.352,False,2026-10-03 02:45,optimized
EV-009,36,36.8,14.352,False,2026-10-03 03:00,optimized
EV-009,37,36.8,14.352,False,2026-10-03 03:15,optimized
EV-009,38,36.8,14.352,False,2026-10-03 03:30,optimized
EV-009,39,36.8,14.352,False,2026-10-03 03:45,optimized
EV-009,40,36.8,14.352,False,2026-10-03 04:00,optimized
EV-009,41,36.8,14.352,False,2026-10-03 04:15,optimized
EV-009,42,36.8,14.352,False,2026-10-03 04:30,optimized
EV-009,43,36.8,14.352,False,2026-10-03 04:45,optimized
EV-009,44,36.8,14.352,False,2026-10-03 05:00,optimized
EV-009,45,36.8,14.352,False,2026-10-03 05:15,optimized
EV-009,46,36.8,14.352,False,2026-10-03 05:30,optimized
EV-009,47,36.8,14.352,False,2026-10-03 05:45,optimized
EV-009,48,36.8,14.352,False,2026-10-03 06:00,optimized
EV-009,49,36.8,14.352,False,2026-10-03 06:15,optimized
EV-009,50,36.8,14.352,False,2026-10-03 06:30,optimized
EV-009,51,36.8,14.352,False,2026-10-03 06:45,optimized
EV-009,52,36.8,14.352,False,2026-10-03 07:00,optimized
EV-009,53,36.8,14.352,False,2026-10-03 07:15,optimized
EV-009,54,36.8,14.352,False,2026-10-03 07:30,optimized
EV-009,55,36.8,14.352,False,2026-10-03 07:45,optimized
EV-009,56,36.8,14.352,False,2026-10-03 08:00,optimized
EV-009,57,36.8,14.352,False,2026-10-03 08:15,optimized
EV-009,58,36.8,14.352,False,2026-10-03 08:30,optimized
EV-009,59,36.8,14.352,False,2026-10-03 08:45,optimized
EV-009,60,36.8,14.352,False,2026-10-03 09:00,optimized
EV-009,61,36.8,14.352,False,2026-10-03 09:15,optimized
EV-009,62,36.8,14.352,False,2026-10-03 09:30,optimized
EV-009,63,36.8,14.352,False,2026-10-03 09:45,optimized
EV-009,64,36.8,14.352,False,2026-10-03 10:00,optimized
EV-009,65,36.8,14.352,False,2026-10-03 10:15,optimized
EV-009,66,36.8,14.352,False,2026-10-03 10:30,optimized
EV-009,67,36.8,14.352,False,2026-10-03 10:45,optimized
EV-009,68,36.8,14.352,False,2026-10-03 11:00,optimized
EV-009,69,36.8,14.352,False,2026-10-03 11:15,optimized
EV-009,70,36.8,14.352,False,2026-10-03 11:30,optimized
EV-009,71,36.8,14.352,False,2026-10-03 11:45,optimized
EV-009,72,36.8,14.352,False,2026-10-03 12:00,optimized
EV-009,73,36.8,14.352,False,2026-10-03 12:15,optimized
EV-009,74,36.8,14.352,False,2026-10-03 12:30,optimized
EV-009,75,36.8,14.352,False,2026-10-03 12:45,optimized
EV-009,76,36.8,14.352,False,2026-10-03 13:00,optimized
EV-009,77,36.8,14.352,False,2026-10-03 13:15,optimized
EV-009,78,36.8,14.352,False,2026-10-03 13:30,optimized
EV-009,79,36.8,14.352,False,2026-10-03 13:45,optimized
EV-009,80,36.8,14.352,False,2026-10-03 14:00,optimized
EV-009,81,36.8,14.352,False,2026-10-03 14:15,optimized
EV-009,82,36.8,14.352,False,2026-10-03 14:30,optimized
EV-009,83,36.8,14.352,False,2026-10-03 14:45,optimized
EV-009,84,36.8,14.352,False,2026-10-03 15:00,optimized
EV-009,85,36.8,14.352,False,2026-10-03 15:15,optimized
EV-009,86,36.8,14.352,False,2026-10-03 15:30,optimized
EV-009,87,36.8,14.352,False,2026-10-03 15:45,optimized
EV-009,88,36.8,14.352,False,2026-10-03 16:00,optimized
EV-009,89,36.8,14.352,False,2026-10-03 16:15,optimized
EV-009,90,36.8,14.352,False,2026-10-03 16:30,optimized
EV-009,91,36.8,14.352,False,2026-10-03 16:45,optimized
EV-009,92,36.8,14.352,False,2026-10-03 17:00,optimized
EV-009,93,36.8,14.352,False,2026-10-03 17:15,optimized
EV-009,94,36.8,14.352,False,2026-10-03 17:30,optimized
EV-009,95,36.8,14.352,False,2026-10-03 17:45,optimized
EV-010,0,36.0,21.949,False,2026-10-02 18:00,optimized
EV-010,1,36.0,21.949,False,2026-10-02 18:15,optimized
EV-010,2,36.0,21.949,False,2026-10-02 18:30,optimized
EV-010,3,36.0,21.949,False,2026-10-02 18:45,optimized
EV-010,4,36.0,21.949,False,2026-10-02 19:00,optimized
EV-010,5,36.0,21.949,False,2026-10-02 19:15,optimized
EV-010,6,36.0,21.949,False,2026-10-02 19:30,optimized
EV-010,7,36.0,21.949,False,2026-10-02 19:45,optimized
EV-010,8,36.0,21.949,False,2026-10-02 20:00,optimized
EV-010,9,36.0,21.949,False,2026-10-02 20:15,optimized
EV-010,10,36.0,21.949,False,2026-10-02 20:30,optimized
EV-010,11,36.0,21.949,False,2026-10-02 20:45,optimized
EV-010,12,36.0,21.949,False,2026-10-02 21:00,optimized
EV-010,13,36.0,21.949,False,2026-10-02 21:15,optimized
EV-010,14,36.0,21.949,False,2026-10-02 21:30,optimized
EV-010,15,36.0,21.949,False,2026-10-02 21:45,optimized
EV-010,16,36.0,21.949,False,2026-10-02 22:00,optimized
EV-010,17,36.0,21.949,False,2026-10-02 22:15,optimized
EV-010,18,36.0,21.949,False,2026-10-02 22:30,optimized
EV-010,19,36.0,21.949,False,2026-10-02 22:45,optimized
EV-010,20,36.0,21.949,False,2026-10-02 23:00,optimized
EV-010,21,36.0,21.949,False,2026-10-02 23:15,optimized
EV-010,22,36.0,21.949,False,2026-10-02 23:30,optimized
EV-010,23,36.0,21.949,False,2026-10-02 23:45,optimized
EV-010,24,36.0,21.949,False,2026-10-03 00:00,optimized
EV-010,25,36.0,21.949,False,2026-10-03 00:15,optimized
EV-010,26,36.0,21.949,False,2026-10-03 00:30,optimized
EV-010,27,36.0,21.949,False,2026-10-03 00:45,optimized
EV-010,28,36.0,21.949,False,2026-10-03 01:00,optimized
EV-010,29,36.0,21.949,False,2026-10-03 01:15,optimized
EV-010,30,36.0,21.949,False,2026-10-03 01:30,optimized
EV-010,31,36.0,21.949,False,2026-10-03 01:45,optimized
EV-010,32,36.0,21.949,False,2026-10-03 02:00,optimized
EV-010,33,36.0,21.949,False,2026-10-03 02:15,optimized
EV-010,34,36.0,21.949,False,2026-10-03 02:30,optimized
EV-010,35,36.0,21.949,False,2026-10-03 02:45,optimized
EV-010,36,36.0,21.949,False,2026-10-03 03:00,optimized
EV-010,37,36.0,21.949,False,2026-10-03 03:15,optimized
EV-010,38,36.0,21.949,False,2026-10-03 03:30,optimized
EV-010,39,36.0,21.949,False,2026-10-03 03:45,optimized
EV-010,40,36.0,21.949,False,2026-10-03 04:00,optimized
EV-010,41,36.0,21.949,False,2026-10-03 04:15,optimized
EV-010,42,36.0,21.949,False,2026-10-03 04:30,optimized
EV-010,43,36.0,21.949,False,2026-10-03 04:45,optimized
EV-010,44,36.0,21.949,False,2026-10-03 05:00,optimized
EV-010,45,36.0,21.949,False,2026-10-03 05:15,optimized
EV-010,46,36.0,21.949,False,2026-10-03 05:30,optimized
EV-010,47,36.0,21.949,False,2026-10-03 05:45,optimized
EV-010,48,36.0,21.949,False,2026-10-03 06:00,optimized
EV-010,49,36.0,21.949,False,2026-10-03 06:15,optimized
EV-010,50,36.0,21.949,False,2026-10-03 06:30,optimized
EV-010,51,36.0,21.949,False,2026-10-03 06:45,optimized
EV-010,52,36.0,21.949,False,2026-10-03 07:00,optimized
EV-010,53,36.0,21.949,False,2026-10-03 07:15,optimized
EV-010,54,36.0,21.949,False,2026-10-03 07:30,optimized
EV-010,55,36.0,21.949,False,2026-10-03 07:45,optimized
EV-010,56,36.0,21.949,False,2026-10-03 08:00,optimized
EV-010,57,36.0,21.949,False,2026-10-03 08:15,optimized
EV-010,58,36.0,21.949,False,2026-10-03 08:30,optimized
EV-010,59,36.0,21.949,False,2026-10-03 08:45,optimized
EV-010,60,36.0,21.949,False,2026-10-03 09:00,optimized
EV-010,61,36.0,21.949,False,2026-10-03 09:15,optimized
EV-010,62,36.0,21.949,False,2026-10-03 09:30,optimized
EV-010,63,36.0,21.949,False,2026-10-03 09:45,optimized
EV-010,64,36.0,21.949,False,2026-10-03 10:00,optimized
EV-010,65,36.0,21.949,False,2026-10-03 10:15,optimized
EV-010,66,36.0,21.949,False,2026-10-03 10:30,optimized
EV-010,67,36.0,21.949,False,2026-10-03 10:45,optimized
EV-010,68,36.0,21.949,False,2026-10-03 11:00,optimized
EV-010,69,36.0,21.949,False,2026-10-03 11:15,optimized
EV-010,70,36.0,21.949,False,2026-10-03 11:30,optimized
EV-010,71,36.0,21.949,False,2026-10-03 11:45,optimized
EV-010,72,36.0,21.949,False,2026-10-03 12:00,optimized
EV-010,73,36.0,21.949,False,2026-10-03 12:15,optimized
EV-010,74,36.0,21.949,False,2026-10-03 12:30,optimized
EV-010,75,36.0,21.949,False,2026-10-03 12:45,optimized
EV-010,76,36.0,21.949,False,2026-10-03 13:00,optimized
EV-010,77,36.0,21.949,False,2026-10-03 13:15,optimized
EV-010,78,36.0,21.949,False,2026-10-03 13:30,optimized
EV-010,79,36.0,21.949,False,2026-10-03 13:45,optimized
EV-010,80,36.0,21.949,False,2026-10-03 14:00,optimized
EV-010,81,36.0,21.949,False,2026-10-03 14:15,optimized
EV-010,82,36.0,21.949,False,2026-10-03 14:30,optimized
EV-010,83,36.0,21.949,False,2026-10-03 14:45,optimized
EV-010,84,36.0,21.949,False,2026-10-03 15:00,optimized
EV-010,85,36.0,21.949,False,2026-10-03 15:15,optimized
EV-010,86,36.0,21.949,False,2026-10-03 15:30,optimized
EV-010,87,36.0,21.949,False,2026-10-03 15:45,optimized
EV-010,88,36.0,21.949,False,2026-10-03 16:00,optimized
EV-010,89,36.0,21.949,False,2026-10-03 16:15,optimized
EV-010,90,36.0,21.949,False,2026-10-03 16:30,optimized
EV-010,91,36.0,21.949,False,2026-10-03 16:45,optimized
EV-010,92,36.0,21.949,False,2026-10-03 17:00,optimized
EV-010,93,36.0,21.949,False,2026-10-03 17:15,optimized
EV-010,94,36.0,21.949,False,2026-10-03 17:30,optimized
EV-010,95,36.0,21.949,False,2026-10-03 17:45,optimized
EV-011,0,27.9,18.671,False,2026-10-02 18:00,optimized
EV-011,1,27.9,18.671,False,2026-10-02 18:15,optimized
EV-011,2,27.9,18.671,False,2026-10-02 18:30,optimized
EV-011,3,27.9,18.671,False,2026-10-02 18:45,optimized
EV-011,4,27.9,18.671,False,2026-10-02 19:00,optimized
EV-011,5,27.9,18.671,False,2026-10-02 19:15,optimized
EV-011,6,27.9,18.671,False,2026-10-02 19:30,optimized
EV-011,7,27.9,18.671,False,2026-10-02 19:45,optimized
EV-011,8,27.9,18.671,False,2026-10-02 20:00,optimized
EV-011,9,27.9,18.671,False,2026-10-02 20:15,optimized
EV-011,10,27.9,18.671,False,2026-10-02 20:30,optimized
EV-011,11,27.9,18.671,False,2026-10-02 20:45,optimized
EV-011,12,27.9,18.671,False,2026-10-02 21:00,optimized
EV-011,13,27.9,18.671,False,2026-10-02 21:15,optimized
EV-011,14,27.9,18.671,False,2026-10-02 21:30,optimized
EV-011,15,27.9,18.671,False,2026-10-02 21:45,optimized
EV-011,16,27.9,18.671,False,2026-10-02 22:00,optimized
EV-011,17,27.9,18.671,False,2026-10-02 22:15,optimized
EV-011,18,27.9,18.671,False,2026-10-02 22:30,optimized
EV-011,19,27.9,18.671,False,2026-10-02 22:45,optimized
EV-011,20,27.9,18.671,False,2026-10-02 23:00,optimized
EV-011,21,27.9,18.671,False,2026-10-02 23:15,optimized
EV-011,22,27.9,18.671,False,2026-10-02 23:30,optimized
EV-011,23,27.9,18.671,False,2026-10-02 23:45,optimized
EV-011,24,27.9,18.671,False,2026-10-03 00:00,optimized
EV-011,25,27.9,18.671,False,2026-10-03 00:15,optimized
EV-011,26,27.9,18.671,False,2026-10-03 00:30,optimized
EV-011,27,27.9,18.671,False,2026-10-03 00:45,optimized
EV-011,28,27.9,18.671,False,2026-10-03 01:00,optimized
EV-011,29,27.9,18.671,False,2026-10-03 01:15,optimized
EV-011,30,27.9,18.671,False,2026-10-03 01:30,optimized
EV-011,31,27.9,18.671,False,2026-10-03 01:45,optimized
EV-011,32,27.9,18.671,False,2026-10-03 02:00,optimized
EV-011,33,27.9,18.671,False,2026-10-03 02:15,optimized
EV-011,34,27.9,18.671,False,2026-10-03 02:30,optimized
EV-011,35,27.9,18.671,False,2026-10-03 02:45,optimized
EV-011,36,27.9,18.671,False,2026-10-03 03:00,optimized
EV-011,37,27.9,18.671,False,2026-10-03 03:15,optimized
EV-011,38,27.9,18.671,False,2026-10-03 03:30,optimized
EV-011,39,27.9,18.671,False,2026-10-03 03:45,optimized
EV-011,40,27.9,18.671,False,2026-10-03 04:00,optimized
EV-011,41,27.9,18.671,False,2026-10-03 04:15,optimized
EV-011,42,27.9,18.671,False,2026-10-03 04:30,optimized
EV-011,43,27.9,18.671,False,2026-10-03 04:45,optimized
EV-011,44,27.9,18.671,False,2026-10-03 05:00,optimized
EV-011,45,27.9,18.671,False,2026-10-03 05:15,optimized
EV-011,46,27.9,18.671,False,2026-10-03 05:30,optimized
EV-011,47,27.9,18.671,True,2026-10-03 05:45,optimized
EV-011,48,27.9,18.671,True,2026-10-03 06:00,optimized
EV-011,49,27.9,18.671,True,2026-10-03 06:15,optimized
EV-011,50,27.9,18.671,True,2026-10-03 06:30,optimized
EV-011,51,27.9,18.671,True,2026-10-03 06:45,optimized
EV-011,52,27.9,18.671,True,2026-10-03 07:00,optimized
EV-011,53,27.9,18.671,True,2026-10-03 07:15,optimized
EV-011,54,27.9,18.671,True,2026-10-03 07:30,optimized
EV-011,55,15.3,10.27,False,2026-10-03 07:45,optimized
EV-011,56,15.3,10.27,False,2026-10-03 08:00,optimized
EV-011,57,15.3,10.27,False,2026-10-03 08:15,optimized
EV-011,58,15.3,10.27,False,2026-10-03 08:30,optimized
EV-011,59,15.3,10.27,False,2026-10-03 08:45,optimized
EV-011,60,15.3,10.27,False,2026-10-03 09:00,optimized
EV-011,61,15.3,10.27,False,2026-10-03 09:15,optimized
EV-011,62,15.3,10.27,False,2026-10-03 09:30,optimized
EV-011,63,15.3,10.27,False,2026-10-03 09:45,optimized
EV-011,64,15.3,10.27,False,2026-10-03 10:00,optimized
EV-011,65,15.3,10.27,False,2026-10-03 10:15,optimized
EV-011,66,15.3,10.27,False,2026-10-03 10:30,optimized
EV-011,67,15.3,10.27,False,2026-10-03 10:45,optimized
EV-011,68,15.3,10.27,False,2026-10-03 11:00,optimized
EV-011,69,15.3,10.27,False,2026-10-03 11:15,optimized
EV-011,70,15.3,10.27,False,2026-10-03 11:30,optimized
EV-011,71,15.3,10.27,False,2026-10-03 11:45,optimized
EV-011,72,15.3,10.27,False,2026-10-03 12:00,optimized
EV-011,73,15.3,10.27,False,2026-10-03 12:15,optimized
EV-011,74,15.3,10.27,False,2026-10-03 12:30,optimized
EV-011,75,15.3,10.27,False,2026-10-03 12:45,optimized
EV-011,76,15.3,10.27,False,2026-10-03 13:00,optimized
EV-011,77,15.3,10.27,False,2026-10-03 13:15,optimized
EV-011,78,15.3,10.27,False,2026-10-03 13:30,optimized
EV-011,79,15.3,10.27,False,2026-10-03 13:45,optimized
EV-011,80,15.3,10.27,False,2026-10-03 14:00,optimized
EV-011,81,15.3,10.27,False,2026-10-03 14:15,optimized
EV-011,82,15.3,10.27,False,2026-10-03 14:30,optimized
EV-011,83,15.3,10.27,False,2026-10-03 14:45,optimized
EV-011,84,15.3,10.27,False,2026-10-03 15:00,optimized
EV-011,85,15.3,10.27,False,2026-10-03 15:15,optimized
EV-011,86,15.3,10.27,False,2026-10-03 15:30,optimized
EV-011,87,15.3,10.27,False,2026-10-03 15:45,optimized
EV-011,88,15.3,10.27,False,2026-10-03 16:00,optimized
EV-011,89,15.3,10.27,False,2026-10-03 16:15,optimized
EV-011,90,15.3,10.27,False,2026-10-03 16:30,optimized
EV-011,91,15.3,10.27,False,2026-10-03 16:45,optimized
EV-011,92,15.3,10.27,False,2026-10-03 17:00,optimized
EV-011,93,15.3,10.27,False,2026-10-03 17:15,optimized
EV-011,94,15.3,10.27,False,2026-10-03 17:30,optimized
EV-011,95,15.3,10.27,False,2026-10-03 17:45,optimized
EV-012,0,49.5,17.167,False,2026-10-02 18:00,optimized
EV-012,1,49.5,17.167,False,2026-10-02 18:15,optimized
EV-012,2,49.5,17.167,False,2026-10-02 18:30,optimized
EV-012,3,49.5,17.167,False,2026-10-02 18:45,optimized
EV-012,4,49.5,17.167,False,2026-10-02 19:00,optimized
EV-012,5,49.5,17.167,False,2026-10-02 19:15,optimized
EV-012,6,49.5,17.167,False,2026-10-02 19:30,optimized
EV-012,7,49.5,17.167,False,2026-10-02 19:45,optimized
EV-012,8,49.5,17.167,False,2026-10-02 20:00,optimized
EV-012,9,49.5,17.167,False,2026-10-02 20:15,optimized
EV-012,10,49.5,17.167,False,2026-10-02 20:30,optimized
EV-012,11,49.5,17.167,False,2026-10-02 20:45,optimized
EV-012,12,49.5,17.167,False,2026-10-02 21:00,optimized
EV-012,13,49.5,17.167,False,2026-10-02 21:15,optimized
EV-012,14,49.5,17.167,False,2026-10-02 21:30,optimized
EV-012,15,49.5,17.167,False,2026-10-02 21:45,optimized
EV-012,16,49.5,17.167,False,2026-10-02 22:00,optimized
EV-012,17,49.5,17.167,False,2026-10-02 22:15,optimized
EV-012,18,49.5,17.167,False,2026-10-02 22:30,optimized
EV-012,19,49.5,17.167,False,2026-10-02 22:45,optimized
EV-012,20,49.5,17.167,False,2026-10-02 23:00,optimized
EV-012,21,49.5,17.167,False,2026-10-02 23:15,optimized
EV-012,22,49.5,17.167,False,2026-10-02 23:30,optimized
EV-012,23,49.5,17.167,False,2026-10-02 23:45,optimized
EV-012,24,49.5,17.167,False,2026-10-03 00:00,optimized
EV-012,25,49.5,17.167,False,2026-10-03 00:15,optimized
EV-012,26,49.5,17.167,False,2026-10-03 00:30,optimized
EV-012,27,49.5,17.167,False,2026-10-03 00:45,optimized
EV-012,28,49.5,17.167,False,2026-10-03 01:00,optimized
EV-012,29,49.5,17.167,False,2026-10-03 01:15,optimized
EV-012,30,49.5,17.167,False,2026-10-03 01:30,optimized
EV-012,31,49.5,17.167,False,2026-10-03 01:45,optimized
EV-012,32,49.5,17.167,False,2026-10-03 02:00,optimized
EV-012,33,49.5,17.167,False,2026-10-03 02:15,optimized
EV-012,34,49.5,17.167,False,2026-10-03 02:30,optimized
EV-012,35,49.5,17.167,False,2026-10-03 02:45,optimized
EV-012,36,49.5,17.167,False,2026-10-03 03:00,optimized
EV-012,37,49.5,17.167,False,2026-10-03 03:15,optimized
EV-012,38,49.5,17.167,False,2026-10-03 03:30,optimized
EV-012,39,49.5,17.167,False,2026-10-03 03:45,optimized
EV-012,40,49.5,17.167,False,2026-10-03 04:00,optimized
EV-012,41,49.5,17.167,False,2026-10-03 04:15,optimized
EV-012,42,49.5,17.167,False,2026-10-03 04:30,optimized
EV-012,43,49.5,17.167,False,2026-10-03 04:45,optimized
EV-012,44,49.5,17.167,False,2026-10-03 05:00,optimized
EV-012,45,49.5,17.167,False,2026-10-03 05:15,optimized
EV-012,46,49.5,17.167,False,2026-10-03 05:30,optimized
EV-012,47,49.5,17.167,False,2026-10-03 05:45,optimized
EV-012,48,49.5,17.167,False,2026-10-03 06:00,optimized
EV-012,49,49.5,17.167,True,2026-10-03 06:15,optimized
EV-012,50,49.5,17.167,True,2026-10-03 06:30,optimized
EV-012,51,49.5,17.167,True,2026-10-03 06:45,optimized
EV-012,52,49.5,17.167,True,2026-10-03 07:00,optimized
EV-012,53,49.5,17.167,True,2026-10-03 07:15,optimized
EV-012,54,49.5,17.167,True,2026-10-03 07:30,optimized
EV-012,55,49.5,17.167,True,2026-10-03 07:45,optimized
EV-012,56,49.5,17.167,True,2026-10-03 08:00,optimized
EV-012,57,49.5,17.167,True,2026-10-03 08:15,optimized
EV-012,58,49.5,17.167,True,2026-10-03 08:30,optimized
EV-012,59,15.5,5.383,False,2026-10-03 08:45,optimized
EV-012,60,15.5,5.383,False,2026-10-03 09:00,optimized
EV-012,61,15.5,5.383,False,2026-10-03 09:15,optimized
EV-012,62,15.5,5.383,False,2026-10-03 09:30,optimized
EV-012,63,15.5,5.383,False,2026-10-03 09:45,optimized
EV-012,64,15.5,5.383,False,2026-10-03 10:00,optimized
EV-012,65,15.5,5.383,False,2026-10-03 10:15,optimized
EV-012,66,15.5,5.383,False,2026-10-03 10:30,optimized
EV-012,67,15.5,5.383,False,2026-10-03 10:45,optimized
EV-012,68,15.5,5.383,False,2026-10-03 11:00,optimized
EV-012,69,15.5,5.383,False,2026-10-03 11:15,optimized
EV-012,70,15.5,5.383,False,2026-10-03 11:30,optimized
EV-012,71,15.5,5.383,False,2026-10-03 11:45,optimized
EV-012,72,15.5,5.383,False,2026-10-03 12:00,optimized
EV-012,73,15.5,5.383,False,2026-10-03 12:15,optimized
EV-012,74,15.5,5.383,False,2026-10-03 12:30,optimized
EV-012,75,15.5,5.383,False,2026-10-03 12:45,optimized
EV-012,76,15.5,5.383,False,2026-10-03 13:00,optimized
EV-012,77,15.5,5.383,False,2026-10-03 13:15,optimized
EV-012,78,15.5,5.383,False,2026-10-03 13:30,optimized
EV-012,79,15.5,5.383,False,2026-10-03 13:45,optimized
EV-012,80,15.5,5.383,False,2026-10-03 14:00,optimized
EV-012,81,15.5,5.383,False,2026-10-03 14:15,optimized
EV-012,82,15.5,5.383,False,2026-10-03 14:30,optimized
EV-012,83,15.5,5.383,False,2026-10-03 14:45,optimized
EV-012,84,15.5,5.383,False,2026-10-03 15:00,optimized
EV-012,85,15.5,5.383,False,2026-10-03 15:15,optimized
EV-012,86,15.5,5.383,False,2026-10-03 15:30,optimized
EV-012,87,15.5,5.383,False,2026-10-03 15:45,optimized
EV-012,88,15.5,5.383,False,2026-10-03 16:00,optimized
EV-012,89,15.5,5.383,False,2026-10-03 16:15,optimized
EV-012,90,15.5,5.383,False,2026-10-03 16:30,optimized
EV-012,91,15.5,5.383,False,2026-10-03 16:45,optimized
EV-012,92,15.5,5.383,False,2026-10-03 17:00,optimized
EV-012,93,15.5,5.383,False,2026-10-03 17:15,optimized
EV-012,94,15.5,5.383,False,2026-10-03 17:30,optimized
EV-012,95,15.5,5.383,False,2026-10-03 17:45,optimized
EV-013,0,45.7,30.231,False,2026-10-02 18:00,optimized
EV-013,1,45.7,30.231,False,2026-10-02 18:15,optimized
EV-013,2,45.7,30.231,False,2026-10-02 18:30,optimized
EV-013,3,45.7,30.231,False,2026-10-02 18:45,optimized
EV-013,4,45.7,30.231,False,2026-10-02 19:00,optimized
EV-013,5,45.7,30.231,False,2026-10-02 19:15,optimized
EV-013,6,45.7,30.231,False,2026-10-02 19:30,optimized
EV-013,7,45.7,30.231,False,2026-10-02 19:45,optimized
EV-013,8,45.7,30.231,False,2026-10-02 20:00,optimized
EV-013,9,45.7,30.231,False,2026-10-02 20:15,optimized
EV-013,10,45.7,30.231,False,2026-10-02 20:30,optimized
EV-013,11,45.7,30.231,False,2026-10-02 20:45,optimized
EV-013,12,45.7,30.231,False,2026-10-02 21:00,optimized
EV-013,13,45.7,30.231,False,2026-10-02 21:15,optimized
EV-013,14,45.7,30.231,False,2026-10-02 21:30,optimized
EV-013,15,45.7,30.231,False,2026-10-02 21:45,optimized
EV-013,16,45.7,30.231,False,2026-10-02 22:00,optimized
EV-013,17,45.7,30.231,False,2026-10-02 22:15,optimized
EV-013,18,45.7,30.231,False,2026-10-02 22:30,optimized
EV-013,19,45.7,30.231,False,2026-10-02 22:45,optimized
EV-013,20,45.7,30.231,False,2026-10-02 23:00,optimized
EV-013,21,45.7,30.231,False,2026-10-02 23:15,optimized
EV-013,22,45.7,30.231,False,2026-10-02 23:30,optimized
EV-013,23,45.7,30.231,False,2026-10-02 23:45,optimized
EV-013,24,45.7,30.231,False,2026-10-03 00:00,optimized
EV-013,25,45.7,30.231,False,2026-10-03 00:15,optimized
EV-013,26,45.7,30.231,False,2026-10-03 00:30,optimized
EV-013,27,45.7,30.231,False,2026-10-03 00:45,optimized
EV-013,28,45.7,30.231,False,2026-10-03 01:00,optimized
EV-013,29,45.7,30.231,False,2026-10-03 01:15,optimized
EV-013,30,45.7,30.231,False,2026-10-03 01:30,optimized
EV-013,31,45.7,30.231,False,2026-10-03 01:45,optimized
EV-013,32,45.7,30.231,False,2026-10-03 02:00,optimized
EV-013,33,45.7,30.231,False,2026-10-03 02:15,optimized
EV-013,34,45.7,30.231,False,2026-10-03 02:30,optimized
EV-013,35,45.7,30.231,False,2026-10-03 02:45,optimized
EV-013,36,45.7,30.231,False,2026-10-03 03:00,optimized
EV-013,37,45.7,30.231,False,2026-10-03 03:15,optimized
EV-013,38,45.7,30.231,False,2026-10-03 03:30,optimized
EV-013,39,45.7,30.231,False,2026-10-03 03:45,optimized
EV-013,40,45.7,30.231,False,2026-10-03 04:00,optimized
EV-013,41,45.7,30.231,False,2026-10-03 04:15,optimized
EV-013,42,45.7,30.231,False,2026-10-03 04:30,optimized
EV-013,43,45.7,30.231,False,2026-10-03 04:45,optimized
EV-013,44,45.7,30.231,False,2026-10-03 05:00,optimized
EV-013,45,45.7,30.231,False,2026-10-03 05:15,optimized
EV-013,46,45.7,30.231,False,2026-10-03 05:30,optimized
EV-013,47,45.7,30.231,False,2026-10-03 05:45,optimized
EV-013,48,45.7,30.231,False,2026-10-03 06:00,optimized
EV-013,49,45.7,30.231,False,2026-10-03 06:15,optimized
EV-013,50,45.7,30.231,False,2026-10-03 06:30,optimized
EV-013,51,45.7,30.231,False,2026-10-03 06:45,optimized
EV-013,52,45.7,30.231,False,2026-10-03 07:00,optimized
EV-013,53,45.7,30.231,False,2026-10-03 07:15,optimized
EV-013,54,45.7,30.231,False,2026-10-03 07:30,optimized
EV-013,55,45.7,30.231,False,2026-10-03 07:45,optimized
EV-013,56,45.7,30.231,False,2026-10-03 08:00,optimized
EV-013,57,45.7,30.231,True,2026-10-03 08:15,optimized
EV-013,58,45.7,30.231,True,2026-10-03 08:30,optimized
EV-013,59,45.7,30.231,True,2026-10-03 08:45,optimized
EV-013,60,45.7,30.231,True,2026-10-03 09:00,optimized
EV-013,61,45.7,30.231,True,2026-10-03 09:15,optimized
EV-013,62,45.7,30.231,True,2026-10-03 09:30,optimized
EV-013,63,45.7,30.231,True,2026-10-03 09:45,optimized
EV-013,64,45.7,30.231,True,2026-10-03 10:00,optimized
EV-013,65,16.2,10.712,False,2026-10-03 10:15,optimized
EV-013,66,16.2,10.712,False,2026-10-03 10:30,optimized
EV-013,67,16.2,10.712,False,2026-10-03 10:45,optimized
EV-013,68,16.2,10.712,False,2026-10-03 11:00,optimized
EV-013,69,16.2,10.712,False,2026-10-03 11:15,optimized
EV-013,70,16.2,10.712,False,2026-10-03 11:30,optimized
EV-013,71,16.2,10.712,False,2026-10-03 11:45,optimized
EV-013,72,16.2,10.712,False,2026-10-03 12:00,optimized
EV-013,73,16.2,10.712,False,2026-10-03 12:15,optimized
EV-013,74,16.2,10.712,False,2026-10-03 12:30,optimized
EV-013,75,16.2,10.712,False,2026-10-03 12:45,optimized
EV-013,76,16.2,10.712,False,2026-10-03 13:00,optimized
EV-013,77,16.2,10.712,False,2026-10-03 13:15,optimized
EV-013,78,16.2,10.712,False,2026-10-03 13:30,optimized
EV-013,79,16.2,10.712,False,2026-10-03 13:45,optimized
EV-013,80,16.2,10.712,False,2026-10-03 14:00,optimized
EV-013,81,16.2,10.712,False,2026-10-03 14:15,optimized
EV-013,82,16.2,10.712,False,2026-10-03 14:30,optimized
EV-013,83,16.2,10.712,False,2026-10-03 14:45,optimized
EV-013,84,16.2,10.712,False,2026-10-03 15:00,optimized
EV-013,85,16.2,10.712,False,2026-10-03 15:15,optimized
EV-013,86,16.2,10.712,False,2026-10-03 15:30,optimized
EV-013,87,16.2,10.712,False,2026-10-03 15:45,optimized
EV-013,88,16.2,10.712,False,2026-10-03 16:00,optimized
EV-013,89,16.2,10.712,False,2026-10-03 16:15,optimized
EV-013,90,16.2,10.712,False,2026-10-03 16:30,optimized
EV-013,91,16.2,10.712,False,2026-10-03 16:45,optimized
EV-013,92,16.2,10.712,False,2026-10-03 17:00,optimized
EV-013,93,16.2,10.712,False,2026-10-03 17:15,optimized
EV-013,94,16.2,10.712,False,2026-10-03 17:30,optimized
EV-013,95,16.2,10.712,False,2026-10-03 17:45,optimized
EV-014,0,32.1,11.761,False,2026-10-02 18:00,optimized
EV-014,1,32.1,11.761,False,2026-10-02 18:15,optimized
EV-014,2,32.1,11.761,False,2026-10-02 18:30,optimized
EV-014,3,32.1,11.761,False,2026-10-02 18:45,optimized
EV-014,4,32.1,11.761,False,2026-10-02 19:00,optimized
EV-014,5,32.1,11.761,False,2026-10-02 19:15,optimized
EV-014,6,32.1,11.761,False,2026-10-02 19:30,optimized
EV-014,7,32.1,11.761,False,2026-10-02 19:45,optimized
EV-014,8,32.1,11.761,False,2026-10-02 20:00,optimized
EV-014,9,32.1,11.761,False,2026-10-02 20:15,optimized
EV-014,10,32.1,11.761,False,2026-10-02 20:30,optimized
EV-014,11,32.1,11.761,False,2026-10-02 20:45,optimized
EV-014,12,32.1,11.761,False,2026-10-02 21:00,optimized
EV-014,13,32.1,11.761,False,2026-10-02 21:15,optimized
EV-014,14,32.1,11.761,False,2026-10-02 21:30,optimized
EV-014,15,32.1,11.761,False,2026-10-02 21:45,optimized
EV-014,16,32.1,11.761,False,2026-10-02 22:00,optimized
EV-014,17,32.1,11.761,False,2026-10-02 22:15,optimized
EV-014,18,32.1,11.761,False,2026-10-02 22:30,optimized
EV-014,19,32.1,11.761,False,2026-10-02 22:45,optimized
EV-014,20,32.1,11.761,False,2026-10-02 23:00,optimized
EV-014,21,32.1,11.761,False,2026-10-02 23:15,optimized
EV-014,22,32.1,11.761,False,2026-10-02 23:30,optimized
EV-014,23,32.1,11.761,False,2026-10-02 23:45,optimized
EV-014,24,32.1,11.761,False,2026-10-03 00:00,optimized
EV-014,25,32.1,11.761,False,2026-10-03 00:15,optimized
EV-014,26,32.1,11.761,False,2026-10-03 00:30,optimized
EV-014,27,32.1,11.761,False,2026-10-03 00:45,optimized
EV-014,28,32.1,11.761,False,2026-10-03 01:00,optimized
EV-014,29,32.1,11.761,False,2026-10-03 01:15,optimized
EV-014,30,32.1,11.761,False,2026-10-03 01:30,optimized
EV-014,31,32.1,11.761,False,2026-10-03 01:45,optimized
EV-014,32,32.1,11.761,False,2026-10-03 02:00,optimized
EV-014,33,32.1,11.761,False,2026-10-03 02:15,optimized
EV-014,34,32.1,11.761,False,2026-10-03 02:30,optimized
EV-014,35,32.1,11.761,False,2026-10-03 02:45,optimized
EV-014,36,32.1,11.761,False,2026-10-03 03:00,optimized
EV-014,37,32.1,11.761,False,2026-10-03 03:15,optimized
EV-014,38,32.1,11.761,False,2026-10-03 03:30,optimized
EV-014,39,32.1,11.761,False,2026-10-03 03:45,optimized
EV-014,40,32.1,11.761,False,2026-10-03 04:00,optimized
EV-014,41,32.1,11.761,False,2026-10-03 04:15,optimized
EV-014,42,32.1,11.761,False,2026-10-03 04:30,optimized
EV-014,43,32.1,11.761,False,2026-10-03 04:45,optimized
EV-014,44,32.1,11.761,False,2026-10-03 05:00,optimized
EV-014,45,32.1,11.761,False,2026-10-03 05:15,optimized
EV-014,46,32.1,11.761,False,2026-10-03 05:30,optimized
EV-014,47,32.1,11.761,False,2026-10-03 05:45,optimized
EV-014,48,32.1,11.761,False,2026-10-03 06:00,optimized
EV-014,49,32.1,11.761,False,2026-10-03 06:15,optimized
EV-014,50,32.1,11.761,False,2026-10-03 06:30,optimized
EV-014,51,32.1,11.761,False,2026-10-03 06:45,optimized
EV-014,52,32.1,11.761,False,2026-10-03 07:00,optimized
EV-014,53,32.1,11.761,False,2026-10-03 07:15,optimized
EV-014,54,32.1,11.761,False,2026-10-03 07:30,optimized
EV-014,55,32.1,11.761,False,2026-10-03 07:45,optimized
EV-014,56,32.1,11.761,False,2026-10-03 08:00,optimized
EV-014,57,32.1,11.761,False,2026-10-03 08:15,optimized
EV-014,58,32.1,11.761,False,2026-10-03 08:30,optimized
EV-014,59,32.1,11.761,False,2026-10-03 08:45,optimized
EV-014,60,32.1,11.761,False,2026-10-03 09:00,optimized
EV-014,61,32.1,11.761,False,2026-10-03 09:15,optimized
EV-014,62,32.1,11.761,False,2026-10-03 09:30,optimized
EV-014,63,32.1,11.761,False,2026-10-03 09:45,optimized
EV-014,64,32.1,11.761,False,2026-10-03 10:00,optimized
EV-014,65,32.1,11.761,False,2026-10-03 10:15,optimized
EV-014,66,32.1,11.761,False,2026-10-03 10:30,optimized
EV-014,67,32.1,11.761,False,2026-10-03 10:45,optimized
EV-014,68,32.1,11.761,False,2026-10-03 11:00,optimized
EV-014,69,32.1,11.761,False,2026-10-03 11:15,optimized
EV-014,70,32.1,11.761,False,2026-10-03 11:30,optimized
EV-014,71,32.1,11.761,False,2026-10-03 11:45,optimized
EV-014,72,32.1,11.761,False,2026-10-03 12:00,optimized
EV-014,73,32.1,11.761,False,2026-10-03 12:15,optimized
EV-014,74,32.1,11.761,False,2026-10-03 12:30,optimized
EV-014,75,32.1,11.761,False,2026-10-03 12:45,optimized
EV-014,76,32.1,11.761,False,2026-10-03 13:00,optimized
EV-014,77,32.1,11.761,False,2026-10-03 13:15,optimized
EV-014,78,32.1,11.761,False,2026-10-03 13:30,optimized
EV-014,79,32.1,11.761,False,2026-10-03 13:45,optimized
EV-014,80,32.1,11.761,False,2026-10-03 14:00,optimized
EV-014,81,32.1,11.761,False,2026-10-03 14:15,optimized
EV-014,82,32.1,11.761,False,2026-10-03 14:30,optimized
EV-014,83,32.1,11.761,False,2026-10-03 14:45,optimized
EV-014,84,32.1,11.761,False,2026-10-03 15:00,optimized
EV-014,85,32.1,11.761,False,2026-10-03 15:15,optimized
EV-014,86,32.1,11.761,False,2026-10-03 15:30,optimized
EV-014,87,32.1,11.761,False,2026-10-03 15:45,optimized
EV-014,88,32.1,11.761,False,2026-10-03 16:00,optimized
EV-014,89,32.1,11.761,False,2026-10-03 16:15,optimized
EV-014,90,32.1,11.761,False,2026-10-03 16:30,optimized
EV-014,91,32.1,11.761,False,2026-10-03 16:45,optimized
EV-014,92,32.1,11.761,False,2026-10-03 17:00,optimized
EV-014,93,32.1,11.761,False,2026-10-03 17:15,optimized
EV-014,94,32.1,11.761,False,2026-10-03 17:30,optimized
EV-014,95,32.1,11.761,False,2026-10-03 17:45,optimized
EV-015,0,45.4,16.199,False,2026-10-02 18:00,optimized
EV-015,1,45.4,16.199,False,2026-10-02 18:15,optimized
EV-015,2,45.4,16.199,False,2026-10-02 18:30,optimized
EV-015,3,45.4,16.199,False,2026-10-02 18:45,optimized
EV-015,4,45.4,16.199,False,2026-10-02 19:00,optimized
EV-015,5,45.4,16.199,False,2026-10-02 19:15,optimized
EV-015,6,45.4,16.199,False,2026-10-02 19:30,optimized
EV-015,7,45.4,16.199,False,2026-10-02 19:45,optimized
EV-015,8,45.4,16.199,False,2026-10-02 20:00,optimized
EV-015,9,45.4,16.199,False,2026-10-02 20:15,optimized
EV-015,10,45.4,16.199,False,2026-10-02 20:30,optimized
EV-015,11,45.4,16.199,False,2026-10-02 20:45,optimized
EV-015,12,45.4,16.199,False,2026-10-02 21:00,optimized
EV-015,13,45.4,16.199,False,2026-10-02 21:15,optimized
EV-015,14,45.4,16.199,False,2026-10-02 21:30,optimized
EV-015,15,45.4,16.199,False,2026-10-02 21:45,optimized
EV-015,16,45.4,16.199,False,2026-10-02 22:00,optimized
EV-015,17,45.4,16.199,False,2026-10-02 22:15,optimized
EV-015,18,45.4,16.199,False,2026-10-02 22:30,optimized
EV-015,19,45.4,16.199,False,2026-10-02 22:45,optimized
EV-015,20,45.4,16.199,False,2026-10-02 23:00,optimized
EV-015,21,45.4,16.199,False,2026-10-02 23:15,optimized
EV-015,22,45.4,16.199,False,2026-10-02 23:30,optimized
EV-015,23,45.4,16.199,False,2026-10-02 23:45,optimized
EV-015,24,45.4,16.199,False,2026-10-03 00:00,optimized
EV-015,25,45.4,16.199,False,2026-10-03 00:15,optimized
EV-015,26,45.4,16.199,False,2026-10-03 00:30,optimized
EV-015,27,45.4,16.199,False,2026-10-03 00:45,optimized
EV-015,28,45.4,16.199,False,2026-10-03 01:00,optimized
EV-015,29,45.4,16.199,False,2026-10-03 01:15,optimized
EV-015,30,45.4,16.199,False,2026-10-03 01:30,optimized
EV-015,31,45.4,16.199,False,2026-10-03 01:45,optimized
EV-015,32,45.4,16.199,False,2026-10-03 02:00,optimized
EV-015,33,45.4,16.199,False,2026-10-03 02:15,optimized
EV-015,34,45.4,16.199,False,2026-10-03 02:30,optimized
EV-015,35,45.4,16.199,False,2026-10-03 02:45,optimized
EV-015,36,45.4,16.199,False,2026-10-03 03:00,optimized
EV-015,37,45.4,16.199,False,2026-10-03 03:15,optimized
EV-015,38,45.4,16.199,False,2026-10-03 03:30,optimized
EV-015,39,45.4,16.199,False,2026-10-03 03:45,optimized
EV-015,40,45.4,16.199,False,2026-10-03 04:00,optimized
EV-015,41,45.4,16.199,False,2026-10-03 04:15,optimized
EV-015,42,45.4,16.199,False,2026-10-03 04:30,optimized
EV-015,43,45.4,16.199,False,2026-10-03 04:45,optimized
EV-015,44,45.4,16.199,False,2026-10-03 05:00,optimized
EV-015,45,45.4,16.199,False,2026-10-03 05:15,optimized
EV-015,46,45.4,16.199,False,2026-10-03 05:30,optimized
EV-015,47,45.4,16.199,False,2026-10-03 05:45,optimized
EV-015,48,45.4,16.199,False,2026-10-03 06:00,optimized
EV-015,49,45.4,16.199,False,2026-10-03 06:15,optimized
EV-015,50,45.4,16.199,False,2026-10-03 06:30,optimized
EV-015,51,45.4,16.199,False,2026-10-03 06:45,optimized
EV-015,52,45.4,16.199,False,2026-10-03 07:00,optimized
EV-015,53,45.4,16.199,False,2026-10-03 07:15,optimized
EV-015,54,45.4,16.199,False,2026-10-03 07:30,optimized
EV-015,55,45.4,16.199,False,2026-10-03 07:45,optimized
EV-015,56,45.4,16.199,False,2026-10-03 08:00,optimized
EV-015,57,45.4,16.199,False,2026-10-03 08:15,optimized
EV-015,58,45.4,16.199,False,2026-10-03 08:30,optimized
EV-015,59,45.4,16.199,False,2026-10-03 08:45,optimized
EV-015,60,45.4,16.199,False,2026-10-03 09:00,optimized
EV-015,61,45.4,16.199,False,2026-10-03 09:15,optimized
EV-015,62,45.4,16.199,False,2026-10-03 09:30,optimized
EV-015,63,45.4,16.199,False,2026-10-03 09:45,optimized
EV-015,64,45.4,16.199,False,2026-10-03 10:00,optimized
EV-015,65,45.4,16.199,False,2026-10-03 10:15,optimized
EV-015,66,45.4,16.199,False,2026-10-03 10:30,optimized
EV-015,67,45.4,16.199,False,2026-10-03 10:45,optimized
EV-015,68,45.4,16.199,False,2026-10-03 11:00,optimized
EV-015,69,45.4,16.199,False,2026-10-03 11:15,optimized
EV-015,70,45.4,16.199,False,2026-10-03 11:30,optimized
EV-015,71,45.4,16.199,False,2026-10-03 11:45,optimized
EV-015,72,45.4,16.199,False,2026-10-03 12:00,optimized
EV-015,73,45.4,16.199,False,2026-10-03 12:15,optimized
EV-015,74,45.4,16.199,False,2026-10-03 12:30,optimized
EV-015,75,45.4,16.199,False,2026-10-03 12:45,optimized
EV-015,76,45.4,16.199,False,2026-10-03 13:00,optimized
EV-015,77,45.4,16.199,False,2026-10-03 13:15,optimized
EV-015,78,45.4,16.199,False,2026-10-03 13:30,optimized
EV-015,79,45.4,16.199,False,2026-10-03 13:45,optimized
EV-015,80,45.4,16.199,False,2026-10-03 14:00,optimized
EV-015,81,45.4,16.199,False,2026-10-03 14:15,optimized
EV-015,82,45.4,16.199,False,2026-10-03 14:30,optimized
EV-015,83,45.4,16.199,False,2026-10-03 14:45,optimized
EV-015,84,45.4,16.199,False,2026-10-03 15:00,optimized
EV-015,85,45.4,16.199,False,2026-10-03 15:15,optimized
EV-015,86,45.4,16.199,False,2026-10-03 15:30,optimized
EV-015,87,45.4,16.199,False,2026-10-03 15:45,optimized
EV-015,88,45.4,16.199,False,2026-10-03 16:00,optimized
EV-015,89,45.4,16.199,False,2026-10-03 16:15,optimized
EV-015,90,45.4,16.199,False,2026-10-03 16:30,optimized
EV-015,91,45.4,16.199,False,2026-10-03 16:45,optimized
EV-015,92,45.4,16.199,False,2026-10-03 17:00,optimized
EV-015,93,45.4,16.199,False,2026-10-03 17:15,optimized
EV-015,94,45.4,16.199,False,2026-10-03 17:30,optimized
EV-015,95,45.4,16.199,False,2026-10-03 17:45,optimized
EV-016,0,41.9,27.863,False,2026-10-02 18:00,optimized
EV-016,1,41.9,27.863,False,2026-10-02 18:15,optimized
EV-016,2,41.9,27.863,False,2026-10-02 18:30,optimized
EV-016,3,41.9,27.863,False,2026-10-02 18:45,optimized
EV-016,4,41.9,27.863,False,2026-10-02 19:00,optimized
EV-016,5,41.9,27.863,False,2026-10-02 19:15,optimized
EV-016,6,41.9,27.863,False,2026-10-02 19:30,optimized
EV-016,7,41.9,27.863,False,2026-10-02 19:45,optimized
EV-016,8,41.9,27.863,False,2026-10-02 20:00,optimized
EV-016,9,41.9,27.863,False,2026-10-02 20:15,optimized
EV-016,10,41.9,27.863,False,2026-10-02 20:30,optimized
EV-016,11,41.9,27.863,False,2026-10-02 20:45,optimized
EV-016,12,41.9,27.863,False,2026-10-02 21:00,optimized
EV-016,13,41.9,27.863,False,2026-10-02 21:15,optimized
EV-016,14,41.9,27.863,False,2026-10-02 21:30,optimized
EV-016,15,41.9,27.863,False,2026-10-02 21:45,optimized
EV-016,16,41.9,27.863,False,2026-10-02 22:00,optimized
EV-016,17,41.9,27.863,False,2026-10-02 22:15,optimized
EV-016,18,41.9,27.863,False,2026-10-02 22:30,optimized
EV-016,19,41.9,27.863,False,2026-10-02 22:45,optimized
EV-016,20,41.9,27.863,False,2026-10-02 23:00,optimized
EV-016,21,41.9,27.863,False,2026-10-02 23:15,optimized
EV-016,22,41.9,27.863,False,2026-10-02 23:30,optimized
EV-016,23,41.9,27.863,False,2026-10-02 23:45,optimized
EV-016,24,41.9,27.863,False,2026-10-03 00:00,optimized
EV-016,25,41.9,27.863,False,2026-10-03 00:15,optimized
EV-016,26,41.9,27.863,False,2026-10-03 00:30,optimized
EV-016,27,41.9,27.863,False,2026-10-03 00:45,optimized
EV-016,28,41.9,27.863,False,2026-10-03 01:00,optimized
EV-016,29,41.9,27.863,False,2026-10-03 01:15,optimized
EV-016,30,41.9,27.863,False,2026-10-03 01:30,optimized
EV-016,31,41.9,27.863,False,2026-10-03 01:45,optimized
EV-016,32,41.9,27.863,False,2026-10-03 02:00,optimized
EV-016,33,41.9,27.863,False,2026-10-03 02:15,optimized
EV-016,34,41.9,27.863,False,2026-10-03 02:30,optimized
EV-016,35,41.9,27.863,False,2026-10-03 02:45,optimized
EV-016,36,41.9,27.863,False,2026-10-03 03:00,optimized
EV-016,37,41.9,27.863,False,2026-10-03 03:15,optimized
EV-016,38,41.9,27.863,False,2026-10-03 03:30,optimized
EV-016,39,41.9,27.863,False,2026-10-03 03:45,optimized
EV-016,40,41.9,27.863,False,2026-10-03 04:00,optimized
EV-016,41,41.9,27.863,False,2026-10-03 04:15,optimized
EV-016,42,41.9,27.863,False,2026-10-03 04:30,optimized
EV-016,43,41.9,27.863,False,2026-10-03 04:45,optimized
EV-016,44,41.9,27.863,False,2026-10-03 05:00,optimized
EV-016,45,41.9,27.863,False,2026-10-03 05:15,optimized
EV-016,46,41.9,27.863,False,2026-10-03 05:30,optimized
EV-016,47,41.9,27.863,False,2026-10-03 05:45,optimized
EV-016,48,41.9,27.863,False,2026-10-03 06:00,optimized
EV-016,49,41.9,27.863,False,2026-10-03 06:15,optimized
EV-016,50,41.9,27.863,False,2026-10-03 06:30,optimized
EV-016,51,41.9,27.863,False,2026-10-03 06:45,optimized
EV-016,52,41.9,27.863,False,2026-10-03 07:00,optimized
EV-016,53,41.9,27.863,False,2026-10-03 07:15,optimized
EV-016,54,41.9,27.863,False,2026-10-03 07:30,optimized
EV-016,55,41.9,27.863,False,2026-10-03 07:45,optimized
EV-016,56,41.9,27.863,False,2026-10-03 08:00,optimized
EV-016,57,41.9,27.863,False,2026-10-03 08:15,optimized
EV-016,58,41.9,27.863,False,2026-10-03 08:30,optimized
EV-016,59,41.9,27.863,False,2026-10-03 08:45,optimized
EV-016,60,41.9,27.863,False,2026-10-03 09:00,optimized
EV-016,61,41.9,27.863,False,2026-10-03 09:15,optimized
EV-016,62,41.9,27.863,False,2026-10-03 09:30,optimized
EV-016,63,41.9,27.863,False,2026-10-03 09:45,optimized
EV-016,64,41.9,27.863,False,2026-10-03 10:00,optimized
EV-016,65,41.9,27.863,False,2026-10-03 10:15,optimized
EV-016,66,41.9,27.863,False,2026-10-03 10:30,optimized
EV-016,67,41.9,27.863,False,2026-10-03 10:45,optimized
EV-016,68,41.9,27.863,False,2026-10-03 11:00,optimized
EV-016,69,41.9,27.863,False,2026-10-03 11:15,optimized
EV-016,70,41.9,27.863,False,2026-10-03 11:30,optimized
EV-016,71,41.9,27.863,False,2026-10-03 11:45,optimized
EV-016,72,41.9,27.863,False,2026-10-03 12:00,optimized
EV-016,73,41.9,27.863,False,2026-10-03 12:15,optimized
EV-016,74,41.9,27.863,False,2026-10-03 12:30,optimized
EV-016,75,41.9,27.863,False,2026-10-03 12:45,optimized
EV-016,76,41.9,27.863,False,2026-10-03 13:00,optimized
EV-016,77,41.9,27.863,False,2026-10-03 13:15,optimized
EV-016,78,41.9,27.863,False,2026-10-03 13:30,optimized
EV-016,79,41.9,27.863,False,2026-10-03 13:45,optimized
EV-016,80,41.9,27.863,False,2026-10-03 14:00,optimized
EV-016,81,41.9,27.863,False,2026-10-03 14:15,optimized
EV-016,82,41.9,27.863,False,2026-10-03 14:30,optimized
EV-016,83,41.9,27.863,False,2026-10-03 14:45,optimized
EV-016,84,41.9,27.863,False,2026-10-03 15:00,optimized
EV-016,85,41.9,27.863,False,2026-10-03 15:15,optimized
EV-016,86,41.9,27.863,False,2026-10-03 15:30,optimized
EV-016,87,41.9,27.863,False,2026-10-03 15:45,optimized
EV-016,88,41.9,27.863,False,2026-10-03 16:00,optimized
EV-016,89,41.9,27.863,False,2026-10-03 16:15,optimized
EV-016,90,41.9,27.863,False,2026-10-03 16:30,optimized
EV-016,91,41.9,27.863,False,2026-10-03 16:45,optimized
EV-016,92,41.9,27.863,False,2026-10-03 17:00,optimized
EV-016,93,41.9,27.863,False,2026-10-03 17:15,optimized
EV-016,94,41.9,27.863,False,2026-10-03 17:30,optimized
EV-016,95,41.9,27.863,False,2026-10-03 17:45,optimized
EV-017,0,42.3,14.619,False,2026-10-02 18:00,optimized
EV-017,1,42.3,14.619,False,2026-10-02 18:15,optimized
EV-017,2,42.3,14.619,False,2026-10-02 18:30,optimized
EV-017,3,42.3,14.619,False,2026-10-02 18:45,optimized
EV-017,4,42.3,14.619,False,2026-10-02 19:00,optimized
EV-017,5,42.3,14.619,False,2026-10-02 19:15,optimized
EV-017,6,42.3,14.619,False,2026-10-02 19:30,optimized
EV-017,7,42.3,14.619,False,2026-10-02 19:45,optimized
EV-017,8,42.3,14.619,False,2026-10-02 20:00,optimized
EV-017,9,42.3,14.619,False,2026-10-02 20:15,optimized
EV-017,10,42.3,14.619,False,2026-10-02 20:30,optimized
EV-017,11,42.3,14.619,False,2026-10-02 20:45,optimized
EV-017,12,42.3,14.619,False,2026-10-02 21:00,optimized
EV-017,13,42.3,14.619,False,2026-10-02 21:15,optimized
EV-017,14,42.3,14.619,False,2026-10-02 21:30,optimized
EV-017,15,42.3,14.619,False,2026-10-02 21:45,optimized
EV-017,16,42.3,14.619,False,2026-10-02 22:00,optimized
EV-017,17,42.3,14.619,False,2026-10-02 22:15,optimized
EV-017,18,42.3,14.619,False,2026-10-02 22:30,optimized
EV-017,19,42.3,14.619,False,2026-10-02 22:45,optimized
EV-017,20,42.3,14.619,False,2026-10-02 23:00,optimized
EV-017,21,42.3,14.619,False,2026-10-02 23:15,optimized
EV-017,22,42.3,14.619,False,2026-10-02 23:30,optimized
EV-017,23,42.3,14.619,False,2026-10-02 23:45,optimized
EV-017,24,42.3,14.619,False,2026-10-03 00:00,optimized
EV-017,25,42.3,14.619,False,2026-10-03 00:15,optimized
EV-017,26,42.3,14.619,False,2026-10-03 00:30,optimized
EV-017,27,42.3,14.619,False,2026-10-03 00:45,optimized
EV-017,28,42.3,14.619,False,2026-10-03 01:00,optimized
EV-017,29,42.3,14.619,False,2026-10-03 01:15,optimized
EV-017,30,42.3,14.619,False,2026-10-03 01:30,optimized
EV-017,31,42.3,14.619,False,2026-10-03 01:45,optimized
EV-017,32,42.3,14.619,False,2026-10-03 02:00,optimized
EV-017,33,42.3,14.619,False,2026-10-03 02:15,optimized
EV-017,34,42.3,14.619,False,2026-10-03 02:30,optimized
EV-017,35,42.3,14.619,False,2026-10-03 02:45,optimized
EV-017,36,42.3,14.619,False,2026-10-03 03:00,optimized
EV-017,37,42.3,14.619,False,2026-10-03 03:15,optimized
EV-017,38,42.3,14.619,False,2026-10-03 03:30,optimized
EV-017,39,42.3,14.619,False,2026-10-03 03:45,optimized
EV-017,40,42.3,14.619,False,2026-10-03 04:00,optimized
EV-017,41,42.3,14.619,False,2026-10-03 04:15,optimized
EV-017,42,42.3,14.619,False,2026-10-03 04:30,optimized
EV-017,43,42.3,14.619,False,2026-10-03 04:45,optimized
EV-017,44,42.3,14.619,False,2026-10-03 05:00,optimized
EV-017,45,42.3,14.619,False,2026-10-03 05:15,optimized
EV-017,46,42.3,14.619,False,2026-10-03 05:30,optimized
EV-017,47,42.3,14.619,False,2026-10-03 05:45,optimized
EV-017,48,42.3,14.619,False,2026-10-03 06:00,optimized
EV-017,49,42.3,14.619,False,2026-10-03 06:15,optimized
EV-017,50,42.3,14.619,False,2026-10-03 06:30,optimized
EV-017,51,42.3,14.619,False,2026-10-03 06:45,optimized
EV-017,52,42.3,14.619,False,2026-10-03 07:00,optimized
EV-017,53,42.3,14.619,False,2026-10-03 07:15,optimized
EV-017,54,42.3,14.619,False,2026-10-03 07:30,optimized
EV-017,55,42.3,14.619,False,2026-10-03 07:45,optimized
EV-017,56,42.3,14.619,False,2026-10-03 08:00,optimized
EV-017,57,42.3,14.619,False,2026-10-03 08:15,optimized
EV-017,58,42.3,14.619,False,2026-10-03 08:30,optimized
EV-017,59,42.3,14.619,False,2026-10-03 08:45,optimized
EV-017,60,42.3,14.619,False,2026-10-03 09:00,optimized
EV-017,61,42.3,14.619,False,2026-10-03 09:15,optimized
EV-017,62,42.3,14.619,False,2026-10-03 09:30,optimized
EV-017,63,42.3,14.619,False,2026-10-03 09:45,optimized
EV-017,64,42.3,14.619,False,2026-10-03 10:00,optimized
EV-017,65,42.3,14.619,False,2026-10-03 10:15,optimized
EV-017,66,42.3,14.619,False,2026-10-03 10:30,optimized
EV-017,67,42.3,14.619,False,2026-10-03 10:45,optimized
EV-017,68,42.3,14.619,False,2026-10-03 11:00,optimized
EV-017,69,42.3,14.619,False,2026-10-03 11:15,optimized
EV-017,70,42.3,14.619,False,2026-10-03 11:30,optimized
EV-017,71,42.3,14.619,False,2026-10-03 11:45,optimized
EV-017,72,42.3,14.619,False,2026-10-03 12:00,optimized
EV-017,73,42.3,14.619,False,2026-10-03 12:15,optimized
EV-017,74,42.3,14.619,False,2026-10-03 12:30,optimized
EV-017,75,42.3,14.619,False,2026-10-03 12:45,optimized
EV-017,76,42.3,14.619,False,2026-10-03 13:00,optimized
EV-017,77,42.3,14.619,False,2026-10-03 13:15,optimized
EV-017,78,42.3,14.619,False,2026-10-03 13:30,optimized
EV-017,79,42.3,14.619,False,2026-10-03 13:45,optimized
EV-017,80,42.3,14.619,False,2026-10-03 14:00,optimized
EV-017,81,42.3,14.619,False,2026-10-03 14:15,optimized
EV-017,82,42.3,14.619,False,2026-10-03 14:30,optimized
EV-017,83,42.3,14.619,False,2026-10-03 14:45,optimized
EV-017,84,42.3,14.619,False,2026-10-03 15:00,optimized
EV-017,85,42.3,14.619,False,2026-10-03 15:15,optimized
EV-017,86,42.3,14.619,False,2026-10-03 15:30,optimized
EV-017,87,42.3,14.619,False,2026-10-03 15:45,optimized
EV-017,88,42.3,14.619,False,2026-10-03 16:00,optimized
EV-017,89,42.3,14.619,False,2026-10-03 16:15,optimized
EV-017,90,42.3,14.619,False,2026-10-03 16:30,optimized
EV-017,91,42.3,14.619,False,2026-10-03 16:45,optimized
EV-017,92,42.3,14.619,False,2026-10-03 17:00,optimized
EV-017,93,42.3,14.619,False,2026-10-03 17:15,optimized
EV-017,94,42.3,14.619,False,2026-10-03 17:30,optimized
EV-017,95,42.3,14.619,False,2026-10-03 17:45,optimized
EV-018,0,45.0,27.5,False,2026-10-02 18:00,optimized
EV-018,1,45.0,27.5,False,2026-10-02 18:15,optimized
EV-018,2,45.0,27.5,False,2026-10-02 18:30,optimized
EV-018,3,45.0,27.5,False,2026-10-02 18:45,optimized
EV-018,4,45.0,27.5,False,2026-10-02 19:00,optimized
EV-018,5,45.0,27.5,False,2026-10-02 19:15,optimized
EV-018,6,45.0,27.5,False,2026-10-02 19:30,optimized
EV-018,7,45.0,27.5,False,2026-10-02 19:45,optimized
EV-018,8,45.0,27.5,False,2026-10-02 20:00,optimized
EV-018,9,45.0,27.5,False,2026-10-02 20:15,optimized
EV-018,10,45.0,27.5,False,2026-10-02 20:30,optimized
EV-018,11,45.0,27.5,False,2026-10-02 20:45,optimized
EV-018,12,45.0,27.5,False,2026-10-02 21:00,optimized
EV-018,13,45.0,27.5,False,2026-10-02 21:15,optimized
EV-018,14,45.0,27.5,False,2026-10-02 21:30,optimized
EV-018,15,45.0,27.5,False,2026-10-02 21:45,optimized
EV-018,16,45.0,27.5,False,2026-10-02 22:00,optimized
EV-018,17,45.0,27.5,False,2026-10-02 22:15,optimized
EV-018,18,45.0,27.5,False,2026-10-02 22:30,optimized
EV-018,19,45.0,27.5,False,2026-10-02 22:45,optimized
EV-018,20,45.0,27.5,False,2026-10-02 23:00,optimized
EV-018,21,45.0,27.5,False,2026-10-02 23:15,optimized
EV-018,22,45.0,27.5,False,2026-10-02 23:30,optimized
EV-018,23,45.0,27.5,False,2026-10-02 23:45,optimized
EV-018,24,45.0,27.5,False,2026-10-03 00:00,optimized
EV-018,25,45.0,27.5,False,2026-10-03 00:15,optimized
EV-018,26,45.0,27.5,False,2026-10-03 00:30,optimized
EV-018,27,45.0,27.5,False,2026-10-03 00:45,optimized
EV-018,28,45.0,27.5,False,2026-10-03 01:00,optimized
EV-018,29,45.0,27.5,False,2026-10-03 01:15,optimized
EV-018,30,45.0,27.5,False,2026-10-03 01:30,optimized
EV-018,31,45.0,27.5,False,2026-10-03 01:45,optimized
EV-018,32,45.0,27.5,False,2026-10-03 02:00,optimized
EV-018,33,45.0,27.5,False,2026-10-03 02:15,optimized
EV-018,34,45.0,27.5,False,2026-10-03 02:30,optimized
EV-018,35,45.0,27.5,False,2026-10-03 02:45,optimized
EV-018,36,45.0,27.5,False,2026-10-03 03:00,optimized
EV-018,37,45.0,27.5,False,2026-10-03 03:15,optimized
EV-018,38,45.0,27.5,False,2026-10-03 03:30,optimized
EV-018,39,45.0,27.5,False,2026-10-03 03:45,optimized
EV-018,40,45.0,27.5,False,2026-10-03 04:00,optimized
EV-018,41,45.0,27.5,False,2026-10-03 04:15,optimized
EV-018,42,45.0,27.5,False,2026-10-03 04:30,optimized
EV-018,43,45.0,27.5,False,2026-10-03 04:45,optimized
EV-018,44,45.0,27.5,False,2026-10-03 05:00,optimized
EV-018,45,45.0,27.5,False,2026-10-03 05:15,optimized
EV-018,46,45.0,27.5,False,2026-10-03 05:30,optimized
EV-018,47,45.0,27.5,False,2026-10-03 05:45,optimized
EV-018,48,45.0,27.5,False,2026-10-03 06:00,optimized
EV-018,49,45.0,27.5,False,2026-10-03 06:15,optimized
EV-018,50,45.0,27.5,False,2026-10-03 06:30,optimized
EV-018,51,45.0,27.5,False,2026-10-03 06:45,optimized
EV-018,52,45.0,27.5,False,2026-10-03 07:00,optimized
EV-018,53,45.0,27.5,False,2026-10-03 07:15,optimized
EV-018,54,45.0,27.5,False,2026-10-03 07:30,optimized
EV-018,55,45.0,27.5,False,2026-10-03 07:45,optimized
EV-018,56,45.0,27.5,False,2026-10-03 08:00,optimized
EV-018,57,45.0,27.5,False,2026-10-03 08:15,optimized
EV-018,58,45.0,27.5,False,2026-10-03 08:30,optimized
EV-018,59,45.0,27.5,False,2026-10-03 08:45,optimized
EV-018,60,45.0,27.5,False,2026-10-03 09:00,optimized
EV-018,61,45.0,27.5,False,2026-10-03 09:15,optimized
EV-018,62,45.0,27.5,False,2026-10-03 09:30,optimized
EV-018,63,45.0,27.5,False,2026-10-03 09:45,optimized
EV-018,64,45.0,27.5,False,2026-10-03 10:00,optimized
EV-018,65,45.0,27.5,False,2026-10-03 10:15,optimized
EV-018,66,45.0,27.5,False,2026-10-03 10:30,optimized
EV-018,67,45.0,27.5,False,2026-10-03 10:45,optimized
EV-018,68,45.0,27.5,False,2026-10-03 11:00,optimized
EV-018,69,45.0,27.5,False,2026-10-03 11:15,optimized
EV-018,70,45.0,27.5,False,2026-10-03 11:30,optimized
EV-018,71,45.0,27.5,False,2026-10-03 11:45,optimized
EV-018,72,45.0,27.5,False,2026-10-03 12:00,optimized
EV-018,73,45.0,27.5,False,2026-10-03 12:15,optimized
EV-018,74,45.0,27.5,False,2026-10-03 12:30,optimized
EV-018,75,45.0,27.5,False,2026-10-03 12:45,optimized
EV-018,76,45.0,27.5,False,2026-10-03 13:00,optimized
EV-018,77,45.0,27.5,False,2026-10-03 13:15,optimized
EV-018,78,45.0,27.5,False,2026-10-03 13:30,optimized
EV-018,79,45.0,27.5,False,2026-10-03 13:45,optimized
EV-018,80,45.0,27.5,False,2026-10-03 14:00,optimized
EV-018,81,45.0,27.5,False,2026-10-03 14:15,optimized
EV-018,82,45.0,27.5,False,2026-10-03 14:30,optimized
EV-018,83,45.0,27.5,False,2026-10-03 14:45,optimized
EV-018,84,45.0,27.5,False,2026-10-03 15:00,optimized
EV-018,85,45.0,27.5,False,2026-10-03 15:15,optimized
EV-018,86,45.0,27.5,False,2026-10-03 15:30,optimized
EV-018,87,45.0,27.5,False,2026-10-03 15:45,optimized
EV-018,88,45.0,27.5,False,2026-10-03 16:00,optimized
EV-018,89,45.0,27.5,False,2026-10-03 16:15,optimized
EV-018,90,45.0,27.5,False,2026-10-03 16:30,optimized
EV-018,91,45.0,27.5,False,2026-10-03 16:45,optimized
EV-018,92,45.0,27.5,False,2026-10-03 17:00,optimized
EV-018,93,45.0,27.5,False,2026-10-03 17:15,optimized
EV-018,94,45.0,27.5,False,2026-10-03 17:30,optimized
EV-018,95,45.0,27.5,False,2026-10-03 17:45,optimized
EV-019,0,13.3,5.027,False,2026-10-02 18:00,optimized
EV-019,1,13.3,5.027,False,2026-10-02 18:15,optimized
EV-019,2,13.3,5.027,False,2026-10-02 18:30,optimized
EV-019,3,13.3,5.027,False,2026-10-02 18:45,optimized
EV-019,4,13.3,5.027,False,2026-10-02 19:00,optimized
EV-019,5,13.3,5.027,False,2026-10-02 19:15,optimized
EV-019,6,13.3,5.027,False,2026-10-02 19:30,optimized
EV-019,7,13.3,5.027,False,2026-10-02 19:45,optimized
EV-019,8,13.3,5.027,False,2026-10-02 20:00,optimized
EV-019,9,13.3,5.027,False,2026-10-02 20:15,optimized
EV-019,10,13.3,5.027,False,2026-10-02 20:30,optimized
EV-019,11,13.3,5.027,False,2026-10-02 20:45,optimized
EV-019,12,13.3,5.027,False,2026-10-02 21:00,optimized
EV-019,13,13.3,5.027,False,2026-10-02 21:15,optimized
EV-019,14,13.3,5.027,False,2026-10-02 21:30,optimized
EV-019,15,13.3,5.027,False,2026-10-02 21:45,optimized
EV-019,16,13.3,5.027,False,2026-10-02 22:00,optimized
EV-019,17,13.3,5.027,False,2026-10-02 22:15,optimized
EV-019,18,13.3,5.027,False,2026-10-02 22:30,optimized
EV-019,19,13.3,5.027,False,2026-10-02 22:45,optimized
EV-019,20,13.3,5.027,False,2026-10-02 23:00,optimized
EV-019,21,13.3,5.027,False,2026-10-02 23:15,optimized
EV-019,22,13.3,5.027,False,2026-10-02 23:30,optimized
EV-019,23,13.3,5.027,False,2026-10-02 23:45,optimized
EV-019,24,13.3,5.027,False,2026-10-03 00:00,optimized
EV-019,25,13.3,5.027,False,2026-10-03 00:15,optimized
EV-019,26,13.3,5.027,False,2026-10-03 00:30,optimized
EV-019,27,13.3,5.027,False,2026-10-03 00:45,optimized
EV-019,28,13.3,5.027,False,2026-10-03 01:00,optimized
EV-019,29,13.3,5.027,False,2026-10-03 01:15,optimized
EV-019,30,13.3,5.027,False,2026-10-03 01:30,optimized
EV-019,31,13.3,5.027,False,2026-10-03 01:45,optimized
EV-019,32,13.3,5.027,False,2026-10-03 02:00,optimized
EV-019,33,13.3,5.027,False,2026-10-03 02:15,optimized
EV-019,34,13.3,5.027,False,2026-10-03 02:30,optimized
EV-019,35,13.3,5.027,False,2026-10-03 02:45,optimized
EV-019,36,13.3,5.027,False,2026-10-03 03:00,optimized
EV-019,37,13.3,5.027,False,2026-10-03 03:15,optimized
EV-019,38,13.3,5.027,False,2026-10-03 03:30,optimized
EV-019,39,13.3,5.027,False,2026-10-03 03:45,optimized
EV-019,40,13.3,5.027,False,2026-10-03 04:00,optimized
EV-019,41,13.3,5.027,False,2026-10-03 04:15,optimized
EV-019,42,13.3,5.027,False,2026-10-03 04:30,optimized
EV-019,43,13.3,5.027,False,2026-10-03 04:45,optimized
EV-019,44,13.3,5.027,False,2026-10-03 05:00,optimized
EV-019,45,13.3,5.027,False,2026-10-03 05:15,optimized
EV-019,46,13.3,5.027,False,2026-10-03 05:30,optimized
EV-019,47,13.3,5.027,False,2026-10-03 05:45,optimized
EV-019,48,13.3,5.027,False,2026-10-03 06:00,optimized
EV-019,49,13.3,5.027,False,2026-10-03 06:15,optimized
EV-019,50,13.3,5.027,False,2026-10-03 06:30,optimized
EV-019,51,13.3,5.027,False,2026-10-03 06:45,optimized
EV-019,52,13.3,5.027,False,2026-10-03 07:00,optimized
EV-019,53,13.3,5.027,False,2026-10-03 07:15,optimized
EV-019,54,13.3,5.027,False,2026-10-03 07:30,optimized
EV-019,55,13.3,5.027,False,2026-10-03 07:45,optimized
EV-019,56,13.3,5.027,False,2026-10-03 08:00,optimized
EV-019,57,13.3,5.027,False,2026-10-03 08:15,optimized
EV-019,58,13.3,5.027,False,2026-10-03 08:30,optimized
EV-019,59,13.3,5.027,False,2026-10-03 08:45,optimized
EV-019,60,13.3,5.027,False,2026-10-03 09:00,optimized
EV-019,61,13.3,5.027,False,2026-10-03 09:15,optimized
EV-019,62,13.3,5.027,False,2026-10-03 09:30,optimized
EV-019,63,13.3,5.027,False,2026-10-03 09:45,optimized
EV-019,64,13.3,5.027,False,2026-10-03 10:00,optimized
EV-019,65,13.3,5.027,False,2026-10-03 10:15,optimized
EV-019,66,13.3,5.027,False,2026-10-03 10:30,optimized
EV-019,67,13.3,5.027,False,2026-10-03 10:45,optimized
EV-019,68,13.3,5.027,False,2026-10-03 11:00,optimized
EV-019,69,13.3,5.027,False,2026-10-03 11:15,optimized
EV-019,70,13.3,5.027,False,2026-10-03 11:30,optimized
EV-019,71,13.3,5.027,False,2026-10-03 11:45,optimized
EV-019,72,13.3,5.027,False,2026-10-03 12:00,optimized
EV-019,73,13.3,5.027,False,2026-10-03 12:15,optimized
EV-019,74,13.3,5.027,False,2026-10-03 12:30,optimized
EV-019,75,13.3,5.027,False,2026-10-03 12:45,optimized
EV-019,76,13.3,5.027,False,2026-10-03 13:00,optimized
EV-019,77,13.3,5.027,False,2026-10-03 13:15,optimized
EV-019,78,13.3,5.027,False,2026-10-03 13:30,optimized
EV-019,79,13.3,5.027,False,2026-10-03 13:45,optimized
EV-019,80,13.3,5.027,False,2026-10-03 14:00,optimized
EV-019,81,13.3,5.027,False,2026-10-03 14:15,optimized
EV-019,82,13.3,5.027,False,2026-10-03 14:30,optimized
EV-019,83,13.3,5.027,False,2026-10-03 14:45,optimized
EV-019,84,13.3,5.027,False,2026-10-03 15:00,optimized
EV-019,85,13.3,5.027,False,2026-10-03 15:15,optimized
EV-019,86,13.3,5.027,False,2026-10-03 15:30,optimized
EV-019,87,13.3,5.027,False,2026-10-03 15:45,optimized
EV-019,88,13.3,5.027,False,2026-10-03 16:00,optimized
EV-019,89,13.3,5.027,False,2026-10-03 16:15,optimized
EV-019,90,13.3,5.027,False,2026-10-03 16:30,optimized
EV-019,91,13.3,5.027,False,2026-10-03 16:45,optimized
EV-019,92,13.3,5.027,False,2026-10-03 17:00,optimized
EV-019,93,13.3,5.027,False,2026-10-03 17:15,optimized
EV-019,94,13.3,5.027,False,2026-10-03 17:30,optimized
EV-019,95,13.3,5.027,False,2026-10-03 17:45,optimized
EV-020,0,29.3,34.668,False,2026-10-02 18:00,optimized
EV-020,1,29.3,34.668,False,2026-10-02 18:15,optimized
EV-020,2,29.3,34.668,False,2026-10-02 18:30,optimized
EV-020,3,29.3,34.668,False,2026-10-02 18:45,optimized
EV-020,4,31.5,37.312,False,2026-10-02 19:00,optimized
EV-020,5,33.8,39.955,False,2026-10-02 19:15,optimized
EV-020,6,33.8,39.955,False,2026-10-02 19:30,optimized
EV-020,7,36.0,42.599,False,2026-10-02 19:45,optimized
EV-020,8,36.0,42.599,False,2026-10-02 20:00,optimized
EV-020,9,36.0,42.599,False,2026-10-02 20:15,optimized
EV-020,10,36.0,42.599,False,2026-10-02 20:30,optimized
EV-020,11,36.0,42.599,False,2026-10-02 20:45,optimized
EV-020,12,36.0,42.599,False,2026-10-02 21:00,optimized
EV-020,13,36.0,42.599,False,2026-10-02 21:15,optimized
EV-020,14,38.2,45.243,False,2026-10-02 21:30,optimized
EV-020,15,40.5,47.886,False,2026-10-02 21:45,optimized
EV-020,16,42.1,49.787,False,2026-10-02 22:00,optimized
EV-020,17,42.1,49.787,False,2026-10-02 22:15,optimized
EV-020,18,44.3,52.431,False,2026-10-02 22:30,optimized
EV-020,19,46.5,55.074,False,2026-10-02 22:45,optimized
EV-020,20,48.8,57.718,False,2026-10-02 23:00,optimized
EV-020,21,48.8,57.718,False,2026-10-02 23:15,optimized
EV-020,22,48.8,57.718,False,2026-10-02 23:30,optimized
EV-020,23,51.0,60.362,False,2026-10-02 23:45,optimized
EV-020,24,51.0,60.362,False,2026-10-03 00:00,optimized
EV-020,25,51.0,60.362,False,2026-10-03 00:15,optimized
EV-020,26,51.0,60.362,False,2026-10-03 00:30,optimized
EV-020,27,51.0,60.362,False,2026-10-03 00:45,optimized
EV-020,28,51.0,60.362,False,2026-10-03 01:00,optimized
EV-020,29,51.0,60.362,False,2026-10-03 01:15,optimized
EV-020,30,51.0,60.362,False,2026-10-03 01:30,optimized
EV-020,31,51.0,60.362,False,2026-10-03 01:45,optimized
EV-020,32,51.0,60.362,False,2026-10-03 02:00,optimized
EV-020,33,51.0,60.362,False,2026-10-03 02:15,optimized
EV-020,34,53.3,63.005,False,2026-10-03 02:30,optimized
EV-020,35,55.5,65.649,False,2026-10-03 02:45,optimized
EV-020,36,57.7,68.293,False,2026-10-03 03:00,optimized
EV-020,37,57.7,68.293,False,2026-10-03 03:15,optimized
EV-020,38,60.0,70.936,False,2026-10-03 03:30,optimized
EV-020,39,62.2,73.58,False,2026-10-03 03:45,optimized
EV-020,40,62.2,73.58,False,2026-10-03 04:00,optimized
EV-020,41,62.2,73.58,False,2026-10-03 04:15,optimized
EV-020,42,64.4,76.224,False,2026-10-03 04:30,optimized
EV-020,43,66.7,78.867,False,2026-10-03 04:45,optimized
EV-020,44,68.9,81.511,False,2026-10-03 05:00,optimized
EV-020,45,71.1,84.155,False,2026-10-03 05:15,optimized
EV-020,46,73.4,86.798,False,2026-10-03 05:30,optimized
EV-020,47,75.6,89.442,False,2026-10-03 05:45,optimized
EV-020,48,77.8,92.086,False,2026-10-03 06:00,optimized
EV-020,49,77.8,92.086,False,2026-10-03 06:15,optimized
EV-020,50,80.1,94.729,False,2026-10-03 06:30,optimized
EV-020,51,82.3,97.373,False,2026-10-03 06:45,optimized
EV-020,52,84.5,100.017,False,2026-10-03 07:00,optimized
EV-020,53,86.8,102.66,False,2026-10-03 07:15,optimized
EV-020,54,89.0,105.304,False,2026-10-03 07:30,optimized
EV-020,55,89.0,105.304,True,2026-10-03 07:45,optimized
EV-020,56,89.0,105.304,True,2026-10-03 08:00,optimized
EV-020,57,89.0,105.304,True,2026-10-03 08:15,optimized
EV-020,58,89.0,105.304,True,2026-10-03 08:30,optimized
EV-020,59,89.0,105.304,True,2026-10-03 08:45,optimized
EV-020,60,89.0,105.304,True,2026-10-03 09:00,optimized
EV-020,61,89.0,105.304,True,2026-10-03 09:15,optimized
EV-020,62,89.0,105.304,True,2026-10-03 09:30,optimized
EV-020,63,89.0,105.304,True,2026-10-03 09:45,optimized
EV-020,64,89.0,105.304,True,2026-10-03 10:00,optimized
EV-020,65,89.0,105.304,True,2026-10-03 10:15,optimized
EV-020,66,89.0,105.304,True,2026-10-03 10:30,optimized
EV-020,67,89.0,105.304,True,2026-10-03 10:45,optimized
EV-020,68,89.0,105.304,True,2026-10-03 11:00,optimized
EV-020,69,89.0,105.304,True,2026-10-03 11:15,optimized
EV-020,70,89.0,105.304,True,2026-10-03 11:30,optimized
EV-020,71,89.0,105.304,True,2026-10-03 11:45,optimized
EV-020,72,89.0,105.304,True,2026-10-03 12:00,optimized
EV-020,73,89.0,105.304,True,2026-10-03 12:15,optimized
EV-020,74,89.0,105.304,True,2026-10-03 12:30,optimized
EV-020,75,15.0,17.748,False,2026-10-03 12:45,optimized
EV-020,76,15.0,17.748,False,2026-10-03 13:00,optimized
EV-020,77,15.0,17.748,False,2026-10-03 13:15,optimized
EV-020,78,15.0,17.748,False,2026-10-03 13:30,optimized
EV-020,79,15.0,17.748,False,2026-10-03 13:45,optimized
EV-020,80,15.0,17.748,False,2026-10-03 14:00,optimized
EV-020,81,15.0,17.748,False,2026-10-03 14:15,optimized
EV-020,82,15.0,17.748,False,2026-10-03 14:30,optimized
EV-020,83,15.0,17.748,False,2026-10-03 14:45,optimized
EV-020,84,15.0,17.748,False,2026-10-03 15:00,optimized
EV-020,85,15.0,17.748,False,2026-10-03 15:15,optimized
EV-020,86,15.0,17.748,False,2026-10-03 15:30,optimized
EV-020,87,15.0,17.748,False,2026-10-03 15:45,optimized
EV-020,88,15.0,17.748,False,2026-10-03 16:00,optimized
EV-020,89,15.0,17.748,False,2026-10-03 16:15,optimized
EV-020,90,15.0,17.748,False,2026-10-03 16:30,optimized
EV-020,91,15.0,17.748,False,2026-10-03 16:45,optimized
EV-020,92,15.0,17.748,False,2026-10-03 17:00,optimized
EV-020,93,15.0,17.748,False,2026-10-03 17:15,optimized
EV-020,94,15.0,17.748,False,2026-10-03 17:30,optimized
EV-020,95,15.0,17.748,False,2026-10-03 17:45,optimized
